insurer_code,plan_name,plan_tier,sex,age,premium,period_days,value_origin,source_value,source_period_days,transformation,transformation_reason,source_reference,collected_at
DB,고급형,2,F,19,3440,1,DIRECT_QUOTE,3440,1,,,insurer_premiums_2026-08.xlsx#db!E41,2026-08-23
DB,고급형,2,F,20,3460,1,DIRECT_QUOTE,3460,1,,,insurer_premiums_2026-08.xlsx#db!E43,2026-08-23
DB,고급형,2,F,21,3510,1,DIRECT_QUOTE,3510,1,,,insurer_premiums_2026-08.xlsx#db!E45,2026-08-23
DB,고급형,2,F,22,3580,1,DIRECT_QUOTE,3580,1,,,insurer_premiums_2026-08.xlsx#db!E47,2026-08-23
DB,고급형,2,F,23,3660,1,DIRECT_QUOTE,3660,1,,,insurer_premiums_2026-08.xlsx#db!E49,2026-08-23
DB,고급형,2,F,24,3720,1,DIRECT_QUOTE,3720,1,,,insurer_premiums_2026-08.xlsx#db!E51,2026-08-23
DB,고급형,2,F,25,3770,1,DIRECT_QUOTE,3770,1,,,insurer_premiums_2026-08.xlsx#db!E53,2026-08-23
DB,고급형,2,F,26,3800,1,DIRECT_QUOTE,3800,1,,,insurer_premiums_2026-08.xlsx#db!E55,2026-08-23
DB,고급형,2,F,27,3800,1,DIRECT_QUOTE,3800,1,,,insurer_premiums_2026-08.xlsx#db!E57,2026-08-23
DB,고급형,2,F,28,3780,1,DIRECT_QUOTE,3780,1,,,insurer_premiums_2026-08.xlsx#db!E59,2026-08-23
DB,고급형,2,F,29,3740,1,DIRECT_QUOTE,3740,1,,,insurer_premiums_2026-08.xlsx#db!E61,2026-08-23
DB,고급형,2,F,30,3720,1,DIRECT_QUOTE,3720,1,,,insurer_premiums_2026-08.xlsx#db!E63,2026-08-23
DB,고급형,2,F,31,3740,1,DIRECT_QUOTE,3740,1,,,insurer_premiums_2026-08.xlsx#db!E65,2026-08-23
DB,고급형,2,F,32,3810,1,DIRECT_QUOTE,3810,1,,,insurer_premiums_2026-08.xlsx#db!E67,2026-08-23
DB,고급형,2,F,33,3910,1,DIRECT_QUOTE,3910,1,,,insurer_premiums_2026-08.xlsx#db!E69,2026-08-23
DB,고급형,2,F,34,4030,1,DIRECT_QUOTE,4030,1,,,insurer_premiums_2026-08.xlsx#db!E71,2026-08-23
DB,고급형,2,F,35,4190,1,DIRECT_QUOTE,4190,1,,,insurer_premiums_2026-08.xlsx#db!E73,2026-08-23
DB,고급형,2,F,36,4370,1,DIRECT_QUOTE,4370,1,,,insurer_premiums_2026-08.xlsx#db!E75,2026-08-23
DB,고급형,2,F,37,4470,1,DIRECT_QUOTE,4470,1,,,insurer_premiums_2026-08.xlsx#db!E77,2026-08-23
DB,고급형,2,F,38,4490,1,DIRECT_QUOTE,4490,1,,,insurer_premiums_2026-08.xlsx#db!E79,2026-08-23
DB,고급형,2,F,39,4450,1,DIRECT_QUOTE,4450,1,,,insurer_premiums_2026-08.xlsx#db!E81,2026-08-23
DB,고급형,2,F,40,4430,1,DIRECT_QUOTE,4430,1,,,insurer_premiums_2026-08.xlsx#db!E83,2026-08-23
DB,고급형,2,F,41,4560,1,DIRECT_QUOTE,4560,1,,,insurer_premiums_2026-08.xlsx#db!E85,2026-08-23
DB,고급형,2,F,42,4730,1,DIRECT_QUOTE,4730,1,,,insurer_premiums_2026-08.xlsx#db!E87,2026-08-23
DB,고급형,2,F,43,4900,1,DIRECT_QUOTE,4900,1,,,insurer_premiums_2026-08.xlsx#db!E89,2026-08-23
DB,고급형,2,F,44,5080,1,DIRECT_QUOTE,5080,1,,,insurer_premiums_2026-08.xlsx#db!E91,2026-08-23
DB,고급형,2,F,45,5260,1,DIRECT_QUOTE,5260,1,,,insurer_premiums_2026-08.xlsx#db!E93,2026-08-23
DB,고급형,2,F,46,5440,1,DIRECT_QUOTE,5440,1,,,insurer_premiums_2026-08.xlsx#db!E95,2026-08-23
DB,고급형,2,F,47,5650,1,DIRECT_QUOTE,5650,1,,,insurer_premiums_2026-08.xlsx#db!E97,2026-08-23
DB,고급형,2,F,48,5860,1,DIRECT_QUOTE,5860,1,,,insurer_premiums_2026-08.xlsx#db!E99,2026-08-23
DB,고급형,2,F,49,6080,1,DIRECT_QUOTE,6080,1,,,insurer_premiums_2026-08.xlsx#db!E101,2026-08-23
DB,고급형,2,F,50,6290,1,DIRECT_QUOTE,6290,1,,,insurer_premiums_2026-08.xlsx#db!E103,2026-08-23
DB,고급형,2,F,51,6530,1,DIRECT_QUOTE,6530,1,,,insurer_premiums_2026-08.xlsx#db!E105,2026-08-23
DB,고급형,2,F,52,6790,1,DIRECT_QUOTE,6790,1,,,insurer_premiums_2026-08.xlsx#db!E107,2026-08-23
DB,고급형,2,F,53,7060,1,DIRECT_QUOTE,7060,1,,,insurer_premiums_2026-08.xlsx#db!E109,2026-08-23
DB,고급형,2,F,54,7340,1,DIRECT_QUOTE,7340,1,,,insurer_premiums_2026-08.xlsx#db!E111,2026-08-23
DB,고급형,2,F,55,7620,1,DIRECT_QUOTE,7620,1,,,insurer_premiums_2026-08.xlsx#db!E113,2026-08-23
DB,고급형,2,F,56,7960,1,DIRECT_QUOTE,7960,1,,,insurer_premiums_2026-08.xlsx#db!E115,2026-08-23
DB,고급형,2,F,57,8380,1,DIRECT_QUOTE,8380,1,,,insurer_premiums_2026-08.xlsx#db!E117,2026-08-23
DB,고급형,2,F,58,8860,1,DIRECT_QUOTE,8860,1,,,insurer_premiums_2026-08.xlsx#db!E119,2026-08-23
DB,고급형,2,F,59,9350,1,DIRECT_QUOTE,9350,1,,,insurer_premiums_2026-08.xlsx#db!E121,2026-08-23
DB,고급형,2,F,60,9830,1,DIRECT_QUOTE,9830,1,,,insurer_premiums_2026-08.xlsx#db!E123,2026-08-23
DB,고급형,2,F,61,10360,1,DIRECT_QUOTE,10360,1,,,insurer_premiums_2026-08.xlsx#db!E125,2026-08-23
DB,고급형,2,F,62,10930,1,DIRECT_QUOTE,10930,1,,,insurer_premiums_2026-08.xlsx#db!E127,2026-08-23
DB,고급형,2,F,63,11550,1,DIRECT_QUOTE,11550,1,,,insurer_premiums_2026-08.xlsx#db!E129,2026-08-23
DB,고급형,2,F,64,12180,1,DIRECT_QUOTE,12180,1,,,insurer_premiums_2026-08.xlsx#db!E131,2026-08-23
DB,고급형,2,F,65,12800,1,DIRECT_QUOTE,12800,1,,,insurer_premiums_2026-08.xlsx#db!E133,2026-08-23
DB,고급형,2,F,66,13430,1,DIRECT_QUOTE,13430,1,,,insurer_premiums_2026-08.xlsx#db!E135,2026-08-23
DB,고급형,2,F,67,13870,1,DIRECT_QUOTE,13870,1,,,insurer_premiums_2026-08.xlsx#db!E137,2026-08-23
DB,고급형,2,F,68,14320,1,DIRECT_QUOTE,14320,1,,,insurer_premiums_2026-08.xlsx#db!E139,2026-08-23
DB,고급형,2,F,69,14750,1,DIRECT_QUOTE,14750,1,,,insurer_premiums_2026-08.xlsx#db!E141,2026-08-23
DB,고급형,2,F,70,15180,1,DIRECT_QUOTE,15180,1,,,insurer_premiums_2026-08.xlsx#db!E143,2026-08-23
DB,고급형,2,F,71,15700,1,DIRECT_QUOTE,15700,1,,,insurer_premiums_2026-08.xlsx#db!E145,2026-08-23
DB,고급형,2,F,72,16260,1,DIRECT_QUOTE,16260,1,,,insurer_premiums_2026-08.xlsx#db!E147,2026-08-23
DB,고급형,2,F,73,16930,1,DIRECT_QUOTE,16930,1,,,insurer_premiums_2026-08.xlsx#db!E149,2026-08-23
DB,고급형,2,F,74,17640,1,DIRECT_QUOTE,17640,1,,,insurer_premiums_2026-08.xlsx#db!E151,2026-08-23
DB,고급형,2,F,75,18310,1,DIRECT_QUOTE,18310,1,,,insurer_premiums_2026-08.xlsx#db!E153,2026-08-23
DB,고급형,2,F,76,19030,1,DIRECT_QUOTE,19030,1,,,insurer_premiums_2026-08.xlsx#db!E155,2026-08-23
DB,고급형,2,F,77,19370,1,DIRECT_QUOTE,19370,1,,,insurer_premiums_2026-08.xlsx#db!E157,2026-08-23
DB,고급형,2,F,78,19750,1,DIRECT_QUOTE,19750,1,,,insurer_premiums_2026-08.xlsx#db!E159,2026-08-23
DB,고급형,2,F,79,20080,1,DIRECT_QUOTE,20080,1,,,insurer_premiums_2026-08.xlsx#db!E161,2026-08-23
DB,고급형,2,M,19,4010,1,DIRECT_QUOTE,4010,1,,,insurer_premiums_2026-08.xlsx#db!E40,2026-08-23
DB,고급형,2,M,20,3950,1,DIRECT_QUOTE,3950,1,,,insurer_premiums_2026-08.xlsx#db!E42,2026-08-23
DB,고급형,2,M,21,3930,1,DIRECT_QUOTE,3930,1,,,insurer_premiums_2026-08.xlsx#db!E44,2026-08-23
DB,고급형,2,M,22,3950,1,DIRECT_QUOTE,3950,1,,,insurer_premiums_2026-08.xlsx#db!E46,2026-08-23
DB,고급형,2,M,23,3980,1,DIRECT_QUOTE,3980,1,,,insurer_premiums_2026-08.xlsx#db!E48,2026-08-23
DB,고급형,2,M,24,4020,1,DIRECT_QUOTE,4020,1,,,insurer_premiums_2026-08.xlsx#db!E50,2026-08-23
DB,고급형,2,M,25,4050,1,DIRECT_QUOTE,4050,1,,,insurer_premiums_2026-08.xlsx#db!E52,2026-08-23
DB,고급형,2,M,26,4090,1,DIRECT_QUOTE,4090,1,,,insurer_premiums_2026-08.xlsx#db!E54,2026-08-23
DB,고급형,2,M,27,4140,1,DIRECT_QUOTE,4140,1,,,insurer_premiums_2026-08.xlsx#db!E56,2026-08-23
DB,고급형,2,M,28,4180,1,DIRECT_QUOTE,4180,1,,,insurer_premiums_2026-08.xlsx#db!E58,2026-08-23
DB,고급형,2,M,29,4230,1,DIRECT_QUOTE,4230,1,,,insurer_premiums_2026-08.xlsx#db!E60,2026-08-23
DB,고급형,2,M,30,4270,1,DIRECT_QUOTE,4270,1,,,insurer_premiums_2026-08.xlsx#db!E62,2026-08-23
DB,고급형,2,M,31,4330,1,DIRECT_QUOTE,4330,1,,,insurer_premiums_2026-08.xlsx#db!E64,2026-08-23
DB,고급형,2,M,32,4410,1,DIRECT_QUOTE,4410,1,,,insurer_premiums_2026-08.xlsx#db!E66,2026-08-23
DB,고급형,2,M,33,4510,1,DIRECT_QUOTE,4510,1,,,insurer_premiums_2026-08.xlsx#db!E68,2026-08-23
DB,고급형,2,M,34,4610,1,DIRECT_QUOTE,4610,1,,,insurer_premiums_2026-08.xlsx#db!E70,2026-08-23
DB,고급형,2,M,35,4730,1,DIRECT_QUOTE,4730,1,,,insurer_premiums_2026-08.xlsx#db!E72,2026-08-23
DB,고급형,2,M,36,4850,1,DIRECT_QUOTE,4850,1,,,insurer_premiums_2026-08.xlsx#db!E74,2026-08-23
DB,고급형,2,M,37,4930,1,DIRECT_QUOTE,4930,1,,,insurer_premiums_2026-08.xlsx#db!E76,2026-08-23
DB,고급형,2,M,38,4770,1,DIRECT_QUOTE,4770,1,,,insurer_premiums_2026-08.xlsx#db!E78,2026-08-23
DB,고급형,2,M,39,4540,1,DIRECT_QUOTE,4540,1,,,insurer_premiums_2026-08.xlsx#db!E80,2026-08-23
DB,고급형,2,M,40,4360,1,DIRECT_QUOTE,4360,1,,,insurer_premiums_2026-08.xlsx#db!E82,2026-08-23
DB,고급형,2,M,41,4390,1,DIRECT_QUOTE,4390,1,,,insurer_premiums_2026-08.xlsx#db!E84,2026-08-23
DB,고급형,2,M,42,4540,1,DIRECT_QUOTE,4540,1,,,insurer_premiums_2026-08.xlsx#db!E86,2026-08-23
DB,고급형,2,M,43,4690,1,DIRECT_QUOTE,4690,1,,,insurer_premiums_2026-08.xlsx#db!E88,2026-08-23
DB,고급형,2,M,44,4850,1,DIRECT_QUOTE,4850,1,,,insurer_premiums_2026-08.xlsx#db!E90,2026-08-23
DB,고급형,2,M,45,5000,1,DIRECT_QUOTE,5000,1,,,insurer_premiums_2026-08.xlsx#db!E92,2026-08-23
DB,고급형,2,M,46,5180,1,DIRECT_QUOTE,5180,1,,,insurer_premiums_2026-08.xlsx#db!E94,2026-08-23
DB,고급형,2,M,47,5400,1,DIRECT_QUOTE,5400,1,,,insurer_premiums_2026-08.xlsx#db!E96,2026-08-23
DB,고급형,2,M,48,5640,1,DIRECT_QUOTE,5640,1,,,insurer_premiums_2026-08.xlsx#db!E98,2026-08-23
DB,고급형,2,M,49,5890,1,DIRECT_QUOTE,5890,1,,,insurer_premiums_2026-08.xlsx#db!E100,2026-08-23
DB,고급형,2,M,50,6130,1,DIRECT_QUOTE,6130,1,,,insurer_premiums_2026-08.xlsx#db!E102,2026-08-23
DB,고급형,2,M,51,6410,1,DIRECT_QUOTE,6410,1,,,insurer_premiums_2026-08.xlsx#db!E104,2026-08-23
DB,고급형,2,M,52,6740,1,DIRECT_QUOTE,6740,1,,,insurer_premiums_2026-08.xlsx#db!E106,2026-08-23
DB,고급형,2,M,53,7100,1,DIRECT_QUOTE,7100,1,,,insurer_premiums_2026-08.xlsx#db!E108,2026-08-23
DB,고급형,2,M,54,7460,1,DIRECT_QUOTE,7460,1,,,insurer_premiums_2026-08.xlsx#db!E110,2026-08-23
DB,고급형,2,M,55,7820,1,DIRECT_QUOTE,7820,1,,,insurer_premiums_2026-08.xlsx#db!E112,2026-08-23
DB,고급형,2,M,56,8210,1,DIRECT_QUOTE,8210,1,,,insurer_premiums_2026-08.xlsx#db!E114,2026-08-23
DB,고급형,2,M,57,8660,1,DIRECT_QUOTE,8660,1,,,insurer_premiums_2026-08.xlsx#db!E116,2026-08-23
DB,고급형,2,M,58,9140,1,DIRECT_QUOTE,9140,1,,,insurer_premiums_2026-08.xlsx#db!E118,2026-08-23
DB,고급형,2,M,59,9620,1,DIRECT_QUOTE,9620,1,,,insurer_premiums_2026-08.xlsx#db!E120,2026-08-23
DB,고급형,2,M,60,10110,1,DIRECT_QUOTE,10110,1,,,insurer_premiums_2026-08.xlsx#db!E122,2026-08-23
DB,고급형,2,M,61,10600,1,DIRECT_QUOTE,10600,1,,,insurer_premiums_2026-08.xlsx#db!E124,2026-08-23
DB,고급형,2,M,62,11100,1,DIRECT_QUOTE,11100,1,,,insurer_premiums_2026-08.xlsx#db!E126,2026-08-23
DB,고급형,2,M,63,11610,1,DIRECT_QUOTE,11610,1,,,insurer_premiums_2026-08.xlsx#db!E128,2026-08-23
DB,고급형,2,M,64,12120,1,DIRECT_QUOTE,12120,1,,,insurer_premiums_2026-08.xlsx#db!E130,2026-08-23
DB,고급형,2,M,65,12620,1,DIRECT_QUOTE,12620,1,,,insurer_premiums_2026-08.xlsx#db!E132,2026-08-23
DB,고급형,2,M,66,13140,1,DIRECT_QUOTE,13140,1,,,insurer_premiums_2026-08.xlsx#db!E134,2026-08-23
DB,고급형,2,M,67,13520,1,DIRECT_QUOTE,13520,1,,,insurer_premiums_2026-08.xlsx#db!E136,2026-08-23
DB,고급형,2,M,68,13920,1,DIRECT_QUOTE,13920,1,,,insurer_premiums_2026-08.xlsx#db!E138,2026-08-23
DB,고급형,2,M,69,14290,1,DIRECT_QUOTE,14290,1,,,insurer_premiums_2026-08.xlsx#db!E140,2026-08-23
DB,고급형,2,M,70,14660,1,DIRECT_QUOTE,14660,1,,,insurer_premiums_2026-08.xlsx#db!E142,2026-08-23
DB,고급형,2,M,71,15050,1,DIRECT_QUOTE,15050,1,,,insurer_premiums_2026-08.xlsx#db!E144,2026-08-23
DB,고급형,2,M,72,15420,1,DIRECT_QUOTE,15420,1,,,insurer_premiums_2026-08.xlsx#db!E146,2026-08-23
DB,고급형,2,M,73,15820,1,DIRECT_QUOTE,15820,1,,,insurer_premiums_2026-08.xlsx#db!E148,2026-08-23
DB,고급형,2,M,74,16210,1,DIRECT_QUOTE,16210,1,,,insurer_premiums_2026-08.xlsx#db!E150,2026-08-23
DB,고급형,2,M,75,16600,1,DIRECT_QUOTE,16600,1,,,insurer_premiums_2026-08.xlsx#db!E152,2026-08-23
DB,고급형,2,M,76,17000,1,DIRECT_QUOTE,17000,1,,,insurer_premiums_2026-08.xlsx#db!E154,2026-08-23
DB,고급형,2,M,77,17340,1,DIRECT_QUOTE,17340,1,,,insurer_premiums_2026-08.xlsx#db!E156,2026-08-23
DB,고급형,2,M,78,17700,1,DIRECT_QUOTE,17700,1,,,insurer_premiums_2026-08.xlsx#db!E158,2026-08-23
DB,고급형,2,M,79,18060,1,DIRECT_QUOTE,18060,1,,,insurer_premiums_2026-08.xlsx#db!E160,2026-08-23
DB,실속형,0,F,19,2500,1,DIRECT_QUOTE,2500,1,,,insurer_premiums_2026-08.xlsx#db!C41,2026-08-23
DB,실속형,0,F,20,2520,1,DIRECT_QUOTE,2520,1,,,insurer_premiums_2026-08.xlsx#db!C43,2026-08-23
DB,실속형,0,F,21,2560,1,DIRECT_QUOTE,2560,1,,,insurer_premiums_2026-08.xlsx#db!C45,2026-08-23
DB,실속형,0,F,22,2630,1,DIRECT_QUOTE,2630,1,,,insurer_premiums_2026-08.xlsx#db!C47,2026-08-23
DB,실속형,0,F,23,2710,1,DIRECT_QUOTE,2710,1,,,insurer_premiums_2026-08.xlsx#db!C49,2026-08-23
DB,실속형,0,F,24,2770,1,DIRECT_QUOTE,2770,1,,,insurer_premiums_2026-08.xlsx#db!C51,2026-08-23
DB,실속형,0,F,25,2820,1,DIRECT_QUOTE,2820,1,,,insurer_premiums_2026-08.xlsx#db!C53,2026-08-23
DB,실속형,0,F,26,2850,1,DIRECT_QUOTE,2850,1,,,insurer_premiums_2026-08.xlsx#db!C55,2026-08-23
DB,실속형,0,F,27,2850,1,DIRECT_QUOTE,2850,1,,,insurer_premiums_2026-08.xlsx#db!C57,2026-08-23
DB,실속형,0,F,28,2820,1,DIRECT_QUOTE,2820,1,,,insurer_premiums_2026-08.xlsx#db!C59,2026-08-23
DB,실속형,0,F,29,2780,1,DIRECT_QUOTE,2780,1,,,insurer_premiums_2026-08.xlsx#db!C61,2026-08-23
DB,실속형,0,F,30,2760,1,DIRECT_QUOTE,2760,1,,,insurer_premiums_2026-08.xlsx#db!C63,2026-08-23
DB,실속형,0,F,31,2780,1,DIRECT_QUOTE,2780,1,,,insurer_premiums_2026-08.xlsx#db!C65,2026-08-23
DB,실속형,0,F,32,2840,1,DIRECT_QUOTE,2840,1,,,insurer_premiums_2026-08.xlsx#db!C67,2026-08-23
DB,실속형,0,F,33,2940,1,DIRECT_QUOTE,2940,1,,,insurer_premiums_2026-08.xlsx#db!C69,2026-08-23
DB,실속형,0,F,34,3060,1,DIRECT_QUOTE,3060,1,,,insurer_premiums_2026-08.xlsx#db!C71,2026-08-23
DB,실속형,0,F,35,3220,1,DIRECT_QUOTE,3220,1,,,insurer_premiums_2026-08.xlsx#db!C73,2026-08-23
DB,실속형,0,F,36,3390,1,DIRECT_QUOTE,3390,1,,,insurer_premiums_2026-08.xlsx#db!C75,2026-08-23
DB,실속형,0,F,37,3490,1,DIRECT_QUOTE,3490,1,,,insurer_premiums_2026-08.xlsx#db!C77,2026-08-23
DB,실속형,0,F,38,3500,1,DIRECT_QUOTE,3500,1,,,insurer_premiums_2026-08.xlsx#db!C79,2026-08-23
DB,실속형,0,F,39,3460,1,DIRECT_QUOTE,3460,1,,,insurer_premiums_2026-08.xlsx#db!C81,2026-08-23
DB,실속형,0,F,40,3440,1,DIRECT_QUOTE,3440,1,,,insurer_premiums_2026-08.xlsx#db!C83,2026-08-23
DB,실속형,0,F,41,3560,1,DIRECT_QUOTE,3560,1,,,insurer_premiums_2026-08.xlsx#db!C85,2026-08-23
DB,실속형,0,F,42,3720,1,DIRECT_QUOTE,3720,1,,,insurer_premiums_2026-08.xlsx#db!C87,2026-08-23
DB,실속형,0,F,43,3890,1,DIRECT_QUOTE,3890,1,,,insurer_premiums_2026-08.xlsx#db!C89,2026-08-23
DB,실속형,0,F,44,4060,1,DIRECT_QUOTE,4060,1,,,insurer_premiums_2026-08.xlsx#db!C91,2026-08-23
DB,실속형,0,F,45,4230,1,DIRECT_QUOTE,4230,1,,,insurer_premiums_2026-08.xlsx#db!C93,2026-08-23
DB,실속형,0,F,46,4410,1,DIRECT_QUOTE,4410,1,,,insurer_premiums_2026-08.xlsx#db!C95,2026-08-23
DB,실속형,0,F,47,4600,1,DIRECT_QUOTE,4600,1,,,insurer_premiums_2026-08.xlsx#db!C97,2026-08-23
DB,실속형,0,F,48,4810,1,DIRECT_QUOTE,4810,1,,,insurer_premiums_2026-08.xlsx#db!C99,2026-08-23
DB,실속형,0,F,49,5020,1,DIRECT_QUOTE,5020,1,,,insurer_premiums_2026-08.xlsx#db!C101,2026-08-23
DB,실속형,0,F,50,5230,1,DIRECT_QUOTE,5230,1,,,insurer_premiums_2026-08.xlsx#db!C103,2026-08-23
DB,실속형,0,F,51,5450,1,DIRECT_QUOTE,5450,1,,,insurer_premiums_2026-08.xlsx#db!C105,2026-08-23
DB,실속형,0,F,52,5710,1,DIRECT_QUOTE,5710,1,,,insurer_premiums_2026-08.xlsx#db!C107,2026-08-23
DB,실속형,0,F,53,5980,1,DIRECT_QUOTE,5980,1,,,insurer_premiums_2026-08.xlsx#db!C109,2026-08-23
DB,실속형,0,F,54,6250,1,DIRECT_QUOTE,6250,1,,,insurer_premiums_2026-08.xlsx#db!C111,2026-08-23
DB,실속형,0,F,55,6520,1,DIRECT_QUOTE,6520,1,,,insurer_premiums_2026-08.xlsx#db!C113,2026-08-23
DB,실속형,0,F,56,6850,1,DIRECT_QUOTE,6850,1,,,insurer_premiums_2026-08.xlsx#db!C115,2026-08-23
DB,실속형,0,F,57,7270,1,DIRECT_QUOTE,7270,1,,,insurer_premiums_2026-08.xlsx#db!C117,2026-08-23
DB,실속형,0,F,58,7750,1,DIRECT_QUOTE,7750,1,,,insurer_premiums_2026-08.xlsx#db!C119,2026-08-23
DB,실속형,0,F,59,8220,1,DIRECT_QUOTE,8220,1,,,insurer_premiums_2026-08.xlsx#db!C121,2026-08-23
DB,실속형,0,F,60,8700,1,DIRECT_QUOTE,8700,1,,,insurer_premiums_2026-08.xlsx#db!C123,2026-08-23
DB,실속형,0,F,61,9220,1,DIRECT_QUOTE,9220,1,,,insurer_premiums_2026-08.xlsx#db!C125,2026-08-23
DB,실속형,0,F,62,9780,1,DIRECT_QUOTE,9780,1,,,insurer_premiums_2026-08.xlsx#db!C127,2026-08-23
DB,실속형,0,F,63,10400,1,DIRECT_QUOTE,10400,1,,,insurer_premiums_2026-08.xlsx#db!C129,2026-08-23
DB,실속형,0,F,64,11020,1,DIRECT_QUOTE,11020,1,,,insurer_premiums_2026-08.xlsx#db!C131,2026-08-23
DB,실속형,0,F,65,11630,1,DIRECT_QUOTE,11630,1,,,insurer_premiums_2026-08.xlsx#db!C133,2026-08-23
DB,실속형,0,F,66,12250,1,DIRECT_QUOTE,12250,1,,,insurer_premiums_2026-08.xlsx#db!C135,2026-08-23
DB,실속형,0,F,67,12680,1,DIRECT_QUOTE,12680,1,,,insurer_premiums_2026-08.xlsx#db!C137,2026-08-23
DB,실속형,0,F,68,13130,1,DIRECT_QUOTE,13130,1,,,insurer_premiums_2026-08.xlsx#db!C139,2026-08-23
DB,실속형,0,F,69,13550,1,DIRECT_QUOTE,13550,1,,,insurer_premiums_2026-08.xlsx#db!C141,2026-08-23
DB,실속형,0,F,70,13970,1,DIRECT_QUOTE,13970,1,,,insurer_premiums_2026-08.xlsx#db!C143,2026-08-23
DB,실속형,0,F,71,14490,1,DIRECT_QUOTE,14490,1,,,insurer_premiums_2026-08.xlsx#db!C145,2026-08-23
DB,실속형,0,F,72,15050,1,DIRECT_QUOTE,15050,1,,,insurer_premiums_2026-08.xlsx#db!C147,2026-08-23
DB,실속형,0,F,73,15720,1,DIRECT_QUOTE,15720,1,,,insurer_premiums_2026-08.xlsx#db!C149,2026-08-23
DB,실속형,0,F,74,16420,1,DIRECT_QUOTE,16420,1,,,insurer_premiums_2026-08.xlsx#db!C151,2026-08-23
DB,실속형,0,F,75,17090,1,DIRECT_QUOTE,17090,1,,,insurer_premiums_2026-08.xlsx#db!C153,2026-08-23
DB,실속형,0,F,76,17810,1,DIRECT_QUOTE,17810,1,,,insurer_premiums_2026-08.xlsx#db!C155,2026-08-23
DB,실속형,0,F,77,18140,1,DIRECT_QUOTE,18140,1,,,insurer_premiums_2026-08.xlsx#db!C157,2026-08-23
DB,실속형,0,F,78,18520,1,DIRECT_QUOTE,18520,1,,,insurer_premiums_2026-08.xlsx#db!C159,2026-08-23
DB,실속형,0,F,79,18860,1,DIRECT_QUOTE,18860,1,,,insurer_premiums_2026-08.xlsx#db!C161,2026-08-23
DB,실속형,0,M,19,3050,1,DIRECT_QUOTE,3050,1,,,insurer_premiums_2026-08.xlsx#db!C40,2026-08-23
DB,실속형,0,M,20,2990,1,DIRECT_QUOTE,2990,1,,,insurer_premiums_2026-08.xlsx#db!C42,2026-08-23
DB,실속형,0,M,21,2970,1,DIRECT_QUOTE,2970,1,,,insurer_premiums_2026-08.xlsx#db!C44,2026-08-23
DB,실속형,0,M,22,2990,1,DIRECT_QUOTE,2990,1,,,insurer_premiums_2026-08.xlsx#db!C46,2026-08-23
DB,실속형,0,M,23,3020,1,DIRECT_QUOTE,3020,1,,,insurer_premiums_2026-08.xlsx#db!C48,2026-08-23
DB,실속형,0,M,24,3050,1,DIRECT_QUOTE,3050,1,,,insurer_premiums_2026-08.xlsx#db!C50,2026-08-23
DB,실속형,0,M,25,3090,1,DIRECT_QUOTE,3090,1,,,insurer_premiums_2026-08.xlsx#db!C52,2026-08-23
DB,실속형,0,M,26,3120,1,DIRECT_QUOTE,3120,1,,,insurer_premiums_2026-08.xlsx#db!C54,2026-08-23
DB,실속형,0,M,27,3170,1,DIRECT_QUOTE,3170,1,,,insurer_premiums_2026-08.xlsx#db!C56,2026-08-23
DB,실속형,0,M,28,3210,1,DIRECT_QUOTE,3210,1,,,insurer_premiums_2026-08.xlsx#db!C58,2026-08-23
DB,실속형,0,M,29,3260,1,DIRECT_QUOTE,3260,1,,,insurer_premiums_2026-08.xlsx#db!C60,2026-08-23
DB,실속형,0,M,30,3310,1,DIRECT_QUOTE,3310,1,,,insurer_premiums_2026-08.xlsx#db!C62,2026-08-23
DB,실속형,0,M,31,3360,1,DIRECT_QUOTE,3360,1,,,insurer_premiums_2026-08.xlsx#db!C64,2026-08-23
DB,실속형,0,M,32,3440,1,DIRECT_QUOTE,3440,1,,,insurer_premiums_2026-08.xlsx#db!C66,2026-08-23
DB,실속형,0,M,33,3540,1,DIRECT_QUOTE,3540,1,,,insurer_premiums_2026-08.xlsx#db!C68,2026-08-23
DB,실속형,0,M,34,3640,1,DIRECT_QUOTE,3640,1,,,insurer_premiums_2026-08.xlsx#db!C70,2026-08-23
DB,실속형,0,M,35,3760,1,DIRECT_QUOTE,3760,1,,,insurer_premiums_2026-08.xlsx#db!C72,2026-08-23
DB,실속형,0,M,36,3870,1,DIRECT_QUOTE,3870,1,,,insurer_premiums_2026-08.xlsx#db!C74,2026-08-23
DB,실속형,0,M,37,3940,1,DIRECT_QUOTE,3940,1,,,insurer_premiums_2026-08.xlsx#db!C76,2026-08-23
DB,실속형,0,M,38,3790,1,DIRECT_QUOTE,3790,1,,,insurer_premiums_2026-08.xlsx#db!C78,2026-08-23
DB,실속형,0,M,39,3550,1,DIRECT_QUOTE,3550,1,,,insurer_premiums_2026-08.xlsx#db!C80,2026-08-23
DB,실속형,0,M,40,3370,1,DIRECT_QUOTE,3370,1,,,insurer_premiums_2026-08.xlsx#db!C82,2026-08-23
DB,실속형,0,M,41,3400,1,DIRECT_QUOTE,3400,1,,,insurer_premiums_2026-08.xlsx#db!C84,2026-08-23
DB,실속형,0,M,42,3540,1,DIRECT_QUOTE,3540,1,,,insurer_premiums_2026-08.xlsx#db!C86,2026-08-23
DB,실속형,0,M,43,3690,1,DIRECT_QUOTE,3690,1,,,insurer_premiums_2026-08.xlsx#db!C88,2026-08-23
DB,실속형,0,M,44,3840,1,DIRECT_QUOTE,3840,1,,,insurer_premiums_2026-08.xlsx#db!C90,2026-08-23
DB,실속형,0,M,45,3990,1,DIRECT_QUOTE,3990,1,,,insurer_premiums_2026-08.xlsx#db!C92,2026-08-23
DB,실속형,0,M,46,4160,1,DIRECT_QUOTE,4160,1,,,insurer_premiums_2026-08.xlsx#db!C94,2026-08-23
DB,실속형,0,M,47,4370,1,DIRECT_QUOTE,4370,1,,,insurer_premiums_2026-08.xlsx#db!C96,2026-08-23
DB,실속형,0,M,48,4610,1,DIRECT_QUOTE,4610,1,,,insurer_premiums_2026-08.xlsx#db!C98,2026-08-23
DB,실속형,0,M,49,4860,1,DIRECT_QUOTE,4860,1,,,insurer_premiums_2026-08.xlsx#db!C100,2026-08-23
DB,실속형,0,M,50,5090,1,DIRECT_QUOTE,5090,1,,,insurer_premiums_2026-08.xlsx#db!C102,2026-08-23
DB,실속형,0,M,51,5370,1,DIRECT_QUOTE,5370,1,,,insurer_premiums_2026-08.xlsx#db!C104,2026-08-23
DB,실속형,0,M,52,5690,1,DIRECT_QUOTE,5690,1,,,insurer_premiums_2026-08.xlsx#db!C106,2026-08-23
DB,실속형,0,M,53,6030,1,DIRECT_QUOTE,6030,1,,,insurer_premiums_2026-08.xlsx#db!C108,2026-08-23
DB,실속형,0,M,54,6390,1,DIRECT_QUOTE,6390,1,,,insurer_premiums_2026-08.xlsx#db!C110,2026-08-23
DB,실속형,0,M,55,6740,1,DIRECT_QUOTE,6740,1,,,insurer_premiums_2026-08.xlsx#db!C112,2026-08-23
DB,실속형,0,M,56,7120,1,DIRECT_QUOTE,7120,1,,,insurer_premiums_2026-08.xlsx#db!C114,2026-08-23
DB,실속형,0,M,57,7560,1,DIRECT_QUOTE,7560,1,,,insurer_premiums_2026-08.xlsx#db!C116,2026-08-23
DB,실속형,0,M,58,8040,1,DIRECT_QUOTE,8040,1,,,insurer_premiums_2026-08.xlsx#db!C118,2026-08-23
DB,실속형,0,M,59,8510,1,DIRECT_QUOTE,8510,1,,,insurer_premiums_2026-08.xlsx#db!C120,2026-08-23
DB,실속형,0,M,60,8990,1,DIRECT_QUOTE,8990,1,,,insurer_premiums_2026-08.xlsx#db!C122,2026-08-23
DB,실속형,0,M,61,9470,1,DIRECT_QUOTE,9470,1,,,insurer_premiums_2026-08.xlsx#db!C124,2026-08-23
DB,실속형,0,M,62,9960,1,DIRECT_QUOTE,9960,1,,,insurer_premiums_2026-08.xlsx#db!C126,2026-08-23
DB,실속형,0,M,63,10460,1,DIRECT_QUOTE,10460,1,,,insurer_premiums_2026-08.xlsx#db!C128,2026-08-23
DB,실속형,0,M,64,10960,1,DIRECT_QUOTE,10960,1,,,insurer_premiums_2026-08.xlsx#db!C130,2026-08-23
DB,실속형,0,M,65,11450,1,DIRECT_QUOTE,11450,1,,,insurer_premiums_2026-08.xlsx#db!C132,2026-08-23
DB,실속형,0,M,66,11950,1,DIRECT_QUOTE,11950,1,,,insurer_premiums_2026-08.xlsx#db!C134,2026-08-23
DB,실속형,0,M,67,12330,1,DIRECT_QUOTE,12330,1,,,insurer_premiums_2026-08.xlsx#db!C136,2026-08-23
DB,실속형,0,M,68,12710,1,DIRECT_QUOTE,12710,1,,,insurer_premiums_2026-08.xlsx#db!C138,2026-08-23
DB,실속형,0,M,69,13080,1,DIRECT_QUOTE,13080,1,,,insurer_premiums_2026-08.xlsx#db!C140,2026-08-23
DB,실속형,0,M,70,13440,1,DIRECT_QUOTE,13440,1,,,insurer_premiums_2026-08.xlsx#db!C142,2026-08-23
DB,실속형,0,M,71,13830,1,DIRECT_QUOTE,13830,1,,,insurer_premiums_2026-08.xlsx#db!C144,2026-08-23
DB,실속형,0,M,72,14200,1,DIRECT_QUOTE,14200,1,,,insurer_premiums_2026-08.xlsx#db!C146,2026-08-23
DB,실속형,0,M,73,14600,1,DIRECT_QUOTE,14600,1,,,insurer_premiums_2026-08.xlsx#db!C148,2026-08-23
DB,실속형,0,M,74,14990,1,DIRECT_QUOTE,14990,1,,,insurer_premiums_2026-08.xlsx#db!C150,2026-08-23
DB,실속형,0,M,75,15370,1,DIRECT_QUOTE,15370,1,,,insurer_premiums_2026-08.xlsx#db!C152,2026-08-23
DB,실속형,0,M,76,15770,1,DIRECT_QUOTE,15770,1,,,insurer_premiums_2026-08.xlsx#db!C154,2026-08-23
DB,실속형,0,M,77,16110,1,DIRECT_QUOTE,16110,1,,,insurer_premiums_2026-08.xlsx#db!C156,2026-08-23
DB,실속형,0,M,78,16470,1,DIRECT_QUOTE,16470,1,,,insurer_premiums_2026-08.xlsx#db!C158,2026-08-23
DB,실속형,0,M,79,16830,1,DIRECT_QUOTE,16830,1,,,insurer_premiums_2026-08.xlsx#db!C160,2026-08-23
DB,표준형,1,F,19,3400,1,DIRECT_QUOTE,3400,1,,,insurer_premiums_2026-08.xlsx#db!D41,2026-08-23
DB,표준형,1,F,20,3420,1,DIRECT_QUOTE,3420,1,,,insurer_premiums_2026-08.xlsx#db!D43,2026-08-23
DB,표준형,1,F,21,3460,1,DIRECT_QUOTE,3460,1,,,insurer_premiums_2026-08.xlsx#db!D45,2026-08-23
DB,표준형,1,F,22,3530,1,DIRECT_QUOTE,3530,1,,,insurer_premiums_2026-08.xlsx#db!D47,2026-08-23
DB,표준형,1,F,23,3610,1,DIRECT_QUOTE,3610,1,,,insurer_premiums_2026-08.xlsx#db!D49,2026-08-23
DB,표준형,1,F,24,3670,1,DIRECT_QUOTE,3670,1,,,insurer_premiums_2026-08.xlsx#db!D51,2026-08-23
DB,표준형,1,F,25,3720,1,DIRECT_QUOTE,3720,1,,,insurer_premiums_2026-08.xlsx#db!D53,2026-08-23
DB,표준형,1,F,26,3750,1,DIRECT_QUOTE,3750,1,,,insurer_premiums_2026-08.xlsx#db!D55,2026-08-23
DB,표준형,1,F,27,3750,1,DIRECT_QUOTE,3750,1,,,insurer_premiums_2026-08.xlsx#db!D57,2026-08-23
DB,표준형,1,F,28,3720,1,DIRECT_QUOTE,3720,1,,,insurer_premiums_2026-08.xlsx#db!D59,2026-08-23
DB,표준형,1,F,29,3680,1,DIRECT_QUOTE,3680,1,,,insurer_premiums_2026-08.xlsx#db!D61,2026-08-23
DB,표준형,1,F,30,3660,1,DIRECT_QUOTE,3660,1,,,insurer_premiums_2026-08.xlsx#db!D63,2026-08-23
DB,표준형,1,F,31,3680,1,DIRECT_QUOTE,3680,1,,,insurer_premiums_2026-08.xlsx#db!D65,2026-08-23
DB,표준형,1,F,32,3740,1,DIRECT_QUOTE,3740,1,,,insurer_premiums_2026-08.xlsx#db!D67,2026-08-23
DB,표준형,1,F,33,3840,1,DIRECT_QUOTE,3840,1,,,insurer_premiums_2026-08.xlsx#db!D69,2026-08-23
DB,표준형,1,F,34,3960,1,DIRECT_QUOTE,3960,1,,,insurer_premiums_2026-08.xlsx#db!D71,2026-08-23
DB,표준형,1,F,35,4120,1,DIRECT_QUOTE,4120,1,,,insurer_premiums_2026-08.xlsx#db!D73,2026-08-23
DB,표준형,1,F,36,4290,1,DIRECT_QUOTE,4290,1,,,insurer_premiums_2026-08.xlsx#db!D75,2026-08-23
DB,표준형,1,F,37,4390,1,DIRECT_QUOTE,4390,1,,,insurer_premiums_2026-08.xlsx#db!D77,2026-08-23
DB,표준형,1,F,38,4400,1,DIRECT_QUOTE,4400,1,,,insurer_premiums_2026-08.xlsx#db!D79,2026-08-23
DB,표준형,1,F,39,4360,1,DIRECT_QUOTE,4360,1,,,insurer_premiums_2026-08.xlsx#db!D81,2026-08-23
DB,표준형,1,F,40,4340,1,DIRECT_QUOTE,4340,1,,,insurer_premiums_2026-08.xlsx#db!D83,2026-08-23
DB,표준형,1,F,41,4460,1,DIRECT_QUOTE,4460,1,,,insurer_premiums_2026-08.xlsx#db!D85,2026-08-23
DB,표준형,1,F,42,4620,1,DIRECT_QUOTE,4620,1,,,insurer_premiums_2026-08.xlsx#db!D87,2026-08-23
DB,표준형,1,F,43,4790,1,DIRECT_QUOTE,4790,1,,,insurer_premiums_2026-08.xlsx#db!D89,2026-08-23
DB,표준형,1,F,44,4960,1,DIRECT_QUOTE,4960,1,,,insurer_premiums_2026-08.xlsx#db!D91,2026-08-23
DB,표준형,1,F,45,5130,1,DIRECT_QUOTE,5130,1,,,insurer_premiums_2026-08.xlsx#db!D93,2026-08-23
DB,표준형,1,F,46,5310,1,DIRECT_QUOTE,5310,1,,,insurer_premiums_2026-08.xlsx#db!D95,2026-08-23
DB,표준형,1,F,47,5500,1,DIRECT_QUOTE,5500,1,,,insurer_premiums_2026-08.xlsx#db!D97,2026-08-23
DB,표준형,1,F,48,5710,1,DIRECT_QUOTE,5710,1,,,insurer_premiums_2026-08.xlsx#db!D99,2026-08-23
DB,표준형,1,F,49,5920,1,DIRECT_QUOTE,5920,1,,,insurer_premiums_2026-08.xlsx#db!D101,2026-08-23
DB,표준형,1,F,50,6130,1,DIRECT_QUOTE,6130,1,,,insurer_premiums_2026-08.xlsx#db!D103,2026-08-23
DB,표준형,1,F,51,6350,1,DIRECT_QUOTE,6350,1,,,insurer_premiums_2026-08.xlsx#db!D105,2026-08-23
DB,표준형,1,F,52,6610,1,DIRECT_QUOTE,6610,1,,,insurer_premiums_2026-08.xlsx#db!D107,2026-08-23
DB,표준형,1,F,53,6880,1,DIRECT_QUOTE,6880,1,,,insurer_premiums_2026-08.xlsx#db!D109,2026-08-23
DB,표준형,1,F,54,7150,1,DIRECT_QUOTE,7150,1,,,insurer_premiums_2026-08.xlsx#db!D111,2026-08-23
DB,표준형,1,F,55,7420,1,DIRECT_QUOTE,7420,1,,,insurer_premiums_2026-08.xlsx#db!D113,2026-08-23
DB,표준형,1,F,56,7750,1,DIRECT_QUOTE,7750,1,,,insurer_premiums_2026-08.xlsx#db!D115,2026-08-23
DB,표준형,1,F,57,8170,1,DIRECT_QUOTE,8170,1,,,insurer_premiums_2026-08.xlsx#db!D117,2026-08-23
DB,표준형,1,F,58,8650,1,DIRECT_QUOTE,8650,1,,,insurer_premiums_2026-08.xlsx#db!D119,2026-08-23
DB,표준형,1,F,59,9120,1,DIRECT_QUOTE,9120,1,,,insurer_premiums_2026-08.xlsx#db!D121,2026-08-23
DB,표준형,1,F,60,9600,1,DIRECT_QUOTE,9600,1,,,insurer_premiums_2026-08.xlsx#db!D123,2026-08-23
DB,표준형,1,F,61,10120,1,DIRECT_QUOTE,10120,1,,,insurer_premiums_2026-08.xlsx#db!D125,2026-08-23
DB,표준형,1,F,62,10680,1,DIRECT_QUOTE,10680,1,,,insurer_premiums_2026-08.xlsx#db!D127,2026-08-23
DB,표준형,1,F,63,11300,1,DIRECT_QUOTE,11300,1,,,insurer_premiums_2026-08.xlsx#db!D129,2026-08-23
DB,표준형,1,F,64,11920,1,DIRECT_QUOTE,11920,1,,,insurer_premiums_2026-08.xlsx#db!D131,2026-08-23
DB,표준형,1,F,65,12530,1,DIRECT_QUOTE,12530,1,,,insurer_premiums_2026-08.xlsx#db!D133,2026-08-23
DB,표준형,1,F,66,13150,1,DIRECT_QUOTE,13150,1,,,insurer_premiums_2026-08.xlsx#db!D135,2026-08-23
DB,표준형,1,F,67,13580,1,DIRECT_QUOTE,13580,1,,,insurer_premiums_2026-08.xlsx#db!D137,2026-08-23
DB,표준형,1,F,68,14030,1,DIRECT_QUOTE,14030,1,,,insurer_premiums_2026-08.xlsx#db!D139,2026-08-23
DB,표준형,1,F,69,14450,1,DIRECT_QUOTE,14450,1,,,insurer_premiums_2026-08.xlsx#db!D141,2026-08-23
DB,표준형,1,F,70,14870,1,DIRECT_QUOTE,14870,1,,,insurer_premiums_2026-08.xlsx#db!D143,2026-08-23
DB,표준형,1,F,71,15390,1,DIRECT_QUOTE,15390,1,,,insurer_premiums_2026-08.xlsx#db!D145,2026-08-23
DB,표준형,1,F,72,15950,1,DIRECT_QUOTE,15950,1,,,insurer_premiums_2026-08.xlsx#db!D147,2026-08-23
DB,표준형,1,F,73,16620,1,DIRECT_QUOTE,16620,1,,,insurer_premiums_2026-08.xlsx#db!D149,2026-08-23
DB,표준형,1,F,74,17320,1,DIRECT_QUOTE,17320,1,,,insurer_premiums_2026-08.xlsx#db!D151,2026-08-23
DB,표준형,1,F,75,17990,1,DIRECT_QUOTE,17990,1,,,insurer_premiums_2026-08.xlsx#db!D153,2026-08-23
DB,표준형,1,F,76,18710,1,DIRECT_QUOTE,18710,1,,,insurer_premiums_2026-08.xlsx#db!D155,2026-08-23
DB,표준형,1,F,77,19040,1,DIRECT_QUOTE,19040,1,,,insurer_premiums_2026-08.xlsx#db!D157,2026-08-23
DB,표준형,1,F,78,19420,1,DIRECT_QUOTE,19420,1,,,insurer_premiums_2026-08.xlsx#db!D159,2026-08-23
DB,표준형,1,F,79,19760,1,DIRECT_QUOTE,19760,1,,,insurer_premiums_2026-08.xlsx#db!D161,2026-08-23
DB,표준형,1,M,19,3950,1,DIRECT_QUOTE,3950,1,,,insurer_premiums_2026-08.xlsx#db!D40,2026-08-23
DB,표준형,1,M,20,3890,1,DIRECT_QUOTE,3890,1,,,insurer_premiums_2026-08.xlsx#db!D42,2026-08-23
DB,표준형,1,M,21,3870,1,DIRECT_QUOTE,3870,1,,,insurer_premiums_2026-08.xlsx#db!D44,2026-08-23
DB,표준형,1,M,22,3890,1,DIRECT_QUOTE,3890,1,,,insurer_premiums_2026-08.xlsx#db!D46,2026-08-23
DB,표준형,1,M,23,3920,1,DIRECT_QUOTE,3920,1,,,insurer_premiums_2026-08.xlsx#db!D48,2026-08-23
DB,표준형,1,M,24,3950,1,DIRECT_QUOTE,3950,1,,,insurer_premiums_2026-08.xlsx#db!D50,2026-08-23
DB,표준형,1,M,25,3990,1,DIRECT_QUOTE,3990,1,,,insurer_premiums_2026-08.xlsx#db!D52,2026-08-23
DB,표준형,1,M,26,4020,1,DIRECT_QUOTE,4020,1,,,insurer_premiums_2026-08.xlsx#db!D54,2026-08-23
DB,표준형,1,M,27,4070,1,DIRECT_QUOTE,4070,1,,,insurer_premiums_2026-08.xlsx#db!D56,2026-08-23
DB,표준형,1,M,28,4110,1,DIRECT_QUOTE,4110,1,,,insurer_premiums_2026-08.xlsx#db!D58,2026-08-23
DB,표준형,1,M,29,4160,1,DIRECT_QUOTE,4160,1,,,insurer_premiums_2026-08.xlsx#db!D60,2026-08-23
DB,표준형,1,M,30,4210,1,DIRECT_QUOTE,4210,1,,,insurer_premiums_2026-08.xlsx#db!D62,2026-08-23
DB,표준형,1,M,31,4260,1,DIRECT_QUOTE,4260,1,,,insurer_premiums_2026-08.xlsx#db!D64,2026-08-23
DB,표준형,1,M,32,4340,1,DIRECT_QUOTE,4340,1,,,insurer_premiums_2026-08.xlsx#db!D66,2026-08-23
DB,표준형,1,M,33,4440,1,DIRECT_QUOTE,4440,1,,,insurer_premiums_2026-08.xlsx#db!D68,2026-08-23
DB,표준형,1,M,34,4540,1,DIRECT_QUOTE,4540,1,,,insurer_premiums_2026-08.xlsx#db!D70,2026-08-23
DB,표준형,1,M,35,4660,1,DIRECT_QUOTE,4660,1,,,insurer_premiums_2026-08.xlsx#db!D72,2026-08-23
DB,표준형,1,M,36,4770,1,DIRECT_QUOTE,4770,1,,,insurer_premiums_2026-08.xlsx#db!D74,2026-08-23
DB,표준형,1,M,37,4840,1,DIRECT_QUOTE,4840,1,,,insurer_premiums_2026-08.xlsx#db!D76,2026-08-23
DB,표준형,1,M,38,4690,1,DIRECT_QUOTE,4690,1,,,insurer_premiums_2026-08.xlsx#db!D78,2026-08-23
DB,표준형,1,M,39,4450,1,DIRECT_QUOTE,4450,1,,,insurer_premiums_2026-08.xlsx#db!D80,2026-08-23
DB,표준형,1,M,40,4270,1,DIRECT_QUOTE,4270,1,,,insurer_premiums_2026-08.xlsx#db!D82,2026-08-23
DB,표준형,1,M,41,4300,1,DIRECT_QUOTE,4300,1,,,insurer_premiums_2026-08.xlsx#db!D84,2026-08-23
DB,표준형,1,M,42,4440,1,DIRECT_QUOTE,4440,1,,,insurer_premiums_2026-08.xlsx#db!D86,2026-08-23
DB,표준형,1,M,43,4590,1,DIRECT_QUOTE,4590,1,,,insurer_premiums_2026-08.xlsx#db!D88,2026-08-23
DB,표준형,1,M,44,4740,1,DIRECT_QUOTE,4740,1,,,insurer_premiums_2026-08.xlsx#db!D90,2026-08-23
DB,표준형,1,M,45,4890,1,DIRECT_QUOTE,4890,1,,,insurer_premiums_2026-08.xlsx#db!D92,2026-08-23
DB,표준형,1,M,46,5060,1,DIRECT_QUOTE,5060,1,,,insurer_premiums_2026-08.xlsx#db!D94,2026-08-23
DB,표준형,1,M,47,5270,1,DIRECT_QUOTE,5270,1,,,insurer_premiums_2026-08.xlsx#db!D96,2026-08-23
DB,표준형,1,M,48,5510,1,DIRECT_QUOTE,5510,1,,,insurer_premiums_2026-08.xlsx#db!D98,2026-08-23
DB,표준형,1,M,49,5760,1,DIRECT_QUOTE,5760,1,,,insurer_premiums_2026-08.xlsx#db!D100,2026-08-23
DB,표준형,1,M,50,5990,1,DIRECT_QUOTE,5990,1,,,insurer_premiums_2026-08.xlsx#db!D102,2026-08-23
DB,표준형,1,M,51,6270,1,DIRECT_QUOTE,6270,1,,,insurer_premiums_2026-08.xlsx#db!D104,2026-08-23
DB,표준형,1,M,52,6590,1,DIRECT_QUOTE,6590,1,,,insurer_premiums_2026-08.xlsx#db!D106,2026-08-23
DB,표준형,1,M,53,6930,1,DIRECT_QUOTE,6930,1,,,insurer_premiums_2026-08.xlsx#db!D108,2026-08-23
DB,표준형,1,M,54,7290,1,DIRECT_QUOTE,7290,1,,,insurer_premiums_2026-08.xlsx#db!D110,2026-08-23
DB,표준형,1,M,55,7640,1,DIRECT_QUOTE,7640,1,,,insurer_premiums_2026-08.xlsx#db!D112,2026-08-23
DB,표준형,1,M,56,8020,1,DIRECT_QUOTE,8020,1,,,insurer_premiums_2026-08.xlsx#db!D114,2026-08-23
DB,표준형,1,M,57,8460,1,DIRECT_QUOTE,8460,1,,,insurer_premiums_2026-08.xlsx#db!D116,2026-08-23
DB,표준형,1,M,58,8940,1,DIRECT_QUOTE,8940,1,,,insurer_premiums_2026-08.xlsx#db!D118,2026-08-23
DB,표준형,1,M,59,9410,1,DIRECT_QUOTE,9410,1,,,insurer_premiums_2026-08.xlsx#db!D120,2026-08-23
DB,표준형,1,M,60,9890,1,DIRECT_QUOTE,9890,1,,,insurer_premiums_2026-08.xlsx#db!D122,2026-08-23
DB,표준형,1,M,61,10370,1,DIRECT_QUOTE,10370,1,,,insurer_premiums_2026-08.xlsx#db!D124,2026-08-23
DB,표준형,1,M,62,10860,1,DIRECT_QUOTE,10860,1,,,insurer_premiums_2026-08.xlsx#db!D126,2026-08-23
DB,표준형,1,M,63,11360,1,DIRECT_QUOTE,11360,1,,,insurer_premiums_2026-08.xlsx#db!D128,2026-08-23
DB,표준형,1,M,64,11860,1,DIRECT_QUOTE,11860,1,,,insurer_premiums_2026-08.xlsx#db!D130,2026-08-23
DB,표준형,1,M,65,12350,1,DIRECT_QUOTE,12350,1,,,insurer_premiums_2026-08.xlsx#db!D132,2026-08-23
DB,표준형,1,M,66,12850,1,DIRECT_QUOTE,12850,1,,,insurer_premiums_2026-08.xlsx#db!D134,2026-08-23
DB,표준형,1,M,67,13230,1,DIRECT_QUOTE,13230,1,,,insurer_premiums_2026-08.xlsx#db!D136,2026-08-23
DB,표준형,1,M,68,13610,1,DIRECT_QUOTE,13610,1,,,insurer_premiums_2026-08.xlsx#db!D138,2026-08-23
DB,표준형,1,M,69,13980,1,DIRECT_QUOTE,13980,1,,,insurer_premiums_2026-08.xlsx#db!D140,2026-08-23
DB,표준형,1,M,70,14340,1,DIRECT_QUOTE,14340,1,,,insurer_premiums_2026-08.xlsx#db!D142,2026-08-23
DB,표준형,1,M,71,14730,1,DIRECT_QUOTE,14730,1,,,insurer_premiums_2026-08.xlsx#db!D144,2026-08-23
DB,표준형,1,M,72,15100,1,DIRECT_QUOTE,15100,1,,,insurer_premiums_2026-08.xlsx#db!D146,2026-08-23
DB,표준형,1,M,73,15500,1,DIRECT_QUOTE,15500,1,,,insurer_premiums_2026-08.xlsx#db!D148,2026-08-23
DB,표준형,1,M,74,15890,1,DIRECT_QUOTE,15890,1,,,insurer_premiums_2026-08.xlsx#db!D150,2026-08-23
DB,표준형,1,M,75,16270,1,DIRECT_QUOTE,16270,1,,,insurer_premiums_2026-08.xlsx#db!D152,2026-08-23
DB,표준형,1,M,76,16670,1,DIRECT_QUOTE,16670,1,,,insurer_premiums_2026-08.xlsx#db!D154,2026-08-23
DB,표준형,1,M,77,17010,1,DIRECT_QUOTE,17010,1,,,insurer_premiums_2026-08.xlsx#db!D156,2026-08-23
DB,표준형,1,M,78,17370,1,DIRECT_QUOTE,17370,1,,,insurer_premiums_2026-08.xlsx#db!D158,2026-08-23
DB,표준형,1,M,79,17730,1,DIRECT_QUOTE,17730,1,,,insurer_premiums_2026-08.xlsx#db!D160,2026-08-23
HYUNDAI,고급형,2,F,0,6300,1,DIRECT_QUOTE,6300,1,,,insurer_premiums_2026-08.xlsx#현대해상!E4,2026-08-17
HYUNDAI,고급형,2,F,1,5400,1,DIRECT_QUOTE,5400,1,,,insurer_premiums_2026-08.xlsx#현대해상!E6,2026-08-17
HYUNDAI,고급형,2,F,2,4900,1,DIRECT_QUOTE,4900,1,,,insurer_premiums_2026-08.xlsx#현대해상!E8,2026-08-17
HYUNDAI,고급형,2,F,3,4800,1,DIRECT_QUOTE,4800,1,,,insurer_premiums_2026-08.xlsx#현대해상!E10,2026-08-17
HYUNDAI,고급형,2,F,4,4700,1,DIRECT_QUOTE,4700,1,,,insurer_premiums_2026-08.xlsx#현대해상!E12,2026-08-17
HYUNDAI,고급형,2,F,5,4800,1,DIRECT_QUOTE,4800,1,,,insurer_premiums_2026-08.xlsx#현대해상!E14,2026-08-17
HYUNDAI,고급형,2,F,6,4700,1,DIRECT_QUOTE,4700,1,,,insurer_premiums_2026-08.xlsx#현대해상!E16,2026-08-17
HYUNDAI,고급형,2,F,7,4600,1,DIRECT_QUOTE,4600,1,,,insurer_premiums_2026-08.xlsx#현대해상!E18,2026-08-17
HYUNDAI,고급형,2,F,8,4600,1,DIRECT_QUOTE,4600,1,,,insurer_premiums_2026-08.xlsx#현대해상!E20,2026-08-17
HYUNDAI,고급형,2,F,9,4600,1,DIRECT_QUOTE,4600,1,,,insurer_premiums_2026-08.xlsx#현대해상!E22,2026-08-17
HYUNDAI,고급형,2,F,10,4600,1,DIRECT_QUOTE,4600,1,,,insurer_premiums_2026-08.xlsx#현대해상!E24,2026-08-17
HYUNDAI,고급형,2,F,11,4600,1,DIRECT_QUOTE,4600,1,,,insurer_premiums_2026-08.xlsx#현대해상!E26,2026-08-17
HYUNDAI,고급형,2,F,12,4700,1,DIRECT_QUOTE,4700,1,,,insurer_premiums_2026-08.xlsx#현대해상!E28,2026-08-17
HYUNDAI,고급형,2,F,13,4700,1,DIRECT_QUOTE,4700,1,,,insurer_premiums_2026-08.xlsx#현대해상!E30,2026-08-17
HYUNDAI,고급형,2,F,14,4700,1,DIRECT_QUOTE,4700,1,,,insurer_premiums_2026-08.xlsx#현대해상!E32,2026-08-17
HYUNDAI,고급형,2,F,15,4800,1,DIRECT_QUOTE,4800,1,,,insurer_premiums_2026-08.xlsx#현대해상!E34,2026-08-17
HYUNDAI,고급형,2,F,16,4800,1,DIRECT_QUOTE,4800,1,,,insurer_premiums_2026-08.xlsx#현대해상!E36,2026-08-17
HYUNDAI,고급형,2,F,17,4900,1,DIRECT_QUOTE,4900,1,,,insurer_premiums_2026-08.xlsx#현대해상!E38,2026-08-17
HYUNDAI,고급형,2,F,18,5000,1,DIRECT_QUOTE,5000,1,,,insurer_premiums_2026-08.xlsx#현대해상!E40,2026-08-17
HYUNDAI,고급형,2,F,19,5100,1,DIRECT_QUOTE,5100,1,,,insurer_premiums_2026-08.xlsx#현대해상!E42,2026-08-17
HYUNDAI,고급형,2,F,20,5200,1,DIRECT_QUOTE,5200,1,,,insurer_premiums_2026-08.xlsx#현대해상!E44,2026-08-17
HYUNDAI,고급형,2,F,21,5200,1,DIRECT_QUOTE,5200,1,,,insurer_premiums_2026-08.xlsx#현대해상!E46,2026-08-17
HYUNDAI,고급형,2,F,22,5200,1,DIRECT_QUOTE,5200,1,,,insurer_premiums_2026-08.xlsx#현대해상!E48,2026-08-17
HYUNDAI,고급형,2,F,23,5300,1,DIRECT_QUOTE,5300,1,,,insurer_premiums_2026-08.xlsx#현대해상!E50,2026-08-17
HYUNDAI,고급형,2,F,24,5300,1,DIRECT_QUOTE,5300,1,,,insurer_premiums_2026-08.xlsx#현대해상!E52,2026-08-17
HYUNDAI,고급형,2,F,25,5300,1,DIRECT_QUOTE,5300,1,,,insurer_premiums_2026-08.xlsx#현대해상!E54,2026-08-17
HYUNDAI,고급형,2,F,26,5300,1,DIRECT_QUOTE,5300,1,,,insurer_premiums_2026-08.xlsx#현대해상!E56,2026-08-17
HYUNDAI,고급형,2,F,27,5300,1,DIRECT_QUOTE,5300,1,,,insurer_premiums_2026-08.xlsx#현대해상!E58,2026-08-17
HYUNDAI,고급형,2,F,28,5300,1,DIRECT_QUOTE,5300,1,,,insurer_premiums_2026-08.xlsx#현대해상!E60,2026-08-17
HYUNDAI,고급형,2,F,29,5300,1,DIRECT_QUOTE,5300,1,,,insurer_premiums_2026-08.xlsx#현대해상!E62,2026-08-17
HYUNDAI,고급형,2,F,30,5300,1,DIRECT_QUOTE,5300,1,,,insurer_premiums_2026-08.xlsx#현대해상!E64,2026-08-17
HYUNDAI,고급형,2,F,31,5300,1,DIRECT_QUOTE,5300,1,,,insurer_premiums_2026-08.xlsx#현대해상!E66,2026-08-17
HYUNDAI,고급형,2,F,32,5300,1,DIRECT_QUOTE,5300,1,,,insurer_premiums_2026-08.xlsx#현대해상!E68,2026-08-17
HYUNDAI,고급형,2,F,33,5400,1,DIRECT_QUOTE,5400,1,,,insurer_premiums_2026-08.xlsx#현대해상!E70,2026-08-17
HYUNDAI,고급형,2,F,34,5500,1,DIRECT_QUOTE,5500,1,,,insurer_premiums_2026-08.xlsx#현대해상!E72,2026-08-17
HYUNDAI,고급형,2,F,35,5500,1,DIRECT_QUOTE,5500,1,,,insurer_premiums_2026-08.xlsx#현대해상!E74,2026-08-17
HYUNDAI,고급형,2,F,36,5600,1,DIRECT_QUOTE,5600,1,,,insurer_premiums_2026-08.xlsx#현대해상!E76,2026-08-17
HYUNDAI,고급형,2,F,37,5700,1,DIRECT_QUOTE,5700,1,,,insurer_premiums_2026-08.xlsx#현대해상!E78,2026-08-17
HYUNDAI,고급형,2,F,38,5800,1,DIRECT_QUOTE,5800,1,,,insurer_premiums_2026-08.xlsx#현대해상!E80,2026-08-17
HYUNDAI,고급형,2,F,39,6000,1,DIRECT_QUOTE,6000,1,,,insurer_premiums_2026-08.xlsx#현대해상!E82,2026-08-17
HYUNDAI,고급형,2,F,40,6000,1,DIRECT_QUOTE,6000,1,,,insurer_premiums_2026-08.xlsx#현대해상!E84,2026-08-17
HYUNDAI,고급형,2,F,41,6200,1,DIRECT_QUOTE,6200,1,,,insurer_premiums_2026-08.xlsx#현대해상!E86,2026-08-17
HYUNDAI,고급형,2,F,42,6300,1,DIRECT_QUOTE,6300,1,,,insurer_premiums_2026-08.xlsx#현대해상!E88,2026-08-17
HYUNDAI,고급형,2,F,43,6400,1,DIRECT_QUOTE,6400,1,,,insurer_premiums_2026-08.xlsx#현대해상!E90,2026-08-17
HYUNDAI,고급형,2,F,44,6500,1,DIRECT_QUOTE,6500,1,,,insurer_premiums_2026-08.xlsx#현대해상!E92,2026-08-17
HYUNDAI,고급형,2,F,45,6600,1,DIRECT_QUOTE,6600,1,,,insurer_premiums_2026-08.xlsx#현대해상!E94,2026-08-17
HYUNDAI,고급형,2,F,46,6800,1,DIRECT_QUOTE,6800,1,,,insurer_premiums_2026-08.xlsx#현대해상!E96,2026-08-17
HYUNDAI,고급형,2,F,47,6900,1,DIRECT_QUOTE,6900,1,,,insurer_premiums_2026-08.xlsx#현대해상!E98,2026-08-17
HYUNDAI,고급형,2,F,48,7000,1,DIRECT_QUOTE,7000,1,,,insurer_premiums_2026-08.xlsx#현대해상!E100,2026-08-17
HYUNDAI,고급형,2,F,49,7100,1,DIRECT_QUOTE,7100,1,,,insurer_premiums_2026-08.xlsx#현대해상!E102,2026-08-17
HYUNDAI,고급형,2,F,50,7300,1,DIRECT_QUOTE,7300,1,,,insurer_premiums_2026-08.xlsx#현대해상!E104,2026-08-17
HYUNDAI,고급형,2,F,51,7400,1,DIRECT_QUOTE,7400,1,,,insurer_premiums_2026-08.xlsx#현대해상!E106,2026-08-17
HYUNDAI,고급형,2,F,52,7400,1,DIRECT_QUOTE,7400,1,,,insurer_premiums_2026-08.xlsx#현대해상!E108,2026-08-17
HYUNDAI,고급형,2,F,53,7500,1,DIRECT_QUOTE,7500,1,,,insurer_premiums_2026-08.xlsx#현대해상!E110,2026-08-17
HYUNDAI,고급형,2,F,54,7500,1,DIRECT_QUOTE,7500,1,,,insurer_premiums_2026-08.xlsx#현대해상!E112,2026-08-17
HYUNDAI,고급형,2,F,55,7700,1,DIRECT_QUOTE,7700,1,,,insurer_premiums_2026-08.xlsx#현대해상!E114,2026-08-17
HYUNDAI,고급형,2,F,56,7900,1,DIRECT_QUOTE,7900,1,,,insurer_premiums_2026-08.xlsx#현대해상!E116,2026-08-17
HYUNDAI,고급형,2,F,57,8100,1,DIRECT_QUOTE,8100,1,,,insurer_premiums_2026-08.xlsx#현대해상!E118,2026-08-17
HYUNDAI,고급형,2,F,58,8400,1,DIRECT_QUOTE,8400,1,,,insurer_premiums_2026-08.xlsx#현대해상!E120,2026-08-17
HYUNDAI,고급형,2,F,59,9000,1,DIRECT_QUOTE,9000,1,,,insurer_premiums_2026-08.xlsx#현대해상!E122,2026-08-17
HYUNDAI,고급형,2,F,60,9400,1,DIRECT_QUOTE,9400,1,,,insurer_premiums_2026-08.xlsx#현대해상!E124,2026-08-17
HYUNDAI,고급형,2,F,61,9700,1,DIRECT_QUOTE,9700,1,,,insurer_premiums_2026-08.xlsx#현대해상!E126,2026-08-17
HYUNDAI,고급형,2,F,62,10000,1,DIRECT_QUOTE,10000,1,,,insurer_premiums_2026-08.xlsx#현대해상!E128,2026-08-17
HYUNDAI,고급형,2,F,63,10400,1,DIRECT_QUOTE,10400,1,,,insurer_premiums_2026-08.xlsx#현대해상!E130,2026-08-17
HYUNDAI,고급형,2,F,64,10800,1,DIRECT_QUOTE,10800,1,,,insurer_premiums_2026-08.xlsx#현대해상!E132,2026-08-17
HYUNDAI,고급형,2,F,65,11200,1,DIRECT_QUOTE,11200,1,,,insurer_premiums_2026-08.xlsx#현대해상!E134,2026-08-17
HYUNDAI,고급형,2,F,66,11600,1,DIRECT_QUOTE,11600,1,,,insurer_premiums_2026-08.xlsx#현대해상!E136,2026-08-17
HYUNDAI,고급형,2,F,67,12000,1,DIRECT_QUOTE,12000,1,,,insurer_premiums_2026-08.xlsx#현대해상!E138,2026-08-17
HYUNDAI,고급형,2,F,68,12300,1,DIRECT_QUOTE,12300,1,,,insurer_premiums_2026-08.xlsx#현대해상!E140,2026-08-17
HYUNDAI,고급형,2,F,69,12700,1,DIRECT_QUOTE,12700,1,,,insurer_premiums_2026-08.xlsx#현대해상!E142,2026-08-17
HYUNDAI,고급형,2,F,70,13000,1,DIRECT_QUOTE,13000,1,,,insurer_premiums_2026-08.xlsx#현대해상!E144,2026-08-17
HYUNDAI,고급형,2,F,71,13300,1,DIRECT_QUOTE,13300,1,,,insurer_premiums_2026-08.xlsx#현대해상!E146,2026-08-17
HYUNDAI,고급형,2,F,72,13900,1,DIRECT_QUOTE,13900,1,,,insurer_premiums_2026-08.xlsx#현대해상!E148,2026-08-17
HYUNDAI,고급형,2,F,73,14600,1,DIRECT_QUOTE,14600,1,,,insurer_premiums_2026-08.xlsx#현대해상!E150,2026-08-17
HYUNDAI,고급형,2,F,74,15300,1,DIRECT_QUOTE,15300,1,,,insurer_premiums_2026-08.xlsx#현대해상!E152,2026-08-17
HYUNDAI,고급형,2,F,75,15900,1,DIRECT_QUOTE,15900,1,,,insurer_premiums_2026-08.xlsx#현대해상!E154,2026-08-17
HYUNDAI,고급형,2,F,76,16600,1,DIRECT_QUOTE,16600,1,,,insurer_premiums_2026-08.xlsx#현대해상!E156,2026-08-17
HYUNDAI,고급형,2,F,77,16900,1,DIRECT_QUOTE,16900,1,,,insurer_premiums_2026-08.xlsx#현대해상!E158,2026-08-17
HYUNDAI,고급형,2,F,78,17200,1,DIRECT_QUOTE,17200,1,,,insurer_premiums_2026-08.xlsx#현대해상!E160,2026-08-17
HYUNDAI,고급형,2,M,0,6500,1,DIRECT_QUOTE,6500,1,,,insurer_premiums_2026-08.xlsx#현대해상!E3,2026-08-17
HYUNDAI,고급형,2,M,1,5600,1,DIRECT_QUOTE,5600,1,,,insurer_premiums_2026-08.xlsx#현대해상!E5,2026-08-17
HYUNDAI,고급형,2,M,2,4900,1,DIRECT_QUOTE,4900,1,,,insurer_premiums_2026-08.xlsx#현대해상!E7,2026-08-17
HYUNDAI,고급형,2,M,3,4800,1,DIRECT_QUOTE,4800,1,,,insurer_premiums_2026-08.xlsx#현대해상!E9,2026-08-17
HYUNDAI,고급형,2,M,4,4700,1,DIRECT_QUOTE,4700,1,,,insurer_premiums_2026-08.xlsx#현대해상!E11,2026-08-17
HYUNDAI,고급형,2,M,5,4900,1,DIRECT_QUOTE,4900,1,,,insurer_premiums_2026-08.xlsx#현대해상!E13,2026-08-17
HYUNDAI,고급형,2,M,6,4700,1,DIRECT_QUOTE,4700,1,,,insurer_premiums_2026-08.xlsx#현대해상!E15,2026-08-17
HYUNDAI,고급형,2,M,7,4700,1,DIRECT_QUOTE,4700,1,,,insurer_premiums_2026-08.xlsx#현대해상!E17,2026-08-17
HYUNDAI,고급형,2,M,8,4700,1,DIRECT_QUOTE,4700,1,,,insurer_premiums_2026-08.xlsx#현대해상!E19,2026-08-17
HYUNDAI,고급형,2,M,9,4700,1,DIRECT_QUOTE,4700,1,,,insurer_premiums_2026-08.xlsx#현대해상!E21,2026-08-17
HYUNDAI,고급형,2,M,10,4700,1,DIRECT_QUOTE,4700,1,,,insurer_premiums_2026-08.xlsx#현대해상!E23,2026-08-17
HYUNDAI,고급형,2,M,11,4800,1,DIRECT_QUOTE,4800,1,,,insurer_premiums_2026-08.xlsx#현대해상!E25,2026-08-17
HYUNDAI,고급형,2,M,12,4800,1,DIRECT_QUOTE,4800,1,,,insurer_premiums_2026-08.xlsx#현대해상!E27,2026-08-17
HYUNDAI,고급형,2,M,13,4900,1,DIRECT_QUOTE,4900,1,,,insurer_premiums_2026-08.xlsx#현대해상!E29,2026-08-17
HYUNDAI,고급형,2,M,14,5000,1,DIRECT_QUOTE,5000,1,,,insurer_premiums_2026-08.xlsx#현대해상!E31,2026-08-17
HYUNDAI,고급형,2,M,15,5100,1,DIRECT_QUOTE,5100,1,,,insurer_premiums_2026-08.xlsx#현대해상!E33,2026-08-17
HYUNDAI,고급형,2,M,16,5200,1,DIRECT_QUOTE,5200,1,,,insurer_premiums_2026-08.xlsx#현대해상!E35,2026-08-17
HYUNDAI,고급형,2,M,17,5300,1,DIRECT_QUOTE,5300,1,,,insurer_premiums_2026-08.xlsx#현대해상!E37,2026-08-17
HYUNDAI,고급형,2,M,18,5300,1,DIRECT_QUOTE,5300,1,,,insurer_premiums_2026-08.xlsx#현대해상!E39,2026-08-17
HYUNDAI,고급형,2,M,19,5300,1,DIRECT_QUOTE,5300,1,,,insurer_premiums_2026-08.xlsx#현대해상!E41,2026-08-17
HYUNDAI,고급형,2,M,20,5300,1,DIRECT_QUOTE,5300,1,,,insurer_premiums_2026-08.xlsx#현대해상!E43,2026-08-17
HYUNDAI,고급형,2,M,21,5300,1,DIRECT_QUOTE,5300,1,,,insurer_premiums_2026-08.xlsx#현대해상!E45,2026-08-17
HYUNDAI,고급형,2,M,22,5300,1,DIRECT_QUOTE,5300,1,,,insurer_premiums_2026-08.xlsx#현대해상!E47,2026-08-17
HYUNDAI,고급형,2,M,23,5300,1,DIRECT_QUOTE,5300,1,,,insurer_premiums_2026-08.xlsx#현대해상!E49,2026-08-17
HYUNDAI,고급형,2,M,24,5300,1,DIRECT_QUOTE,5300,1,,,insurer_premiums_2026-08.xlsx#현대해상!E51,2026-08-17
HYUNDAI,고급형,2,M,25,5400,1,DIRECT_QUOTE,5400,1,,,insurer_premiums_2026-08.xlsx#현대해상!E53,2026-08-17
HYUNDAI,고급형,2,M,26,5400,1,DIRECT_QUOTE,5400,1,,,insurer_premiums_2026-08.xlsx#현대해상!E55,2026-08-17
HYUNDAI,고급형,2,M,27,5400,1,DIRECT_QUOTE,5400,1,,,insurer_premiums_2026-08.xlsx#현대해상!E57,2026-08-17
HYUNDAI,고급형,2,M,28,5400,1,DIRECT_QUOTE,5400,1,,,insurer_premiums_2026-08.xlsx#현대해상!E59,2026-08-17
HYUNDAI,고급형,2,M,29,5400,1,DIRECT_QUOTE,5400,1,,,insurer_premiums_2026-08.xlsx#현대해상!E61,2026-08-17
HYUNDAI,고급형,2,M,30,5500,1,DIRECT_QUOTE,5500,1,,,insurer_premiums_2026-08.xlsx#현대해상!E63,2026-08-17
HYUNDAI,고급형,2,M,31,5500,1,DIRECT_QUOTE,5500,1,,,insurer_premiums_2026-08.xlsx#현대해상!E65,2026-08-17
HYUNDAI,고급형,2,M,32,5500,1,DIRECT_QUOTE,5500,1,,,insurer_premiums_2026-08.xlsx#현대해상!E67,2026-08-17
HYUNDAI,고급형,2,M,33,5600,1,DIRECT_QUOTE,5600,1,,,insurer_premiums_2026-08.xlsx#현대해상!E69,2026-08-17
HYUNDAI,고급형,2,M,34,5600,1,DIRECT_QUOTE,5600,1,,,insurer_premiums_2026-08.xlsx#현대해상!E71,2026-08-17
HYUNDAI,고급형,2,M,35,5700,1,DIRECT_QUOTE,5700,1,,,insurer_premiums_2026-08.xlsx#현대해상!E73,2026-08-17
HYUNDAI,고급형,2,M,36,5700,1,DIRECT_QUOTE,5700,1,,,insurer_premiums_2026-08.xlsx#현대해상!E75,2026-08-17
HYUNDAI,고급형,2,M,37,5700,1,DIRECT_QUOTE,5700,1,,,insurer_premiums_2026-08.xlsx#현대해상!E77,2026-08-17
HYUNDAI,고급형,2,M,38,5800,1,DIRECT_QUOTE,5800,1,,,insurer_premiums_2026-08.xlsx#현대해상!E79,2026-08-17
HYUNDAI,고급형,2,M,39,5800,1,DIRECT_QUOTE,5800,1,,,insurer_premiums_2026-08.xlsx#현대해상!E81,2026-08-17
HYUNDAI,고급형,2,M,40,5800,1,DIRECT_QUOTE,5800,1,,,insurer_premiums_2026-08.xlsx#현대해상!E83,2026-08-17
HYUNDAI,고급형,2,M,41,5900,1,DIRECT_QUOTE,5900,1,,,insurer_premiums_2026-08.xlsx#현대해상!E85,2026-08-17
HYUNDAI,고급형,2,M,42,5900,1,DIRECT_QUOTE,5900,1,,,insurer_premiums_2026-08.xlsx#현대해상!E87,2026-08-17
HYUNDAI,고급형,2,M,43,6000,1,DIRECT_QUOTE,6000,1,,,insurer_premiums_2026-08.xlsx#현대해상!E89,2026-08-17
HYUNDAI,고급형,2,M,44,6000,1,DIRECT_QUOTE,6000,1,,,insurer_premiums_2026-08.xlsx#현대해상!E91,2026-08-17
HYUNDAI,고급형,2,M,45,6100,1,DIRECT_QUOTE,6100,1,,,insurer_premiums_2026-08.xlsx#현대해상!E93,2026-08-17
HYUNDAI,고급형,2,M,46,6200,1,DIRECT_QUOTE,6200,1,,,insurer_premiums_2026-08.xlsx#현대해상!E95,2026-08-17
HYUNDAI,고급형,2,M,47,6300,1,DIRECT_QUOTE,6300,1,,,insurer_premiums_2026-08.xlsx#현대해상!E97,2026-08-17
HYUNDAI,고급형,2,M,48,6400,1,DIRECT_QUOTE,6400,1,,,insurer_premiums_2026-08.xlsx#현대해상!E99,2026-08-17
HYUNDAI,고급형,2,M,49,6600,1,DIRECT_QUOTE,6600,1,,,insurer_premiums_2026-08.xlsx#현대해상!E101,2026-08-17
HYUNDAI,고급형,2,M,50,6700,1,DIRECT_QUOTE,6700,1,,,insurer_premiums_2026-08.xlsx#현대해상!E103,2026-08-17
HYUNDAI,고급형,2,M,51,6800,1,DIRECT_QUOTE,6800,1,,,insurer_premiums_2026-08.xlsx#현대해상!E105,2026-08-17
HYUNDAI,고급형,2,M,52,7000,1,DIRECT_QUOTE,7000,1,,,insurer_premiums_2026-08.xlsx#현대해상!E107,2026-08-17
HYUNDAI,고급형,2,M,53,7200,1,DIRECT_QUOTE,7200,1,,,insurer_premiums_2026-08.xlsx#현대해상!E109,2026-08-17
HYUNDAI,고급형,2,M,54,7400,1,DIRECT_QUOTE,7400,1,,,insurer_premiums_2026-08.xlsx#현대해상!E111,2026-08-17
HYUNDAI,고급형,2,M,55,7600,1,DIRECT_QUOTE,7600,1,,,insurer_premiums_2026-08.xlsx#현대해상!E113,2026-08-17
HYUNDAI,고급형,2,M,56,7700,1,DIRECT_QUOTE,7700,1,,,insurer_premiums_2026-08.xlsx#현대해상!E115,2026-08-17
HYUNDAI,고급형,2,M,57,8000,1,DIRECT_QUOTE,8000,1,,,insurer_premiums_2026-08.xlsx#현대해상!E117,2026-08-17
HYUNDAI,고급형,2,M,58,8200,1,DIRECT_QUOTE,8200,1,,,insurer_premiums_2026-08.xlsx#현대해상!E119,2026-08-17
HYUNDAI,고급형,2,M,59,8600,1,DIRECT_QUOTE,8600,1,,,insurer_premiums_2026-08.xlsx#현대해상!E121,2026-08-17
HYUNDAI,고급형,2,M,60,8900,1,DIRECT_QUOTE,8900,1,,,insurer_premiums_2026-08.xlsx#현대해상!E123,2026-08-17
HYUNDAI,고급형,2,M,61,9100,1,DIRECT_QUOTE,9100,1,,,insurer_premiums_2026-08.xlsx#현대해상!E125,2026-08-17
HYUNDAI,고급형,2,M,62,9300,1,DIRECT_QUOTE,9300,1,,,insurer_premiums_2026-08.xlsx#현대해상!E127,2026-08-17
HYUNDAI,고급형,2,M,63,9700,1,DIRECT_QUOTE,9700,1,,,insurer_premiums_2026-08.xlsx#현대해상!E129,2026-08-17
HYUNDAI,고급형,2,M,64,9900,1,DIRECT_QUOTE,9900,1,,,insurer_premiums_2026-08.xlsx#현대해상!E131,2026-08-17
HYUNDAI,고급형,2,M,65,10200,1,DIRECT_QUOTE,10200,1,,,insurer_premiums_2026-08.xlsx#현대해상!E133,2026-08-17
HYUNDAI,고급형,2,M,66,10400,1,DIRECT_QUOTE,10400,1,,,insurer_premiums_2026-08.xlsx#현대해상!E135,2026-08-17
HYUNDAI,고급형,2,M,67,10600,1,DIRECT_QUOTE,10600,1,,,insurer_premiums_2026-08.xlsx#현대해상!E137,2026-08-17
HYUNDAI,고급형,2,M,68,10800,1,DIRECT_QUOTE,10800,1,,,insurer_premiums_2026-08.xlsx#현대해상!E139,2026-08-17
HYUNDAI,고급형,2,M,69,11000,1,DIRECT_QUOTE,11000,1,,,insurer_premiums_2026-08.xlsx#현대해상!E141,2026-08-17
HYUNDAI,고급형,2,M,70,11200,1,DIRECT_QUOTE,11200,1,,,insurer_premiums_2026-08.xlsx#현대해상!E143,2026-08-17
HYUNDAI,고급형,2,M,71,11400,1,DIRECT_QUOTE,11400,1,,,insurer_premiums_2026-08.xlsx#현대해상!E145,2026-08-17
HYUNDAI,고급형,2,M,72,11600,1,DIRECT_QUOTE,11600,1,,,insurer_premiums_2026-08.xlsx#현대해상!E147,2026-08-17
HYUNDAI,고급형,2,M,73,11900,1,DIRECT_QUOTE,11900,1,,,insurer_premiums_2026-08.xlsx#현대해상!E149,2026-08-17
HYUNDAI,고급형,2,M,74,12100,1,DIRECT_QUOTE,12100,1,,,insurer_premiums_2026-08.xlsx#현대해상!E151,2026-08-17
HYUNDAI,고급형,2,M,75,12400,1,DIRECT_QUOTE,12400,1,,,insurer_premiums_2026-08.xlsx#현대해상!E153,2026-08-17
HYUNDAI,고급형,2,M,76,12600,1,DIRECT_QUOTE,12600,1,,,insurer_premiums_2026-08.xlsx#현대해상!E155,2026-08-17
HYUNDAI,고급형,2,M,77,12800,1,DIRECT_QUOTE,12800,1,,,insurer_premiums_2026-08.xlsx#현대해상!E157,2026-08-17
HYUNDAI,고급형,2,M,78,13000,1,DIRECT_QUOTE,13000,1,,,insurer_premiums_2026-08.xlsx#현대해상!E159,2026-08-17
HYUNDAI,실속형,0,F,0,3100,1,DIRECT_QUOTE,3100,1,,,insurer_premiums_2026-08.xlsx#현대해상!C4,2026-08-17
HYUNDAI,실속형,0,F,1,2700,1,DIRECT_QUOTE,2700,1,,,insurer_premiums_2026-08.xlsx#현대해상!C6,2026-08-17
HYUNDAI,실속형,0,F,2,2500,1,DIRECT_QUOTE,2500,1,,,insurer_premiums_2026-08.xlsx#현대해상!C8,2026-08-17
HYUNDAI,실속형,0,F,3,2400,1,DIRECT_QUOTE,2400,1,,,insurer_premiums_2026-08.xlsx#현대해상!C10,2026-08-17
HYUNDAI,실속형,0,F,4,2400,1,DIRECT_QUOTE,2400,1,,,insurer_premiums_2026-08.xlsx#현대해상!C12,2026-08-17
HYUNDAI,실속형,0,F,5,2500,1,DIRECT_QUOTE,2500,1,,,insurer_premiums_2026-08.xlsx#현대해상!C14,2026-08-17
HYUNDAI,실속형,0,F,6,2400,1,DIRECT_QUOTE,2400,1,,,insurer_premiums_2026-08.xlsx#현대해상!C16,2026-08-17
HYUNDAI,실속형,0,F,7,2400,1,DIRECT_QUOTE,2400,1,,,insurer_premiums_2026-08.xlsx#현대해상!C18,2026-08-17
HYUNDAI,실속형,0,F,8,2400,1,DIRECT_QUOTE,2400,1,,,insurer_premiums_2026-08.xlsx#현대해상!C20,2026-08-17
HYUNDAI,실속형,0,F,9,2400,1,DIRECT_QUOTE,2400,1,,,insurer_premiums_2026-08.xlsx#현대해상!C22,2026-08-17
HYUNDAI,실속형,0,F,10,2400,1,DIRECT_QUOTE,2400,1,,,insurer_premiums_2026-08.xlsx#현대해상!C24,2026-08-17
HYUNDAI,실속형,0,F,11,2400,1,DIRECT_QUOTE,2400,1,,,insurer_premiums_2026-08.xlsx#현대해상!C26,2026-08-17
HYUNDAI,실속형,0,F,12,2400,1,DIRECT_QUOTE,2400,1,,,insurer_premiums_2026-08.xlsx#현대해상!C28,2026-08-17
HYUNDAI,실속형,0,F,13,2400,1,DIRECT_QUOTE,2400,1,,,insurer_premiums_2026-08.xlsx#현대해상!C30,2026-08-17
HYUNDAI,실속형,0,F,14,2400,1,DIRECT_QUOTE,2400,1,,,insurer_premiums_2026-08.xlsx#현대해상!C32,2026-08-17
HYUNDAI,실속형,0,F,15,2400,1,DIRECT_QUOTE,2400,1,,,insurer_premiums_2026-08.xlsx#현대해상!C34,2026-08-17
HYUNDAI,실속형,0,F,16,2400,1,DIRECT_QUOTE,2400,1,,,insurer_premiums_2026-08.xlsx#현대해상!C36,2026-08-17
HYUNDAI,실속형,0,F,17,2500,1,DIRECT_QUOTE,2500,1,,,insurer_premiums_2026-08.xlsx#현대해상!C38,2026-08-17
HYUNDAI,실속형,0,F,18,2500,1,DIRECT_QUOTE,2500,1,,,insurer_premiums_2026-08.xlsx#현대해상!C40,2026-08-17
HYUNDAI,실속형,0,F,19,2500,1,DIRECT_QUOTE,2500,1,,,insurer_premiums_2026-08.xlsx#현대해상!C42,2026-08-17
HYUNDAI,실속형,0,F,20,2600,1,DIRECT_QUOTE,2600,1,,,insurer_premiums_2026-08.xlsx#현대해상!C44,2026-08-17
HYUNDAI,실속형,0,F,21,2600,1,DIRECT_QUOTE,2600,1,,,insurer_premiums_2026-08.xlsx#현대해상!C46,2026-08-17
HYUNDAI,실속형,0,F,22,2600,1,DIRECT_QUOTE,2600,1,,,insurer_premiums_2026-08.xlsx#현대해상!C48,2026-08-17
HYUNDAI,실속형,0,F,23,2600,1,DIRECT_QUOTE,2600,1,,,insurer_premiums_2026-08.xlsx#현대해상!C50,2026-08-17
HYUNDAI,실속형,0,F,24,2600,1,DIRECT_QUOTE,2600,1,,,insurer_premiums_2026-08.xlsx#현대해상!C52,2026-08-17
HYUNDAI,실속형,0,F,25,2600,1,DIRECT_QUOTE,2600,1,,,insurer_premiums_2026-08.xlsx#현대해상!C54,2026-08-17
HYUNDAI,실속형,0,F,26,2600,1,DIRECT_QUOTE,2600,1,,,insurer_premiums_2026-08.xlsx#현대해상!C56,2026-08-17
HYUNDAI,실속형,0,F,27,2600,1,DIRECT_QUOTE,2600,1,,,insurer_premiums_2026-08.xlsx#현대해상!C58,2026-08-17
HYUNDAI,실속형,0,F,28,2600,1,DIRECT_QUOTE,2600,1,,,insurer_premiums_2026-08.xlsx#현대해상!C60,2026-08-17
HYUNDAI,실속형,0,F,29,2600,1,DIRECT_QUOTE,2600,1,,,insurer_premiums_2026-08.xlsx#현대해상!C62,2026-08-17
HYUNDAI,실속형,0,F,30,2600,1,DIRECT_QUOTE,2600,1,,,insurer_premiums_2026-08.xlsx#현대해상!C64,2026-08-17
HYUNDAI,실속형,0,F,31,2600,1,DIRECT_QUOTE,2600,1,,,insurer_premiums_2026-08.xlsx#현대해상!C66,2026-08-17
HYUNDAI,실속형,0,F,32,2600,1,DIRECT_QUOTE,2600,1,,,insurer_premiums_2026-08.xlsx#현대해상!C68,2026-08-17
HYUNDAI,실속형,0,F,33,2700,1,DIRECT_QUOTE,2700,1,,,insurer_premiums_2026-08.xlsx#현대해상!C70,2026-08-17
HYUNDAI,실속형,0,F,34,2700,1,DIRECT_QUOTE,2700,1,,,insurer_premiums_2026-08.xlsx#현대해상!C72,2026-08-17
HYUNDAI,실속형,0,F,35,2700,1,DIRECT_QUOTE,2700,1,,,insurer_premiums_2026-08.xlsx#현대해상!C74,2026-08-17
HYUNDAI,실속형,0,F,36,2700,1,DIRECT_QUOTE,2700,1,,,insurer_premiums_2026-08.xlsx#현대해상!C76,2026-08-17
HYUNDAI,실속형,0,F,37,2800,1,DIRECT_QUOTE,2800,1,,,insurer_premiums_2026-08.xlsx#현대해상!C78,2026-08-17
HYUNDAI,실속형,0,F,38,2800,1,DIRECT_QUOTE,2800,1,,,insurer_premiums_2026-08.xlsx#현대해상!C80,2026-08-17
HYUNDAI,실속형,0,F,39,2900,1,DIRECT_QUOTE,2900,1,,,insurer_premiums_2026-08.xlsx#현대해상!C82,2026-08-17
HYUNDAI,실속형,0,F,40,2900,1,DIRECT_QUOTE,2900,1,,,insurer_premiums_2026-08.xlsx#현대해상!C84,2026-08-17
HYUNDAI,실속형,0,F,41,3000,1,DIRECT_QUOTE,3000,1,,,insurer_premiums_2026-08.xlsx#현대해상!C86,2026-08-17
HYUNDAI,실속형,0,F,42,3000,1,DIRECT_QUOTE,3000,1,,,insurer_premiums_2026-08.xlsx#현대해상!C88,2026-08-17
HYUNDAI,실속형,0,F,43,3100,1,DIRECT_QUOTE,3100,1,,,insurer_premiums_2026-08.xlsx#현대해상!C90,2026-08-17
HYUNDAI,실속형,0,F,44,3100,1,DIRECT_QUOTE,3100,1,,,insurer_premiums_2026-08.xlsx#현대해상!C92,2026-08-17
HYUNDAI,실속형,0,F,45,3100,1,DIRECT_QUOTE,3100,1,,,insurer_premiums_2026-08.xlsx#현대해상!C94,2026-08-17
HYUNDAI,실속형,0,F,46,3200,1,DIRECT_QUOTE,3200,1,,,insurer_premiums_2026-08.xlsx#현대해상!C96,2026-08-17
HYUNDAI,실속형,0,F,47,3200,1,DIRECT_QUOTE,3200,1,,,insurer_premiums_2026-08.xlsx#현대해상!C98,2026-08-17
HYUNDAI,실속형,0,F,48,3300,1,DIRECT_QUOTE,3300,1,,,insurer_premiums_2026-08.xlsx#현대해상!C100,2026-08-17
HYUNDAI,실속형,0,F,49,3300,1,DIRECT_QUOTE,3300,1,,,insurer_premiums_2026-08.xlsx#현대해상!C102,2026-08-17
HYUNDAI,실속형,0,F,50,3400,1,DIRECT_QUOTE,3400,1,,,insurer_premiums_2026-08.xlsx#현대해상!C104,2026-08-17
HYUNDAI,실속형,0,F,51,3400,1,DIRECT_QUOTE,3400,1,,,insurer_premiums_2026-08.xlsx#현대해상!C106,2026-08-17
HYUNDAI,실속형,0,F,52,3500,1,DIRECT_QUOTE,3500,1,,,insurer_premiums_2026-08.xlsx#현대해상!C108,2026-08-17
HYUNDAI,실속형,0,F,53,3500,1,DIRECT_QUOTE,3500,1,,,insurer_premiums_2026-08.xlsx#현대해상!C110,2026-08-17
HYUNDAI,실속형,0,F,54,3500,1,DIRECT_QUOTE,3500,1,,,insurer_premiums_2026-08.xlsx#현대해상!C112,2026-08-17
HYUNDAI,실속형,0,F,55,3600,1,DIRECT_QUOTE,3600,1,,,insurer_premiums_2026-08.xlsx#현대해상!C114,2026-08-17
HYUNDAI,실속형,0,F,56,3600,1,DIRECT_QUOTE,3600,1,,,insurer_premiums_2026-08.xlsx#현대해상!C116,2026-08-17
HYUNDAI,실속형,0,F,57,3700,1,DIRECT_QUOTE,3700,1,,,insurer_premiums_2026-08.xlsx#현대해상!C118,2026-08-17
HYUNDAI,실속형,0,F,58,3800,1,DIRECT_QUOTE,3800,1,,,insurer_premiums_2026-08.xlsx#현대해상!C120,2026-08-17
HYUNDAI,실속형,0,F,59,4100,1,DIRECT_QUOTE,4100,1,,,insurer_premiums_2026-08.xlsx#현대해상!C122,2026-08-17
HYUNDAI,실속형,0,F,60,4200,1,DIRECT_QUOTE,4200,1,,,insurer_premiums_2026-08.xlsx#현대해상!C124,2026-08-17
HYUNDAI,실속형,0,F,61,4300,1,DIRECT_QUOTE,4300,1,,,insurer_premiums_2026-08.xlsx#현대해상!C126,2026-08-17
HYUNDAI,실속형,0,F,62,4500,1,DIRECT_QUOTE,4500,1,,,insurer_premiums_2026-08.xlsx#현대해상!C128,2026-08-17
HYUNDAI,실속형,0,F,63,4600,1,DIRECT_QUOTE,4600,1,,,insurer_premiums_2026-08.xlsx#현대해상!C130,2026-08-17
HYUNDAI,실속형,0,F,64,4800,1,DIRECT_QUOTE,4800,1,,,insurer_premiums_2026-08.xlsx#현대해상!C132,2026-08-17
HYUNDAI,실속형,0,F,65,5000,1,DIRECT_QUOTE,5000,1,,,insurer_premiums_2026-08.xlsx#현대해상!C134,2026-08-17
HYUNDAI,실속형,0,F,66,5100,1,DIRECT_QUOTE,5100,1,,,insurer_premiums_2026-08.xlsx#현대해상!C136,2026-08-17
HYUNDAI,실속형,0,F,67,5300,1,DIRECT_QUOTE,5300,1,,,insurer_premiums_2026-08.xlsx#현대해상!C138,2026-08-17
HYUNDAI,실속형,0,F,68,5400,1,DIRECT_QUOTE,5400,1,,,insurer_premiums_2026-08.xlsx#현대해상!C140,2026-08-17
HYUNDAI,실속형,0,F,69,5500,1,DIRECT_QUOTE,5500,1,,,insurer_premiums_2026-08.xlsx#현대해상!C142,2026-08-17
HYUNDAI,실속형,0,F,70,5700,1,DIRECT_QUOTE,5700,1,,,insurer_premiums_2026-08.xlsx#현대해상!C144,2026-08-17
HYUNDAI,실속형,0,F,71,5800,1,DIRECT_QUOTE,5800,1,,,insurer_premiums_2026-08.xlsx#현대해상!C146,2026-08-17
HYUNDAI,실속형,0,F,72,6000,1,DIRECT_QUOTE,6000,1,,,insurer_premiums_2026-08.xlsx#현대해상!C148,2026-08-17
HYUNDAI,실속형,0,F,73,6300,1,DIRECT_QUOTE,6300,1,,,insurer_premiums_2026-08.xlsx#현대해상!C150,2026-08-17
HYUNDAI,실속형,0,F,74,6600,1,DIRECT_QUOTE,6600,1,,,insurer_premiums_2026-08.xlsx#현대해상!C152,2026-08-17
HYUNDAI,실속형,0,F,75,6800,1,DIRECT_QUOTE,6800,1,,,insurer_premiums_2026-08.xlsx#현대해상!C154,2026-08-17
HYUNDAI,실속형,0,F,76,7100,1,DIRECT_QUOTE,7100,1,,,insurer_premiums_2026-08.xlsx#현대해상!C156,2026-08-17
HYUNDAI,실속형,0,F,77,7200,1,DIRECT_QUOTE,7200,1,,,insurer_premiums_2026-08.xlsx#현대해상!C158,2026-08-17
HYUNDAI,실속형,0,F,78,7300,1,DIRECT_QUOTE,7300,1,,,insurer_premiums_2026-08.xlsx#현대해상!C160,2026-08-17
HYUNDAI,실속형,0,M,0,3100,1,DIRECT_QUOTE,3100,1,,,insurer_premiums_2026-08.xlsx#현대해상!C3,2026-08-17
HYUNDAI,실속형,0,M,1,2800,1,DIRECT_QUOTE,2800,1,,,insurer_premiums_2026-08.xlsx#현대해상!C5,2026-08-17
HYUNDAI,실속형,0,M,2,2500,1,DIRECT_QUOTE,2500,1,,,insurer_premiums_2026-08.xlsx#현대해상!C7,2026-08-17
HYUNDAI,실속형,0,M,3,2500,1,DIRECT_QUOTE,2500,1,,,insurer_premiums_2026-08.xlsx#현대해상!C9,2026-08-17
HYUNDAI,실속형,0,M,4,2400,1,DIRECT_QUOTE,2400,1,,,insurer_premiums_2026-08.xlsx#현대해상!C11,2026-08-17
HYUNDAI,실속형,0,M,5,2500,1,DIRECT_QUOTE,2500,1,,,insurer_premiums_2026-08.xlsx#현대해상!C13,2026-08-17
HYUNDAI,실속형,0,M,6,2400,1,DIRECT_QUOTE,2400,1,,,insurer_premiums_2026-08.xlsx#현대해상!C15,2026-08-17
HYUNDAI,실속형,0,M,7,2400,1,DIRECT_QUOTE,2400,1,,,insurer_premiums_2026-08.xlsx#현대해상!C17,2026-08-17
HYUNDAI,실속형,0,M,8,2400,1,DIRECT_QUOTE,2400,1,,,insurer_premiums_2026-08.xlsx#현대해상!C19,2026-08-17
HYUNDAI,실속형,0,M,9,2400,1,DIRECT_QUOTE,2400,1,,,insurer_premiums_2026-08.xlsx#현대해상!C21,2026-08-17
HYUNDAI,실속형,0,M,10,2400,1,DIRECT_QUOTE,2400,1,,,insurer_premiums_2026-08.xlsx#현대해상!C23,2026-08-17
HYUNDAI,실속형,0,M,11,2400,1,DIRECT_QUOTE,2400,1,,,insurer_premiums_2026-08.xlsx#현대해상!C25,2026-08-17
HYUNDAI,실속형,0,M,12,2400,1,DIRECT_QUOTE,2400,1,,,insurer_premiums_2026-08.xlsx#현대해상!C27,2026-08-17
HYUNDAI,실속형,0,M,13,2500,1,DIRECT_QUOTE,2500,1,,,insurer_premiums_2026-08.xlsx#현대해상!C29,2026-08-17
HYUNDAI,실속형,0,M,14,2500,1,DIRECT_QUOTE,2500,1,,,insurer_premiums_2026-08.xlsx#현대해상!C31,2026-08-17
HYUNDAI,실속형,0,M,15,2600,1,DIRECT_QUOTE,2600,1,,,insurer_premiums_2026-08.xlsx#현대해상!C33,2026-08-17
HYUNDAI,실속형,0,M,16,2600,1,DIRECT_QUOTE,2600,1,,,insurer_premiums_2026-08.xlsx#현대해상!C35,2026-08-17
HYUNDAI,실속형,0,M,17,2600,1,DIRECT_QUOTE,2600,1,,,insurer_premiums_2026-08.xlsx#현대해상!C37,2026-08-17
HYUNDAI,실속형,0,M,18,2600,1,DIRECT_QUOTE,2600,1,,,insurer_premiums_2026-08.xlsx#현대해상!C39,2026-08-17
HYUNDAI,실속형,0,M,19,2600,1,DIRECT_QUOTE,2600,1,,,insurer_premiums_2026-08.xlsx#현대해상!C41,2026-08-17
HYUNDAI,실속형,0,M,20,2600,1,DIRECT_QUOTE,2600,1,,,insurer_premiums_2026-08.xlsx#현대해상!C43,2026-08-17
HYUNDAI,실속형,0,M,21,2600,1,DIRECT_QUOTE,2600,1,,,insurer_premiums_2026-08.xlsx#현대해상!C45,2026-08-17
HYUNDAI,실속형,0,M,22,2600,1,DIRECT_QUOTE,2600,1,,,insurer_premiums_2026-08.xlsx#현대해상!C47,2026-08-17
HYUNDAI,실속형,0,M,23,2600,1,DIRECT_QUOTE,2600,1,,,insurer_premiums_2026-08.xlsx#현대해상!C49,2026-08-17
HYUNDAI,실속형,0,M,24,2600,1,DIRECT_QUOTE,2600,1,,,insurer_premiums_2026-08.xlsx#현대해상!C51,2026-08-17
HYUNDAI,실속형,0,M,25,2600,1,DIRECT_QUOTE,2600,1,,,insurer_premiums_2026-08.xlsx#현대해상!C53,2026-08-17
HYUNDAI,실속형,0,M,26,2600,1,DIRECT_QUOTE,2600,1,,,insurer_premiums_2026-08.xlsx#현대해상!C55,2026-08-17
HYUNDAI,실속형,0,M,27,2700,1,DIRECT_QUOTE,2700,1,,,insurer_premiums_2026-08.xlsx#현대해상!C57,2026-08-17
HYUNDAI,실속형,0,M,28,2700,1,DIRECT_QUOTE,2700,1,,,insurer_premiums_2026-08.xlsx#현대해상!C59,2026-08-17
HYUNDAI,실속형,0,M,29,2700,1,DIRECT_QUOTE,2700,1,,,insurer_premiums_2026-08.xlsx#현대해상!C61,2026-08-17
HYUNDAI,실속형,0,M,30,2700,1,DIRECT_QUOTE,2700,1,,,insurer_premiums_2026-08.xlsx#현대해상!C63,2026-08-17
HYUNDAI,실속형,0,M,31,2700,1,DIRECT_QUOTE,2700,1,,,insurer_premiums_2026-08.xlsx#현대해상!C65,2026-08-17
HYUNDAI,실속형,0,M,32,2700,1,DIRECT_QUOTE,2700,1,,,insurer_premiums_2026-08.xlsx#현대해상!C67,2026-08-17
HYUNDAI,실속형,0,M,33,2700,1,DIRECT_QUOTE,2700,1,,,insurer_premiums_2026-08.xlsx#현대해상!C69,2026-08-17
HYUNDAI,실속형,0,M,34,2700,1,DIRECT_QUOTE,2700,1,,,insurer_premiums_2026-08.xlsx#현대해상!C71,2026-08-17
HYUNDAI,실속형,0,M,35,2700,1,DIRECT_QUOTE,2700,1,,,insurer_premiums_2026-08.xlsx#현대해상!C73,2026-08-17
HYUNDAI,실속형,0,M,36,2800,1,DIRECT_QUOTE,2800,1,,,insurer_premiums_2026-08.xlsx#현대해상!C75,2026-08-17
HYUNDAI,실속형,0,M,37,2800,1,DIRECT_QUOTE,2800,1,,,insurer_premiums_2026-08.xlsx#현대해상!C77,2026-08-17
HYUNDAI,실속형,0,M,38,2800,1,DIRECT_QUOTE,2800,1,,,insurer_premiums_2026-08.xlsx#현대해상!C79,2026-08-17
HYUNDAI,실속형,0,M,39,2800,1,DIRECT_QUOTE,2800,1,,,insurer_premiums_2026-08.xlsx#현대해상!C81,2026-08-17
HYUNDAI,실속형,0,M,40,2800,1,DIRECT_QUOTE,2800,1,,,insurer_premiums_2026-08.xlsx#현대해상!C83,2026-08-17
HYUNDAI,실속형,0,M,41,2800,1,DIRECT_QUOTE,2800,1,,,insurer_premiums_2026-08.xlsx#현대해상!C85,2026-08-17
HYUNDAI,실속형,0,M,42,2800,1,DIRECT_QUOTE,2800,1,,,insurer_premiums_2026-08.xlsx#현대해상!C87,2026-08-17
HYUNDAI,실속형,0,M,43,2900,1,DIRECT_QUOTE,2900,1,,,insurer_premiums_2026-08.xlsx#현대해상!C89,2026-08-17
HYUNDAI,실속형,0,M,44,2900,1,DIRECT_QUOTE,2900,1,,,insurer_premiums_2026-08.xlsx#현대해상!C91,2026-08-17
HYUNDAI,실속형,0,M,45,2900,1,DIRECT_QUOTE,2900,1,,,insurer_premiums_2026-08.xlsx#현대해상!C93,2026-08-17
HYUNDAI,실속형,0,M,46,3000,1,DIRECT_QUOTE,3000,1,,,insurer_premiums_2026-08.xlsx#현대해상!C95,2026-08-17
HYUNDAI,실속형,0,M,47,3000,1,DIRECT_QUOTE,3000,1,,,insurer_premiums_2026-08.xlsx#현대해상!C97,2026-08-17
HYUNDAI,실속형,0,M,48,3000,1,DIRECT_QUOTE,3000,1,,,insurer_premiums_2026-08.xlsx#현대해상!C99,2026-08-17
HYUNDAI,실속형,0,M,49,3100,1,DIRECT_QUOTE,3100,1,,,insurer_premiums_2026-08.xlsx#현대해상!C101,2026-08-17
HYUNDAI,실속형,0,M,50,3200,1,DIRECT_QUOTE,3200,1,,,insurer_premiums_2026-08.xlsx#현대해상!C103,2026-08-17
HYUNDAI,실속형,0,M,51,3200,1,DIRECT_QUOTE,3200,1,,,insurer_premiums_2026-08.xlsx#현대해상!C105,2026-08-17
HYUNDAI,실속형,0,M,52,3300,1,DIRECT_QUOTE,3300,1,,,insurer_premiums_2026-08.xlsx#현대해상!C107,2026-08-17
HYUNDAI,실속형,0,M,53,3400,1,DIRECT_QUOTE,3400,1,,,insurer_premiums_2026-08.xlsx#현대해상!C109,2026-08-17
HYUNDAI,실속형,0,M,54,3400,1,DIRECT_QUOTE,3400,1,,,insurer_premiums_2026-08.xlsx#현대해상!C111,2026-08-17
HYUNDAI,실속형,0,M,55,3500,1,DIRECT_QUOTE,3500,1,,,insurer_premiums_2026-08.xlsx#현대해상!C113,2026-08-17
HYUNDAI,실속형,0,M,56,3600,1,DIRECT_QUOTE,3600,1,,,insurer_premiums_2026-08.xlsx#현대해상!C115,2026-08-17
HYUNDAI,실속형,0,M,57,3700,1,DIRECT_QUOTE,3700,1,,,insurer_premiums_2026-08.xlsx#현대해상!C117,2026-08-17
HYUNDAI,실속형,0,M,58,3800,1,DIRECT_QUOTE,3800,1,,,insurer_premiums_2026-08.xlsx#현대해상!C119,2026-08-17
HYUNDAI,실속형,0,M,59,3900,1,DIRECT_QUOTE,3900,1,,,insurer_premiums_2026-08.xlsx#현대해상!C121,2026-08-17
HYUNDAI,실속형,0,M,60,4000,1,DIRECT_QUOTE,4000,1,,,insurer_premiums_2026-08.xlsx#현대해상!C123,2026-08-17
HYUNDAI,실속형,0,M,61,4100,1,DIRECT_QUOTE,4100,1,,,insurer_premiums_2026-08.xlsx#현대해상!C125,2026-08-17
HYUNDAI,실속형,0,M,62,4200,1,DIRECT_QUOTE,4200,1,,,insurer_premiums_2026-08.xlsx#현대해상!C127,2026-08-17
HYUNDAI,실속형,0,M,63,4300,1,DIRECT_QUOTE,4300,1,,,insurer_premiums_2026-08.xlsx#현대해상!C129,2026-08-17
HYUNDAI,실속형,0,M,64,4400,1,DIRECT_QUOTE,4400,1,,,insurer_premiums_2026-08.xlsx#현대해상!C131,2026-08-17
HYUNDAI,실속형,0,M,65,4500,1,DIRECT_QUOTE,4500,1,,,insurer_premiums_2026-08.xlsx#현대해상!C133,2026-08-17
HYUNDAI,실속형,0,M,66,4600,1,DIRECT_QUOTE,4600,1,,,insurer_premiums_2026-08.xlsx#현대해상!C135,2026-08-17
HYUNDAI,실속형,0,M,67,4700,1,DIRECT_QUOTE,4700,1,,,insurer_premiums_2026-08.xlsx#현대해상!C137,2026-08-17
HYUNDAI,실속형,0,M,68,4800,1,DIRECT_QUOTE,4800,1,,,insurer_premiums_2026-08.xlsx#현대해상!C139,2026-08-17
HYUNDAI,실속형,0,M,69,4900,1,DIRECT_QUOTE,4900,1,,,insurer_premiums_2026-08.xlsx#현대해상!C141,2026-08-17
HYUNDAI,실속형,0,M,70,4900,1,DIRECT_QUOTE,4900,1,,,insurer_premiums_2026-08.xlsx#현대해상!C143,2026-08-17
HYUNDAI,실속형,0,M,71,5000,1,DIRECT_QUOTE,5000,1,,,insurer_premiums_2026-08.xlsx#현대해상!C145,2026-08-17
HYUNDAI,실속형,0,M,72,5100,1,DIRECT_QUOTE,5100,1,,,insurer_premiums_2026-08.xlsx#현대해상!C147,2026-08-17
HYUNDAI,실속형,0,M,73,5200,1,DIRECT_QUOTE,5200,1,,,insurer_premiums_2026-08.xlsx#현대해상!C149,2026-08-17
HYUNDAI,실속형,0,M,74,5300,1,DIRECT_QUOTE,5300,1,,,insurer_premiums_2026-08.xlsx#현대해상!C151,2026-08-17
HYUNDAI,실속형,0,M,75,5400,1,DIRECT_QUOTE,5400,1,,,insurer_premiums_2026-08.xlsx#현대해상!C153,2026-08-17
HYUNDAI,실속형,0,M,76,5500,1,DIRECT_QUOTE,5500,1,,,insurer_premiums_2026-08.xlsx#현대해상!C155,2026-08-17
HYUNDAI,실속형,0,M,77,5600,1,DIRECT_QUOTE,5600,1,,,insurer_premiums_2026-08.xlsx#현대해상!C157,2026-08-17
HYUNDAI,실속형,0,M,78,5600,1,DIRECT_QUOTE,5600,1,,,insurer_premiums_2026-08.xlsx#현대해상!C159,2026-08-17
HYUNDAI,표준형,1,F,0,4300,1,DIRECT_QUOTE,4300,1,,,insurer_premiums_2026-08.xlsx#현대해상!D4,2026-08-17
HYUNDAI,표준형,1,F,1,3800,1,DIRECT_QUOTE,3800,1,,,insurer_premiums_2026-08.xlsx#현대해상!D6,2026-08-17
HYUNDAI,표준형,1,F,2,3400,1,DIRECT_QUOTE,3400,1,,,insurer_premiums_2026-08.xlsx#현대해상!D8,2026-08-17
HYUNDAI,표준형,1,F,3,3400,1,DIRECT_QUOTE,3400,1,,,insurer_premiums_2026-08.xlsx#현대해상!D10,2026-08-17
HYUNDAI,표준형,1,F,4,3300,1,DIRECT_QUOTE,3300,1,,,insurer_premiums_2026-08.xlsx#현대해상!D12,2026-08-17
HYUNDAI,표준형,1,F,5,3400,1,DIRECT_QUOTE,3400,1,,,insurer_premiums_2026-08.xlsx#현대해상!D14,2026-08-17
HYUNDAI,표준형,1,F,6,3300,1,DIRECT_QUOTE,3300,1,,,insurer_premiums_2026-08.xlsx#현대해상!D16,2026-08-17
HYUNDAI,표준형,1,F,7,3300,1,DIRECT_QUOTE,3300,1,,,insurer_premiums_2026-08.xlsx#현대해상!D18,2026-08-17
HYUNDAI,표준형,1,F,8,3300,1,DIRECT_QUOTE,3300,1,,,insurer_premiums_2026-08.xlsx#현대해상!D20,2026-08-17
HYUNDAI,표준형,1,F,9,3300,1,DIRECT_QUOTE,3300,1,,,insurer_premiums_2026-08.xlsx#현대해상!D22,2026-08-17
HYUNDAI,표준형,1,F,10,3300,1,DIRECT_QUOTE,3300,1,,,insurer_premiums_2026-08.xlsx#현대해상!D24,2026-08-17
HYUNDAI,표준형,1,F,11,3300,1,DIRECT_QUOTE,3300,1,,,insurer_premiums_2026-08.xlsx#현대해상!D26,2026-08-17
HYUNDAI,표준형,1,F,12,3300,1,DIRECT_QUOTE,3300,1,,,insurer_premiums_2026-08.xlsx#현대해상!D28,2026-08-17
HYUNDAI,표준형,1,F,13,3300,1,DIRECT_QUOTE,3300,1,,,insurer_premiums_2026-08.xlsx#현대해상!D30,2026-08-17
HYUNDAI,표준형,1,F,14,3300,1,DIRECT_QUOTE,3300,1,,,insurer_premiums_2026-08.xlsx#현대해상!D32,2026-08-17
HYUNDAI,표준형,1,F,15,3300,1,DIRECT_QUOTE,3300,1,,,insurer_premiums_2026-08.xlsx#현대해상!D34,2026-08-17
HYUNDAI,표준형,1,F,16,3400,1,DIRECT_QUOTE,3400,1,,,insurer_premiums_2026-08.xlsx#현대해상!D36,2026-08-17
HYUNDAI,표준형,1,F,17,3400,1,DIRECT_QUOTE,3400,1,,,insurer_premiums_2026-08.xlsx#현대해상!D38,2026-08-17
HYUNDAI,표준형,1,F,18,3500,1,DIRECT_QUOTE,3500,1,,,insurer_premiums_2026-08.xlsx#현대해상!D40,2026-08-17
HYUNDAI,표준형,1,F,19,3600,1,DIRECT_QUOTE,3600,1,,,insurer_premiums_2026-08.xlsx#현대해상!D42,2026-08-17
HYUNDAI,표준형,1,F,20,3600,1,DIRECT_QUOTE,3600,1,,,insurer_premiums_2026-08.xlsx#현대해상!D44,2026-08-17
HYUNDAI,표준형,1,F,21,3700,1,DIRECT_QUOTE,3700,1,,,insurer_premiums_2026-08.xlsx#현대해상!D46,2026-08-17
HYUNDAI,표준형,1,F,22,3700,1,DIRECT_QUOTE,3700,1,,,insurer_premiums_2026-08.xlsx#현대해상!D48,2026-08-17
HYUNDAI,표준형,1,F,23,3700,1,DIRECT_QUOTE,3700,1,,,insurer_premiums_2026-08.xlsx#현대해상!D50,2026-08-17
HYUNDAI,표준형,1,F,24,3700,1,DIRECT_QUOTE,3700,1,,,insurer_premiums_2026-08.xlsx#현대해상!D52,2026-08-17
HYUNDAI,표준형,1,F,25,3700,1,DIRECT_QUOTE,3700,1,,,insurer_premiums_2026-08.xlsx#현대해상!D54,2026-08-17
HYUNDAI,표준형,1,F,26,3700,1,DIRECT_QUOTE,3700,1,,,insurer_premiums_2026-08.xlsx#현대해상!D56,2026-08-17
HYUNDAI,표준형,1,F,27,3700,1,DIRECT_QUOTE,3700,1,,,insurer_premiums_2026-08.xlsx#현대해상!D58,2026-08-17
HYUNDAI,표준형,1,F,28,3700,1,DIRECT_QUOTE,3700,1,,,insurer_premiums_2026-08.xlsx#현대해상!D60,2026-08-17
HYUNDAI,표준형,1,F,29,3700,1,DIRECT_QUOTE,3700,1,,,insurer_premiums_2026-08.xlsx#현대해상!D62,2026-08-17
HYUNDAI,표준형,1,F,30,3700,1,DIRECT_QUOTE,3700,1,,,insurer_premiums_2026-08.xlsx#현대해상!D64,2026-08-17
HYUNDAI,표준형,1,F,31,3700,1,DIRECT_QUOTE,3700,1,,,insurer_premiums_2026-08.xlsx#현대해상!D66,2026-08-17
HYUNDAI,표준형,1,F,32,3700,1,DIRECT_QUOTE,3700,1,,,insurer_premiums_2026-08.xlsx#현대해상!D68,2026-08-17
HYUNDAI,표준형,1,F,33,3800,1,DIRECT_QUOTE,3800,1,,,insurer_premiums_2026-08.xlsx#현대해상!D70,2026-08-17
HYUNDAI,표준형,1,F,34,3800,1,DIRECT_QUOTE,3800,1,,,insurer_premiums_2026-08.xlsx#현대해상!D72,2026-08-17
HYUNDAI,표준형,1,F,35,3800,1,DIRECT_QUOTE,3800,1,,,insurer_premiums_2026-08.xlsx#현대해상!D74,2026-08-17
HYUNDAI,표준형,1,F,36,3900,1,DIRECT_QUOTE,3900,1,,,insurer_premiums_2026-08.xlsx#현대해상!D76,2026-08-17
HYUNDAI,표준형,1,F,37,4000,1,DIRECT_QUOTE,4000,1,,,insurer_premiums_2026-08.xlsx#현대해상!D78,2026-08-17
HYUNDAI,표준형,1,F,38,4000,1,DIRECT_QUOTE,4000,1,,,insurer_premiums_2026-08.xlsx#현대해상!D80,2026-08-17
HYUNDAI,표준형,1,F,39,4100,1,DIRECT_QUOTE,4100,1,,,insurer_premiums_2026-08.xlsx#현대해상!D82,2026-08-17
HYUNDAI,표준형,1,F,40,4200,1,DIRECT_QUOTE,4200,1,,,insurer_premiums_2026-08.xlsx#현대해상!D84,2026-08-17
HYUNDAI,표준형,1,F,41,4200,1,DIRECT_QUOTE,4200,1,,,insurer_premiums_2026-08.xlsx#현대해상!D86,2026-08-17
HYUNDAI,표준형,1,F,42,4300,1,DIRECT_QUOTE,4300,1,,,insurer_premiums_2026-08.xlsx#현대해상!D88,2026-08-17
HYUNDAI,표준형,1,F,43,4400,1,DIRECT_QUOTE,4400,1,,,insurer_premiums_2026-08.xlsx#현대해상!D90,2026-08-17
HYUNDAI,표준형,1,F,44,4400,1,DIRECT_QUOTE,4400,1,,,insurer_premiums_2026-08.xlsx#현대해상!D92,2026-08-17
HYUNDAI,표준형,1,F,45,4500,1,DIRECT_QUOTE,4500,1,,,insurer_premiums_2026-08.xlsx#현대해상!D94,2026-08-17
HYUNDAI,표준형,1,F,46,4600,1,DIRECT_QUOTE,4600,1,,,insurer_premiums_2026-08.xlsx#현대해상!D96,2026-08-17
HYUNDAI,표준형,1,F,47,4700,1,DIRECT_QUOTE,4700,1,,,insurer_premiums_2026-08.xlsx#현대해상!D98,2026-08-17
HYUNDAI,표준형,1,F,48,4800,1,DIRECT_QUOTE,4800,1,,,insurer_premiums_2026-08.xlsx#현대해상!D100,2026-08-17
HYUNDAI,표준형,1,F,49,4800,1,DIRECT_QUOTE,4800,1,,,insurer_premiums_2026-08.xlsx#현대해상!D102,2026-08-17
HYUNDAI,표준형,1,F,50,4900,1,DIRECT_QUOTE,4900,1,,,insurer_premiums_2026-08.xlsx#현대해상!D104,2026-08-17
HYUNDAI,표준형,1,F,51,5000,1,DIRECT_QUOTE,5000,1,,,insurer_premiums_2026-08.xlsx#현대해상!D106,2026-08-17
HYUNDAI,표준형,1,F,52,5000,1,DIRECT_QUOTE,5000,1,,,insurer_premiums_2026-08.xlsx#현대해상!D108,2026-08-17
HYUNDAI,표준형,1,F,53,5000,1,DIRECT_QUOTE,5000,1,,,insurer_premiums_2026-08.xlsx#현대해상!D110,2026-08-17
HYUNDAI,표준형,1,F,54,5100,1,DIRECT_QUOTE,5100,1,,,insurer_premiums_2026-08.xlsx#현대해상!D112,2026-08-17
HYUNDAI,표준형,1,F,55,5200,1,DIRECT_QUOTE,5200,1,,,insurer_premiums_2026-08.xlsx#현대해상!D114,2026-08-17
HYUNDAI,표준형,1,F,56,5300,1,DIRECT_QUOTE,5300,1,,,insurer_premiums_2026-08.xlsx#현대해상!D116,2026-08-17
HYUNDAI,표준형,1,F,57,5400,1,DIRECT_QUOTE,5400,1,,,insurer_premiums_2026-08.xlsx#현대해상!D118,2026-08-17
HYUNDAI,표준형,1,F,58,5600,1,DIRECT_QUOTE,5600,1,,,insurer_premiums_2026-08.xlsx#현대해상!D120,2026-08-17
HYUNDAI,표준형,1,F,59,6000,1,DIRECT_QUOTE,6000,1,,,insurer_premiums_2026-08.xlsx#현대해상!D122,2026-08-17
HYUNDAI,표준형,1,F,60,6200,1,DIRECT_QUOTE,6200,1,,,insurer_premiums_2026-08.xlsx#현대해상!D124,2026-08-17
HYUNDAI,표준형,1,F,61,6300,1,DIRECT_QUOTE,6300,1,,,insurer_premiums_2026-08.xlsx#현대해상!D126,2026-08-17
HYUNDAI,표준형,1,F,62,6600,1,DIRECT_QUOTE,6600,1,,,insurer_premiums_2026-08.xlsx#현대해상!D128,2026-08-17
HYUNDAI,표준형,1,F,63,6800,1,DIRECT_QUOTE,6800,1,,,insurer_premiums_2026-08.xlsx#현대해상!D130,2026-08-17
HYUNDAI,표준형,1,F,64,7100,1,DIRECT_QUOTE,7100,1,,,insurer_premiums_2026-08.xlsx#현대해상!D132,2026-08-17
HYUNDAI,표준형,1,F,65,7300,1,DIRECT_QUOTE,7300,1,,,insurer_premiums_2026-08.xlsx#현대해상!D134,2026-08-17
HYUNDAI,표준형,1,F,66,7500,1,DIRECT_QUOTE,7500,1,,,insurer_premiums_2026-08.xlsx#현대해상!D136,2026-08-17
HYUNDAI,표준형,1,F,67,7800,1,DIRECT_QUOTE,7800,1,,,insurer_premiums_2026-08.xlsx#현대해상!D138,2026-08-17
HYUNDAI,표준형,1,F,68,7900,1,DIRECT_QUOTE,7900,1,,,insurer_premiums_2026-08.xlsx#현대해상!D140,2026-08-17
HYUNDAI,표준형,1,F,69,8200,1,DIRECT_QUOTE,8200,1,,,insurer_premiums_2026-08.xlsx#현대해상!D142,2026-08-17
HYUNDAI,표준형,1,F,70,8400,1,DIRECT_QUOTE,8400,1,,,insurer_premiums_2026-08.xlsx#현대해상!D144,2026-08-17
HYUNDAI,표준형,1,F,71,8600,1,DIRECT_QUOTE,8600,1,,,insurer_premiums_2026-08.xlsx#현대해상!D146,2026-08-17
HYUNDAI,표준형,1,F,72,8900,1,DIRECT_QUOTE,8900,1,,,insurer_premiums_2026-08.xlsx#현대해상!D148,2026-08-17
HYUNDAI,표준형,1,F,73,9300,1,DIRECT_QUOTE,9300,1,,,insurer_premiums_2026-08.xlsx#현대해상!D150,2026-08-17
HYUNDAI,표준형,1,F,74,9700,1,DIRECT_QUOTE,9700,1,,,insurer_premiums_2026-08.xlsx#현대해상!D152,2026-08-17
HYUNDAI,표준형,1,F,75,10100,1,DIRECT_QUOTE,10100,1,,,insurer_premiums_2026-08.xlsx#현대해상!D154,2026-08-17
HYUNDAI,표준형,1,F,76,10500,1,DIRECT_QUOTE,10500,1,,,insurer_premiums_2026-08.xlsx#현대해상!D156,2026-08-17
HYUNDAI,표준형,1,F,77,10700,1,DIRECT_QUOTE,10700,1,,,insurer_premiums_2026-08.xlsx#현대해상!D158,2026-08-17
HYUNDAI,표준형,1,F,78,10900,1,DIRECT_QUOTE,10900,1,,,insurer_premiums_2026-08.xlsx#현대해상!D160,2026-08-17
HYUNDAI,표준형,1,M,0,4400,1,DIRECT_QUOTE,4400,1,,,insurer_premiums_2026-08.xlsx#현대해상!D3,2026-08-17
HYUNDAI,표준형,1,M,1,3900,1,DIRECT_QUOTE,3900,1,,,insurer_premiums_2026-08.xlsx#현대해상!D5,2026-08-17
HYUNDAI,표준형,1,M,2,3500,1,DIRECT_QUOTE,3500,1,,,insurer_premiums_2026-08.xlsx#현대해상!D7,2026-08-17
HYUNDAI,표준형,1,M,3,3400,1,DIRECT_QUOTE,3400,1,,,insurer_premiums_2026-08.xlsx#현대해상!D9,2026-08-17
HYUNDAI,표준형,1,M,4,3300,1,DIRECT_QUOTE,3300,1,,,insurer_premiums_2026-08.xlsx#현대해상!D11,2026-08-17
HYUNDAI,표준형,1,M,5,3500,1,DIRECT_QUOTE,3500,1,,,insurer_premiums_2026-08.xlsx#현대해상!D13,2026-08-17
HYUNDAI,표준형,1,M,6,3300,1,DIRECT_QUOTE,3300,1,,,insurer_premiums_2026-08.xlsx#현대해상!D15,2026-08-17
HYUNDAI,표준형,1,M,7,3300,1,DIRECT_QUOTE,3300,1,,,insurer_premiums_2026-08.xlsx#현대해상!D17,2026-08-17
HYUNDAI,표준형,1,M,8,3300,1,DIRECT_QUOTE,3300,1,,,insurer_premiums_2026-08.xlsx#현대해상!D19,2026-08-17
HYUNDAI,표준형,1,M,9,3300,1,DIRECT_QUOTE,3300,1,,,insurer_premiums_2026-08.xlsx#현대해상!D21,2026-08-17
HYUNDAI,표준형,1,M,10,3300,1,DIRECT_QUOTE,3300,1,,,insurer_premiums_2026-08.xlsx#현대해상!D23,2026-08-17
HYUNDAI,표준형,1,M,11,3400,1,DIRECT_QUOTE,3400,1,,,insurer_premiums_2026-08.xlsx#현대해상!D25,2026-08-17
HYUNDAI,표준형,1,M,12,3400,1,DIRECT_QUOTE,3400,1,,,insurer_premiums_2026-08.xlsx#현대해상!D27,2026-08-17
HYUNDAI,표준형,1,M,13,3400,1,DIRECT_QUOTE,3400,1,,,insurer_premiums_2026-08.xlsx#현대해상!D29,2026-08-17
HYUNDAI,표준형,1,M,14,3500,1,DIRECT_QUOTE,3500,1,,,insurer_premiums_2026-08.xlsx#현대해상!D31,2026-08-17
HYUNDAI,표준형,1,M,15,3600,1,DIRECT_QUOTE,3600,1,,,insurer_premiums_2026-08.xlsx#현대해상!D33,2026-08-17
HYUNDAI,표준형,1,M,16,3600,1,DIRECT_QUOTE,3600,1,,,insurer_premiums_2026-08.xlsx#현대해상!D35,2026-08-17
HYUNDAI,표준형,1,M,17,3700,1,DIRECT_QUOTE,3700,1,,,insurer_premiums_2026-08.xlsx#현대해상!D37,2026-08-17
HYUNDAI,표준형,1,M,18,3700,1,DIRECT_QUOTE,3700,1,,,insurer_premiums_2026-08.xlsx#현대해상!D39,2026-08-17
HYUNDAI,표준형,1,M,19,3700,1,DIRECT_QUOTE,3700,1,,,insurer_premiums_2026-08.xlsx#현대해상!D41,2026-08-17
HYUNDAI,표준형,1,M,20,3700,1,DIRECT_QUOTE,3700,1,,,insurer_premiums_2026-08.xlsx#현대해상!D43,2026-08-17
HYUNDAI,표준형,1,M,21,3700,1,DIRECT_QUOTE,3700,1,,,insurer_premiums_2026-08.xlsx#현대해상!D45,2026-08-17
HYUNDAI,표준형,1,M,22,3700,1,DIRECT_QUOTE,3700,1,,,insurer_premiums_2026-08.xlsx#현대해상!D47,2026-08-17
HYUNDAI,표준형,1,M,23,3700,1,DIRECT_QUOTE,3700,1,,,insurer_premiums_2026-08.xlsx#현대해상!D49,2026-08-17
HYUNDAI,표준형,1,M,24,3700,1,DIRECT_QUOTE,3700,1,,,insurer_premiums_2026-08.xlsx#현대해상!D51,2026-08-17
HYUNDAI,표준형,1,M,25,3800,1,DIRECT_QUOTE,3800,1,,,insurer_premiums_2026-08.xlsx#현대해상!D53,2026-08-17
HYUNDAI,표준형,1,M,26,3800,1,DIRECT_QUOTE,3800,1,,,insurer_premiums_2026-08.xlsx#현대해상!D55,2026-08-17
HYUNDAI,표준형,1,M,27,3800,1,DIRECT_QUOTE,3800,1,,,insurer_premiums_2026-08.xlsx#현대해상!D57,2026-08-17
HYUNDAI,표준형,1,M,28,3800,1,DIRECT_QUOTE,3800,1,,,insurer_premiums_2026-08.xlsx#현대해상!D59,2026-08-17
HYUNDAI,표준형,1,M,29,3800,1,DIRECT_QUOTE,3800,1,,,insurer_premiums_2026-08.xlsx#현대해상!D61,2026-08-17
HYUNDAI,표준형,1,M,30,3800,1,DIRECT_QUOTE,3800,1,,,insurer_premiums_2026-08.xlsx#현대해상!D63,2026-08-17
HYUNDAI,표준형,1,M,31,3800,1,DIRECT_QUOTE,3800,1,,,insurer_premiums_2026-08.xlsx#현대해상!D65,2026-08-17
HYUNDAI,표준형,1,M,32,3800,1,DIRECT_QUOTE,3800,1,,,insurer_premiums_2026-08.xlsx#현대해상!D67,2026-08-17
HYUNDAI,표준형,1,M,33,3900,1,DIRECT_QUOTE,3900,1,,,insurer_premiums_2026-08.xlsx#현대해상!D69,2026-08-17
HYUNDAI,표준형,1,M,34,3900,1,DIRECT_QUOTE,3900,1,,,insurer_premiums_2026-08.xlsx#현대해상!D71,2026-08-17
HYUNDAI,표준형,1,M,35,3900,1,DIRECT_QUOTE,3900,1,,,insurer_premiums_2026-08.xlsx#현대해상!D73,2026-08-17
HYUNDAI,표준형,1,M,36,4000,1,DIRECT_QUOTE,4000,1,,,insurer_premiums_2026-08.xlsx#현대해상!D75,2026-08-17
HYUNDAI,표준형,1,M,37,4000,1,DIRECT_QUOTE,4000,1,,,insurer_premiums_2026-08.xlsx#현대해상!D77,2026-08-17
HYUNDAI,표준형,1,M,38,4000,1,DIRECT_QUOTE,4000,1,,,insurer_premiums_2026-08.xlsx#현대해상!D79,2026-08-17
HYUNDAI,표준형,1,M,39,4000,1,DIRECT_QUOTE,4000,1,,,insurer_premiums_2026-08.xlsx#현대해상!D81,2026-08-17
HYUNDAI,표준형,1,M,40,4000,1,DIRECT_QUOTE,4000,1,,,insurer_premiums_2026-08.xlsx#현대해상!D83,2026-08-17
HYUNDAI,표준형,1,M,41,4100,1,DIRECT_QUOTE,4100,1,,,insurer_premiums_2026-08.xlsx#현대해상!D85,2026-08-17
HYUNDAI,표준형,1,M,42,4100,1,DIRECT_QUOTE,4100,1,,,insurer_premiums_2026-08.xlsx#현대해상!D87,2026-08-17
HYUNDAI,표준형,1,M,43,4100,1,DIRECT_QUOTE,4100,1,,,insurer_premiums_2026-08.xlsx#현대해상!D89,2026-08-17
HYUNDAI,표준형,1,M,44,4200,1,DIRECT_QUOTE,4200,1,,,insurer_premiums_2026-08.xlsx#현대해상!D91,2026-08-17
HYUNDAI,표준형,1,M,45,4200,1,DIRECT_QUOTE,4200,1,,,insurer_premiums_2026-08.xlsx#현대해상!D93,2026-08-17
HYUNDAI,표준형,1,M,46,4200,1,DIRECT_QUOTE,4200,1,,,insurer_premiums_2026-08.xlsx#현대해상!D95,2026-08-17
HYUNDAI,표준형,1,M,47,4300,1,DIRECT_QUOTE,4300,1,,,insurer_premiums_2026-08.xlsx#현대해상!D97,2026-08-17
HYUNDAI,표준형,1,M,48,4400,1,DIRECT_QUOTE,4400,1,,,insurer_premiums_2026-08.xlsx#현대해상!D99,2026-08-17
HYUNDAI,표준형,1,M,49,4500,1,DIRECT_QUOTE,4500,1,,,insurer_premiums_2026-08.xlsx#현대해상!D101,2026-08-17
HYUNDAI,표준형,1,M,50,4600,1,DIRECT_QUOTE,4600,1,,,insurer_premiums_2026-08.xlsx#현대해상!D103,2026-08-17
HYUNDAI,표준형,1,M,51,4600,1,DIRECT_QUOTE,4600,1,,,insurer_premiums_2026-08.xlsx#현대해상!D105,2026-08-17
HYUNDAI,표준형,1,M,52,4700,1,DIRECT_QUOTE,4700,1,,,insurer_premiums_2026-08.xlsx#현대해상!D107,2026-08-17
HYUNDAI,표준형,1,M,53,4900,1,DIRECT_QUOTE,4900,1,,,insurer_premiums_2026-08.xlsx#현대해상!D109,2026-08-17
HYUNDAI,표준형,1,M,54,5000,1,DIRECT_QUOTE,5000,1,,,insurer_premiums_2026-08.xlsx#현대해상!D111,2026-08-17
HYUNDAI,표준형,1,M,55,5100,1,DIRECT_QUOTE,5100,1,,,insurer_premiums_2026-08.xlsx#현대해상!D113,2026-08-17
HYUNDAI,표준형,1,M,56,5200,1,DIRECT_QUOTE,5200,1,,,insurer_premiums_2026-08.xlsx#현대해상!D115,2026-08-17
HYUNDAI,표준형,1,M,57,5300,1,DIRECT_QUOTE,5300,1,,,insurer_premiums_2026-08.xlsx#현대해상!D117,2026-08-17
HYUNDAI,표준형,1,M,58,5500,1,DIRECT_QUOTE,5500,1,,,insurer_premiums_2026-08.xlsx#현대해상!D119,2026-08-17
HYUNDAI,표준형,1,M,59,5700,1,DIRECT_QUOTE,5700,1,,,insurer_premiums_2026-08.xlsx#현대해상!D121,2026-08-17
HYUNDAI,표준형,1,M,60,5900,1,DIRECT_QUOTE,5900,1,,,insurer_premiums_2026-08.xlsx#현대해상!D123,2026-08-17
HYUNDAI,표준형,1,M,61,6000,1,DIRECT_QUOTE,6000,1,,,insurer_premiums_2026-08.xlsx#현대해상!D125,2026-08-17
HYUNDAI,표준형,1,M,62,6200,1,DIRECT_QUOTE,6200,1,,,insurer_premiums_2026-08.xlsx#현대해상!D127,2026-08-17
HYUNDAI,표준형,1,M,63,6400,1,DIRECT_QUOTE,6400,1,,,insurer_premiums_2026-08.xlsx#현대해상!D129,2026-08-17
HYUNDAI,표준형,1,M,64,6500,1,DIRECT_QUOTE,6500,1,,,insurer_premiums_2026-08.xlsx#현대해상!D131,2026-08-17
HYUNDAI,표준형,1,M,65,6700,1,DIRECT_QUOTE,6700,1,,,insurer_premiums_2026-08.xlsx#현대해상!D133,2026-08-17
HYUNDAI,표준형,1,M,66,6800,1,DIRECT_QUOTE,6800,1,,,insurer_premiums_2026-08.xlsx#현대해상!D135,2026-08-17
HYUNDAI,표준형,1,M,67,6900,1,DIRECT_QUOTE,6900,1,,,insurer_premiums_2026-08.xlsx#현대해상!D137,2026-08-17
HYUNDAI,표준형,1,M,68,7100,1,DIRECT_QUOTE,7100,1,,,insurer_premiums_2026-08.xlsx#현대해상!D139,2026-08-17
HYUNDAI,표준형,1,M,69,7200,1,DIRECT_QUOTE,7200,1,,,insurer_premiums_2026-08.xlsx#현대해상!D141,2026-08-17
HYUNDAI,표준형,1,M,70,7300,1,DIRECT_QUOTE,7300,1,,,insurer_premiums_2026-08.xlsx#현대해상!D143,2026-08-17
HYUNDAI,표준형,1,M,71,7400,1,DIRECT_QUOTE,7400,1,,,insurer_premiums_2026-08.xlsx#현대해상!D145,2026-08-17
HYUNDAI,표준형,1,M,72,7600,1,DIRECT_QUOTE,7600,1,,,insurer_premiums_2026-08.xlsx#현대해상!D147,2026-08-17
HYUNDAI,표준형,1,M,73,7700,1,DIRECT_QUOTE,7700,1,,,insurer_premiums_2026-08.xlsx#현대해상!D149,2026-08-17
HYUNDAI,표준형,1,M,74,7800,1,DIRECT_QUOTE,7800,1,,,insurer_premiums_2026-08.xlsx#현대해상!D151,2026-08-17
HYUNDAI,표준형,1,M,75,8000,1,DIRECT_QUOTE,8000,1,,,insurer_premiums_2026-08.xlsx#현대해상!D153,2026-08-17
HYUNDAI,표준형,1,M,76,8100,1,DIRECT_QUOTE,8100,1,,,insurer_premiums_2026-08.xlsx#현대해상!D155,2026-08-17
HYUNDAI,표준형,1,M,77,8200,1,DIRECT_QUOTE,8200,1,,,insurer_premiums_2026-08.xlsx#현대해상!D157,2026-08-17
HYUNDAI,표준형,1,M,78,8400,1,DIRECT_QUOTE,8400,1,,,insurer_premiums_2026-08.xlsx#현대해상!D159,2026-08-17
KAKAOPAY,라이트,0,F,0,2377,1,DERIVED,7130,3,"ROUND(source_value / source_period_days, 0)",3일 직접 조회값을 1일 비교용 값으로 환산,insurer_premiums_2026-08.xlsx#카카오!D6:E6,2026-08-17
KAKAOPAY,라이트,0,F,1,2100,1,DERIVED,6300,3,"ROUND(source_value / source_period_days, 0)",3일 직접 조회값을 1일 비교용 값으로 환산,insurer_premiums_2026-08.xlsx#카카오!D12:E12,2026-08-17
KAKAOPAY,라이트,0,F,2,1807,1,DERIVED,5420,3,"ROUND(source_value / source_period_days, 0)",3일 직접 조회값을 1일 비교용 값으로 환산,insurer_premiums_2026-08.xlsx#카카오!D18:E18,2026-08-17
KAKAOPAY,라이트,0,F,3,1633,1,DERIVED,4900,3,"ROUND(source_value / source_period_days, 0)",3일 직접 조회값을 1일 비교용 값으로 환산,insurer_premiums_2026-08.xlsx#카카오!D24:E24,2026-08-17
KAKAOPAY,라이트,0,F,4,1613,1,DERIVED,4840,3,"ROUND(source_value / source_period_days, 0)",3일 직접 조회값을 1일 비교용 값으로 환산,insurer_premiums_2026-08.xlsx#카카오!D30:E30,2026-08-17
KAKAOPAY,라이트,0,F,5,1560,1,DERIVED,4680,3,"ROUND(source_value / source_period_days, 0)",3일 직접 조회값을 1일 비교용 값으로 환산,insurer_premiums_2026-08.xlsx#카카오!D36:E36,2026-08-17
KAKAOPAY,라이트,0,F,6,1623,1,DERIVED,4870,3,"ROUND(source_value / source_period_days, 0)",3일 직접 조회값을 1일 비교용 값으로 환산,insurer_premiums_2026-08.xlsx#카카오!D42:E42,2026-08-17
KAKAOPAY,라이트,0,F,7,1580,1,DERIVED,4740,3,"ROUND(source_value / source_period_days, 0)",3일 직접 조회값을 1일 비교용 값으로 환산,insurer_premiums_2026-08.xlsx#카카오!D48:E48,2026-08-17
KAKAOPAY,라이트,0,F,8,1560,1,DERIVED,4680,3,"ROUND(source_value / source_period_days, 0)",3일 직접 조회값을 1일 비교용 값으로 환산,insurer_premiums_2026-08.xlsx#카카오!D54:E54,2026-08-17
KAKAOPAY,라이트,0,F,9,1560,1,DERIVED,4680,3,"ROUND(source_value / source_period_days, 0)",3일 직접 조회값을 1일 비교용 값으로 환산,insurer_premiums_2026-08.xlsx#카카오!D60:E60,2026-08-17
KAKAOPAY,라이트,0,F,10,1560,1,DERIVED,4680,3,"ROUND(source_value / source_period_days, 0)",3일 직접 조회값을 1일 비교용 값으로 환산,insurer_premiums_2026-08.xlsx#카카오!D66:E66,2026-08-17
KAKAOPAY,라이트,0,F,11,1560,1,DERIVED,4680,3,"ROUND(source_value / source_period_days, 0)",3일 직접 조회값을 1일 비교용 값으로 환산,insurer_premiums_2026-08.xlsx#카카오!D72:E72,2026-08-17
KAKAOPAY,라이트,0,F,12,1560,1,DERIVED,4680,3,"ROUND(source_value / source_period_days, 0)",3일 직접 조회값을 1일 비교용 값으로 환산,insurer_premiums_2026-08.xlsx#카카오!D78:E78,2026-08-17
KAKAOPAY,라이트,0,F,13,1570,1,DERIVED,4710,3,"ROUND(source_value / source_period_days, 0)",3일 직접 조회값을 1일 비교용 값으로 환산,insurer_premiums_2026-08.xlsx#카카오!D84:E84,2026-08-17
KAKAOPAY,라이트,0,F,14,1580,1,DERIVED,4740,3,"ROUND(source_value / source_period_days, 0)",3일 직접 조회값을 1일 비교용 값으로 환산,insurer_premiums_2026-08.xlsx#카카오!D90:E90,2026-08-17
KAKAOPAY,라이트,0,F,15,1747,1,DERIVED,5240,3,"ROUND(source_value / source_period_days, 0)",3일 직접 조회값을 1일 비교용 값으로 환산,insurer_premiums_2026-08.xlsx#카카오!D96:E96,2026-08-17
KAKAOPAY,라이트,0,F,16,1747,1,DERIVED,5240,3,"ROUND(source_value / source_period_days, 0)",3일 직접 조회값을 1일 비교용 값으로 환산,insurer_premiums_2026-08.xlsx#카카오!D102:E102,2026-08-17
KAKAOPAY,라이트,0,F,17,1757,1,DERIVED,5270,3,"ROUND(source_value / source_period_days, 0)",3일 직접 조회값을 1일 비교용 값으로 환산,insurer_premiums_2026-08.xlsx#카카오!D108:E108,2026-08-17
KAKAOPAY,라이트,0,F,18,1787,1,DERIVED,5360,3,"ROUND(source_value / source_period_days, 0)",3일 직접 조회값을 1일 비교용 값으로 환산,insurer_premiums_2026-08.xlsx#카카오!D114:E114,2026-08-17
KAKAOPAY,라이트,0,F,19,1817,1,DERIVED,5450,3,"ROUND(source_value / source_period_days, 0)",3일 직접 조회값을 1일 비교용 값으로 환산,insurer_premiums_2026-08.xlsx#카카오!D120:E120,2026-08-17
KAKAOPAY,라이트,0,F,20,1840,1,DERIVED,5520,3,"ROUND(source_value / source_period_days, 0)",3일 직접 조회값을 1일 비교용 값으로 환산,insurer_premiums_2026-08.xlsx#카카오!D126:E126,2026-08-17
KAKAOPAY,라이트,0,F,21,1870,1,DERIVED,5610,3,"ROUND(source_value / source_period_days, 0)",3일 직접 조회값을 1일 비교용 값으로 환산,insurer_premiums_2026-08.xlsx#카카오!D132:E132,2026-08-17
KAKAOPAY,라이트,0,F,22,1870,1,DERIVED,5610,3,"ROUND(source_value / source_period_days, 0)",3일 직접 조회값을 1일 비교용 값으로 환산,insurer_premiums_2026-08.xlsx#카카오!D138:E138,2026-08-17
KAKAOPAY,라이트,0,F,23,1890,1,DERIVED,5670,3,"ROUND(source_value / source_period_days, 0)",3일 직접 조회값을 1일 비교용 값으로 환산,insurer_premiums_2026-08.xlsx#카카오!D144:E144,2026-08-17
KAKAOPAY,라이트,0,F,24,1900,1,DERIVED,5700,3,"ROUND(source_value / source_period_days, 0)",3일 직접 조회값을 1일 비교용 값으로 환산,insurer_premiums_2026-08.xlsx#카카오!D150:E150,2026-08-17
KAKAOPAY,라이트,0,F,25,1920,1,DERIVED,5760,3,"ROUND(source_value / source_period_days, 0)",3일 직접 조회값을 1일 비교용 값으로 환산,insurer_premiums_2026-08.xlsx#카카오!D156:E156,2026-08-17
KAKAOPAY,라이트,0,F,26,1930,1,DERIVED,5790,3,"ROUND(source_value / source_period_days, 0)",3일 직접 조회값을 1일 비교용 값으로 환산,insurer_premiums_2026-08.xlsx#카카오!D162:E162,2026-08-17
KAKAOPAY,라이트,0,F,27,1940,1,DERIVED,5820,3,"ROUND(source_value / source_period_days, 0)",3일 직접 조회값을 1일 비교용 값으로 환산,insurer_premiums_2026-08.xlsx#카카오!D168:E168,2026-08-17
KAKAOPAY,라이트,0,F,28,1930,1,DERIVED,5790,3,"ROUND(source_value / source_period_days, 0)",3일 직접 조회값을 1일 비교용 값으로 환산,insurer_premiums_2026-08.xlsx#카카오!D174:E174,2026-08-17
KAKAOPAY,라이트,0,F,29,1930,1,DERIVED,5790,3,"ROUND(source_value / source_period_days, 0)",3일 직접 조회값을 1일 비교용 값으로 환산,insurer_premiums_2026-08.xlsx#카카오!D180:E180,2026-08-17
KAKAOPAY,라이트,0,F,30,1930,1,DERIVED,5790,3,"ROUND(source_value / source_period_days, 0)",3일 직접 조회값을 1일 비교용 값으로 환산,insurer_premiums_2026-08.xlsx#카카오!D186:E186,2026-08-17
KAKAOPAY,라이트,0,F,31,1910,1,DERIVED,5730,3,"ROUND(source_value / source_period_days, 0)",3일 직접 조회값을 1일 비교용 값으로 환산,insurer_premiums_2026-08.xlsx#카카오!D192:E192,2026-08-17
KAKAOPAY,라이트,0,F,32,1910,1,DERIVED,5730,3,"ROUND(source_value / source_period_days, 0)",3일 직접 조회값을 1일 비교용 값으로 환산,insurer_premiums_2026-08.xlsx#카카오!D198:E198,2026-08-17
KAKAOPAY,라이트,0,F,33,1930,1,DERIVED,5790,3,"ROUND(source_value / source_period_days, 0)",3일 직접 조회값을 1일 비교용 값으로 환산,insurer_premiums_2026-08.xlsx#카카오!D204:E204,2026-08-17
KAKAOPAY,라이트,0,F,34,1950,1,DERIVED,5850,3,"ROUND(source_value / source_period_days, 0)",3일 직접 조회값을 1일 비교용 값으로 환산,insurer_premiums_2026-08.xlsx#카카오!D210:E210,2026-08-17
KAKAOPAY,라이트,0,F,35,1970,1,DERIVED,5910,3,"ROUND(source_value / source_period_days, 0)",3일 직접 조회값을 1일 비교용 값으로 환산,insurer_premiums_2026-08.xlsx#카카오!D216:E216,2026-08-17
KAKAOPAY,라이트,0,F,36,1993,1,DERIVED,5980,3,"ROUND(source_value / source_period_days, 0)",3일 직접 조회값을 1일 비교용 값으로 환산,insurer_premiums_2026-08.xlsx#카카오!D222:E222,2026-08-17
KAKAOPAY,라이트,0,F,37,2033,1,DERIVED,6100,3,"ROUND(source_value / source_period_days, 0)",3일 직접 조회값을 1일 비교용 값으로 환산,insurer_premiums_2026-08.xlsx#카카오!D228:E228,2026-08-17
KAKAOPAY,라이트,0,F,38,2083,1,DERIVED,6250,3,"ROUND(source_value / source_period_days, 0)",3일 직접 조회값을 1일 비교용 값으로 환산,insurer_premiums_2026-08.xlsx#카카오!D234:E234,2026-08-17
KAKAOPAY,라이트,0,F,39,2123,1,DERIVED,6370,3,"ROUND(source_value / source_period_days, 0)",3일 직접 조회값을 1일 비교용 값으로 환산,insurer_premiums_2026-08.xlsx#카카오!D240:E240,2026-08-17
KAKAOPAY,라이트,0,F,40,2177,1,DERIVED,6530,3,"ROUND(source_value / source_period_days, 0)",3일 직접 조회값을 1일 비교용 값으로 환산,insurer_premiums_2026-08.xlsx#카카오!D246:E246,2026-08-17
KAKAOPAY,라이트,0,F,41,2237,1,DERIVED,6710,3,"ROUND(source_value / source_period_days, 0)",3일 직접 조회값을 1일 비교용 값으로 환산,insurer_premiums_2026-08.xlsx#카카오!D252:E252,2026-08-17
KAKAOPAY,라이트,0,F,42,2297,1,DERIVED,6890,3,"ROUND(source_value / source_period_days, 0)",3일 직접 조회값을 1일 비교용 값으로 환산,insurer_premiums_2026-08.xlsx#카카오!D258:E258,2026-08-17
KAKAOPAY,라이트,0,F,43,2317,1,DERIVED,6950,3,"ROUND(source_value / source_period_days, 0)",3일 직접 조회값을 1일 비교용 값으로 환산,insurer_premiums_2026-08.xlsx#카카오!D264:E264,2026-08-17
KAKAOPAY,라이트,0,F,44,2370,1,DERIVED,7110,3,"ROUND(source_value / source_period_days, 0)",3일 직접 조회값을 1일 비교용 값으로 환산,insurer_premiums_2026-08.xlsx#카카오!D270:E270,2026-08-17
KAKAOPAY,라이트,0,F,45,2430,1,DERIVED,7290,3,"ROUND(source_value / source_period_days, 0)",3일 직접 조회값을 1일 비교용 값으로 환산,insurer_premiums_2026-08.xlsx#카카오!D276:E276,2026-08-17
KAKAOPAY,라이트,0,F,46,2470,1,DERIVED,7410,3,"ROUND(source_value / source_period_days, 0)",3일 직접 조회값을 1일 비교용 값으로 환산,insurer_premiums_2026-08.xlsx#카카오!D282:E282,2026-08-17
KAKAOPAY,라이트,0,F,47,2533,1,DERIVED,7600,3,"ROUND(source_value / source_period_days, 0)",3일 직접 조회값을 1일 비교용 값으로 환산,insurer_premiums_2026-08.xlsx#카카오!D288:E288,2026-08-17
KAKAOPAY,라이트,0,F,48,2573,1,DERIVED,7720,3,"ROUND(source_value / source_period_days, 0)",3일 직접 조회값을 1일 비교용 값으로 환산,insurer_premiums_2026-08.xlsx#카카오!D294:E294,2026-08-17
KAKAOPAY,라이트,0,F,49,2613,1,DERIVED,7840,3,"ROUND(source_value / source_period_days, 0)",3일 직접 조회값을 1일 비교용 값으로 환산,insurer_premiums_2026-08.xlsx#카카오!D300:E300,2026-08-17
KAKAOPAY,라이트,0,F,50,2663,1,DERIVED,7990,3,"ROUND(source_value / source_period_days, 0)",3일 직접 조회값을 1일 비교용 값으로 환산,insurer_premiums_2026-08.xlsx#카카오!D306:E306,2026-08-17
KAKAOPAY,라이트,0,F,51,2727,1,DERIVED,8180,3,"ROUND(source_value / source_period_days, 0)",3일 직접 조회값을 1일 비교용 값으로 환산,insurer_premiums_2026-08.xlsx#카카오!D312:E312,2026-08-17
KAKAOPAY,라이트,0,F,52,2747,1,DERIVED,8240,3,"ROUND(source_value / source_period_days, 0)",3일 직접 조회값을 1일 비교용 값으로 환산,insurer_premiums_2026-08.xlsx#카카오!D318:E318,2026-08-17
KAKAOPAY,라이트,0,F,53,2767,1,DERIVED,8300,3,"ROUND(source_value / source_period_days, 0)",3일 직접 조회값을 1일 비교용 값으로 환산,insurer_premiums_2026-08.xlsx#카카오!D324:E324,2026-08-17
KAKAOPAY,라이트,0,F,54,2797,1,DERIVED,8390,3,"ROUND(source_value / source_period_days, 0)",3일 직접 조회값을 1일 비교용 값으로 환산,insurer_premiums_2026-08.xlsx#카카오!D330:E330,2026-08-17
KAKAOPAY,라이트,0,F,55,2797,1,DERIVED,8390,3,"ROUND(source_value / source_period_days, 0)",3일 직접 조회값을 1일 비교용 값으로 환산,insurer_premiums_2026-08.xlsx#카카오!D336:E336,2026-08-17
KAKAOPAY,라이트,0,F,56,2870,1,DERIVED,8610,3,"ROUND(source_value / source_period_days, 0)",3일 직접 조회값을 1일 비교용 값으로 환산,insurer_premiums_2026-08.xlsx#카카오!D342:E342,2026-08-17
KAKAOPAY,라이트,0,F,57,2950,1,DERIVED,8850,3,"ROUND(source_value / source_period_days, 0)",3일 직접 조회값을 1일 비교용 값으로 환산,insurer_premiums_2026-08.xlsx#카카오!D348:E348,2026-08-17
KAKAOPAY,라이트,0,F,58,3083,1,DERIVED,9250,3,"ROUND(source_value / source_period_days, 0)",3일 직접 조회값을 1일 비교용 값으로 환산,insurer_premiums_2026-08.xlsx#카카오!D354:E354,2026-08-17
KAKAOPAY,라이트,0,F,59,3183,1,DERIVED,9550,3,"ROUND(source_value / source_period_days, 0)",3일 직접 조회값을 1일 비교용 값으로 환산,insurer_premiums_2026-08.xlsx#카카오!D360:E360,2026-08-17
KAKAOPAY,라이트,0,F,60,3307,1,DERIVED,9920,3,"ROUND(source_value / source_period_days, 0)",3일 직접 조회값을 1일 비교용 값으로 환산,insurer_premiums_2026-08.xlsx#카카오!D366:E366,2026-08-17
KAKAOPAY,라이트,0,F,61,3430,1,DERIVED,10290,3,"ROUND(source_value / source_period_days, 0)",3일 직접 조회값을 1일 비교용 값으로 환산,insurer_premiums_2026-08.xlsx#카카오!D372:E372,2026-08-17
KAKAOPAY,라이트,0,F,62,3543,1,DERIVED,10630,3,"ROUND(source_value / source_period_days, 0)",3일 직접 조회값을 1일 비교용 값으로 환산,insurer_premiums_2026-08.xlsx#카카오!D378:E378,2026-08-17
KAKAOPAY,라이트,0,F,63,3717,1,DERIVED,11150,3,"ROUND(source_value / source_period_days, 0)",3일 직접 조회값을 1일 비교용 값으로 환산,insurer_premiums_2026-08.xlsx#카카오!D384:E384,2026-08-17
KAKAOPAY,라이트,0,F,64,3847,1,DERIVED,11540,3,"ROUND(source_value / source_period_days, 0)",3일 직접 조회값을 1일 비교용 값으로 환산,insurer_premiums_2026-08.xlsx#카카오!D390:E390,2026-08-17
KAKAOPAY,라이트,0,F,65,4030,1,DERIVED,12090,3,"ROUND(source_value / source_period_days, 0)",3일 직접 조회값을 1일 비교용 값으로 환산,insurer_premiums_2026-08.xlsx#카카오!D396:E396,2026-08-17
KAKAOPAY,라이트,0,F,66,4173,1,DERIVED,12520,3,"ROUND(source_value / source_period_days, 0)",3일 직접 조회값을 1일 비교용 값으로 환산,insurer_premiums_2026-08.xlsx#카카오!D402:E402,2026-08-17
KAKAOPAY,라이트,0,F,67,4347,1,DERIVED,13040,3,"ROUND(source_value / source_period_days, 0)",3일 직접 조회값을 1일 비교용 값으로 환산,insurer_premiums_2026-08.xlsx#카카오!D408:E408,2026-08-17
KAKAOPAY,라이트,0,F,68,4450,1,DERIVED,13350,3,"ROUND(source_value / source_period_days, 0)",3일 직접 조회값을 1일 비교용 값으로 환산,insurer_premiums_2026-08.xlsx#카카오!D414:E414,2026-08-17
KAKAOPAY,라이트,0,F,69,4553,1,DERIVED,13660,3,"ROUND(source_value / source_period_days, 0)",3일 직접 조회값을 1일 비교용 값으로 환산,insurer_premiums_2026-08.xlsx#카카오!D420:E420,2026-08-17
KAKAOPAY,라이트,0,F,70,4693,1,DERIVED,14080,3,"ROUND(source_value / source_period_days, 0)",3일 직접 조회값을 1일 비교용 값으로 환산,insurer_premiums_2026-08.xlsx#카카오!D426:E426,2026-08-17
KAKAOPAY,라이트,0,F,71,4797,1,DERIVED,14390,3,"ROUND(source_value / source_period_days, 0)",3일 직접 조회값을 1일 비교용 값으로 환산,insurer_premiums_2026-08.xlsx#카카오!D432:E432,2026-08-17
KAKAOPAY,라이트,0,F,72,4930,1,DERIVED,14790,3,"ROUND(source_value / source_period_days, 0)",3일 직접 조회값을 1일 비교용 값으로 환산,insurer_premiums_2026-08.xlsx#카카오!D438:E438,2026-08-17
KAKAOPAY,라이트,0,F,73,5123,1,DERIVED,15370,3,"ROUND(source_value / source_period_days, 0)",3일 직접 조회값을 1일 비교용 값으로 환산,insurer_premiums_2026-08.xlsx#카카오!D444:E444,2026-08-17
KAKAOPAY,라이트,0,F,74,5317,1,DERIVED,15950,3,"ROUND(source_value / source_period_days, 0)",3일 직접 조회값을 1일 비교용 값으로 환산,insurer_premiums_2026-08.xlsx#카카오!D450:E450,2026-08-17
KAKAOPAY,라이트,0,F,75,5530,1,DERIVED,16590,3,"ROUND(source_value / source_period_days, 0)",3일 직접 조회값을 1일 비교용 값으로 환산,insurer_premiums_2026-08.xlsx#카카오!D456:E456,2026-08-17
KAKAOPAY,라이트,0,F,76,5713,1,DERIVED,17140,3,"ROUND(source_value / source_period_days, 0)",3일 직접 조회값을 1일 비교용 값으로 환산,insurer_premiums_2026-08.xlsx#카카오!D462:E462,2026-08-17
KAKAOPAY,라이트,0,F,77,5940,1,DERIVED,17820,3,"ROUND(source_value / source_period_days, 0)",3일 직접 조회값을 1일 비교용 값으로 환산,insurer_premiums_2026-08.xlsx#카카오!D468:E468,2026-08-17
KAKAOPAY,라이트,0,F,78,6030,1,DERIVED,18090,3,"ROUND(source_value / source_period_days, 0)",3일 직접 조회값을 1일 비교용 값으로 환산,insurer_premiums_2026-08.xlsx#카카오!D474:E474,2026-08-17
KAKAOPAY,라이트,0,F,79,6133,1,DERIVED,18400,3,"ROUND(source_value / source_period_days, 0)",3일 직접 조회값을 1일 비교용 값으로 환산,insurer_premiums_2026-08.xlsx#카카오!D480:E480,2026-08-17
KAKAOPAY,라이트,0,F,80,6213,1,DERIVED,18640,3,"ROUND(source_value / source_period_days, 0)",3일 직접 조회값을 1일 비교용 값으로 환산,insurer_premiums_2026-08.xlsx#카카오!D486:E486,2026-08-17
KAKAOPAY,라이트,0,M,0,2480,1,DERIVED,7440,3,"ROUND(source_value / source_period_days, 0)",3일 직접 조회값을 1일 비교용 값으로 환산,insurer_premiums_2026-08.xlsx#카카오!D3:E3,2026-08-17
KAKAOPAY,라이트,0,M,1,2143,1,DERIVED,6430,3,"ROUND(source_value / source_period_days, 0)",3일 직접 조회값을 1일 비교용 값으로 환산,insurer_premiums_2026-08.xlsx#카카오!D9:E9,2026-08-17
KAKAOPAY,라이트,0,M,2,1877,1,DERIVED,5630,3,"ROUND(source_value / source_period_days, 0)",3일 직접 조회값을 1일 비교용 값으로 환산,insurer_premiums_2026-08.xlsx#카카오!D15:E15,2026-08-17
KAKAOPAY,라이트,0,M,3,1683,1,DERIVED,5050,3,"ROUND(source_value / source_period_days, 0)",3일 직접 조회값을 1일 비교용 값으로 환산,insurer_premiums_2026-08.xlsx#카카오!D21:E21,2026-08-17
KAKAOPAY,라이트,0,M,4,1643,1,DERIVED,4930,3,"ROUND(source_value / source_period_days, 0)",3일 직접 조회값을 1일 비교용 값으로 환산,insurer_premiums_2026-08.xlsx#카카오!D27:E27,2026-08-17
KAKAOPAY,라이트,0,M,5,1623,1,DERIVED,4870,3,"ROUND(source_value / source_period_days, 0)",3일 직접 조회값을 1일 비교용 값으로 환산,insurer_premiums_2026-08.xlsx#카카오!D33:E33,2026-08-17
KAKAOPAY,라이트,0,M,6,1633,1,DERIVED,4900,3,"ROUND(source_value / source_period_days, 0)",3일 직접 조회값을 1일 비교용 값으로 환산,insurer_premiums_2026-08.xlsx#카카오!D39:E39,2026-08-17
KAKAOPAY,라이트,0,M,7,1580,1,DERIVED,4740,3,"ROUND(source_value / source_period_days, 0)",3일 직접 조회값을 1일 비교용 값으로 환산,insurer_premiums_2026-08.xlsx#카카오!D45:E45,2026-08-17
KAKAOPAY,라이트,0,M,8,1560,1,DERIVED,4680,3,"ROUND(source_value / source_period_days, 0)",3일 직접 조회값을 1일 비교용 값으로 환산,insurer_premiums_2026-08.xlsx#카카오!D51:E51,2026-08-17
KAKAOPAY,라이트,0,M,9,1580,1,DERIVED,4740,3,"ROUND(source_value / source_period_days, 0)",3일 직접 조회값을 1일 비교용 값으로 환산,insurer_premiums_2026-08.xlsx#카카오!D57:E57,2026-08-17
KAKAOPAY,라이트,0,M,10,1600,1,DERIVED,4800,3,"ROUND(source_value / source_period_days, 0)",3일 직접 조회값을 1일 비교용 값으로 환산,insurer_premiums_2026-08.xlsx#카카오!D63:E63,2026-08-17
KAKAOPAY,라이트,0,M,11,1623,1,DERIVED,4870,3,"ROUND(source_value / source_period_days, 0)",3일 직접 조회값을 1일 비교용 값으로 환산,insurer_premiums_2026-08.xlsx#카카오!D69:E69,2026-08-17
KAKAOPAY,라이트,0,M,12,1633,1,DERIVED,4900,3,"ROUND(source_value / source_period_days, 0)",3일 직접 조회값을 1일 비교용 값으로 환산,insurer_premiums_2026-08.xlsx#카카오!D75:E75,2026-08-17
KAKAOPAY,라이트,0,M,13,1653,1,DERIVED,4960,3,"ROUND(source_value / source_period_days, 0)",3일 직접 조회값을 1일 비교용 값으로 환산,insurer_premiums_2026-08.xlsx#카카오!D81:E81,2026-08-17
KAKAOPAY,라이트,0,M,14,1663,1,DERIVED,4990,3,"ROUND(source_value / source_period_days, 0)",3일 직접 조회값을 1일 비교용 값으로 환산,insurer_premiums_2026-08.xlsx#카카오!D87:E87,2026-08-17
KAKAOPAY,라이트,0,M,15,1870,1,DERIVED,5610,3,"ROUND(source_value / source_period_days, 0)",3일 직접 조회값을 1일 비교용 값으로 환산,insurer_premiums_2026-08.xlsx#카카오!D93:E93,2026-08-17
KAKAOPAY,라이트,0,M,16,1910,1,DERIVED,5730,3,"ROUND(source_value / source_period_days, 0)",3일 직접 조회값을 1일 비교용 값으로 환산,insurer_premiums_2026-08.xlsx#카카오!D99:E99,2026-08-17
KAKAOPAY,라이트,0,M,17,1960,1,DERIVED,5880,3,"ROUND(source_value / source_period_days, 0)",3일 직접 조회값을 1일 비교용 값으로 환산,insurer_premiums_2026-08.xlsx#카카오!D105:E105,2026-08-17
KAKAOPAY,라이트,0,M,18,1960,1,DERIVED,5880,3,"ROUND(source_value / source_period_days, 0)",3일 직접 조회값을 1일 비교용 값으로 환산,insurer_premiums_2026-08.xlsx#카카오!D111:E111,2026-08-17
KAKAOPAY,라이트,0,M,19,1960,1,DERIVED,5880,3,"ROUND(source_value / source_period_days, 0)",3일 직접 조회값을 1일 비교용 값으로 환산,insurer_premiums_2026-08.xlsx#카카오!D117:E117,2026-08-17
KAKAOPAY,라이트,0,M,20,1950,1,DERIVED,5850,3,"ROUND(source_value / source_period_days, 0)",3일 직접 조회값을 1일 비교용 값으로 환산,insurer_premiums_2026-08.xlsx#카카오!D123:E123,2026-08-17
KAKAOPAY,라이트,0,M,21,1940,1,DERIVED,5820,3,"ROUND(source_value / source_period_days, 0)",3일 직접 조회값을 1일 비교용 값으로 환산,insurer_premiums_2026-08.xlsx#카카오!D129:E129,2026-08-17
KAKAOPAY,라이트,0,M,22,1930,1,DERIVED,5790,3,"ROUND(source_value / source_period_days, 0)",3일 직접 조회값을 1일 비교용 값으로 환산,insurer_premiums_2026-08.xlsx#카카오!D135:E135,2026-08-17
KAKAOPAY,라이트,0,M,23,1930,1,DERIVED,5790,3,"ROUND(source_value / source_period_days, 0)",3일 직접 조회값을 1일 비교용 값으로 환산,insurer_premiums_2026-08.xlsx#카카오!D141:E141,2026-08-17
KAKAOPAY,라이트,0,M,24,1950,1,DERIVED,5850,3,"ROUND(source_value / source_period_days, 0)",3일 직접 조회값을 1일 비교용 값으로 환산,insurer_premiums_2026-08.xlsx#카카오!D147:E147,2026-08-17
KAKAOPAY,라이트,0,M,25,1960,1,DERIVED,5880,3,"ROUND(source_value / source_period_days, 0)",3일 직접 조회값을 1일 비교용 값으로 환산,insurer_premiums_2026-08.xlsx#카카오!D153:E153,2026-08-17
KAKAOPAY,라이트,0,M,26,1980,1,DERIVED,5940,3,"ROUND(source_value / source_period_days, 0)",3일 직접 조회값을 1일 비교용 값으로 환산,insurer_premiums_2026-08.xlsx#카카오!D159:E159,2026-08-17
KAKAOPAY,라이트,0,M,27,1990,1,DERIVED,5970,3,"ROUND(source_value / source_period_days, 0)",3일 직접 조회값을 1일 비교용 값으로 환산,insurer_premiums_2026-08.xlsx#카카오!D165:E165,2026-08-17
KAKAOPAY,라이트,0,M,28,2003,1,DERIVED,6010,3,"ROUND(source_value / source_period_days, 0)",3일 직접 조회값을 1일 비교용 값으로 환산,insurer_premiums_2026-08.xlsx#카카오!D171:E171,2026-08-17
KAKAOPAY,라이트,0,M,29,2013,1,DERIVED,6040,3,"ROUND(source_value / source_period_days, 0)",3일 직접 조회값을 1일 비교용 값으로 환산,insurer_premiums_2026-08.xlsx#카카오!D177:E177,2026-08-17
KAKAOPAY,라이트,0,M,30,2023,1,DERIVED,6070,3,"ROUND(source_value / source_period_days, 0)",3일 직접 조회값을 1일 비교용 값으로 환산,insurer_premiums_2026-08.xlsx#카카오!D183:E183,2026-08-17
KAKAOPAY,라이트,0,M,31,2023,1,DERIVED,6070,3,"ROUND(source_value / source_period_days, 0)",3일 직접 조회값을 1일 비교용 값으로 환산,insurer_premiums_2026-08.xlsx#카카오!D189:E189,2026-08-17
KAKAOPAY,라이트,0,M,32,2033,1,DERIVED,6100,3,"ROUND(source_value / source_period_days, 0)",3일 직접 조회값을 1일 비교용 값으로 환산,insurer_premiums_2026-08.xlsx#카카오!D195:E195,2026-08-17
KAKAOPAY,라이트,0,M,33,2053,1,DERIVED,6160,3,"ROUND(source_value / source_period_days, 0)",3일 직접 조회값을 1일 비교용 값으로 환산,insurer_premiums_2026-08.xlsx#카카오!D201:E201,2026-08-17
KAKAOPAY,라이트,0,M,34,2053,1,DERIVED,6160,3,"ROUND(source_value / source_period_days, 0)",3일 직접 조회값을 1일 비교용 값으로 환산,insurer_premiums_2026-08.xlsx#카카오!D207:E207,2026-08-17
KAKAOPAY,라이트,0,M,35,2063,1,DERIVED,6190,3,"ROUND(source_value / source_period_days, 0)",3일 직접 조회값을 1일 비교용 값으로 환산,insurer_premiums_2026-08.xlsx#카카오!D213:E213,2026-08-17
KAKAOPAY,라이트,0,M,36,2073,1,DERIVED,6220,3,"ROUND(source_value / source_period_days, 0)",3일 직접 조회값을 1일 비교용 값으로 환산,insurer_premiums_2026-08.xlsx#카카오!D219:E219,2026-08-17
KAKAOPAY,라이트,0,M,37,2093,1,DERIVED,6280,3,"ROUND(source_value / source_period_days, 0)",3일 직접 조회값을 1일 비교용 값으로 환산,insurer_premiums_2026-08.xlsx#카카오!D225:E225,2026-08-17
KAKAOPAY,라이트,0,M,38,2093,1,DERIVED,6280,3,"ROUND(source_value / source_period_days, 0)",3일 직접 조회값을 1일 비교용 값으로 환산,insurer_premiums_2026-08.xlsx#카카오!D231:E231,2026-08-17
KAKAOPAY,라이트,0,M,39,2103,1,DERIVED,6310,3,"ROUND(source_value / source_period_days, 0)",3일 직접 조회값을 1일 비교용 값으로 환산,insurer_premiums_2026-08.xlsx#카카오!D237:E237,2026-08-17
KAKAOPAY,라이트,0,M,40,2103,1,DERIVED,6310,3,"ROUND(source_value / source_period_days, 0)",3일 직접 조회값을 1일 비교용 값으로 환산,insurer_premiums_2026-08.xlsx#카카오!D243:E243,2026-08-17
KAKAOPAY,라이트,0,M,41,2123,1,DERIVED,6370,3,"ROUND(source_value / source_period_days, 0)",3일 직접 조회값을 1일 비교용 값으로 환산,insurer_premiums_2026-08.xlsx#카카오!D249:E249,2026-08-17
KAKAOPAY,라이트,0,M,42,2123,1,DERIVED,6370,3,"ROUND(source_value / source_period_days, 0)",3일 직접 조회값을 1일 비교용 값으로 환산,insurer_premiums_2026-08.xlsx#카카오!D255:E255,2026-08-17
KAKAOPAY,라이트,0,M,43,2143,1,DERIVED,6430,3,"ROUND(source_value / source_period_days, 0)",3일 직접 조회값을 1일 비교용 값으로 환산,insurer_premiums_2026-08.xlsx#카카오!D261:E261,2026-08-17
KAKAOPAY,라이트,0,M,44,2163,1,DERIVED,6490,3,"ROUND(source_value / source_period_days, 0)",3일 직접 조회값을 1일 비교용 값으로 환산,insurer_premiums_2026-08.xlsx#카카오!D267:E267,2026-08-17
KAKAOPAY,라이트,0,M,45,2207,1,DERIVED,6620,3,"ROUND(source_value / source_period_days, 0)",3일 직접 조회값을 1일 비교용 값으로 환산,insurer_premiums_2026-08.xlsx#카카오!D273:E273,2026-08-17
KAKAOPAY,라이트,0,M,46,2257,1,DERIVED,6770,3,"ROUND(source_value / source_period_days, 0)",3일 직접 조회값을 1일 비교용 값으로 환산,insurer_premiums_2026-08.xlsx#카카오!D279:E279,2026-08-17
KAKAOPAY,라이트,0,M,47,2287,1,DERIVED,6860,3,"ROUND(source_value / source_period_days, 0)",3일 직접 조회값을 1일 비교용 값으로 환산,insurer_premiums_2026-08.xlsx#카카오!D285:E285,2026-08-17
KAKAOPAY,라이트,0,M,48,2360,1,DERIVED,7080,3,"ROUND(source_value / source_period_days, 0)",3일 직접 조회값을 1일 비교용 값으로 환산,insurer_premiums_2026-08.xlsx#카카오!D291:E291,2026-08-17
KAKAOPAY,라이트,0,M,49,2410,1,DERIVED,7230,3,"ROUND(source_value / source_period_days, 0)",3일 직접 조회값을 1일 비교용 값으로 환산,insurer_premiums_2026-08.xlsx#카카오!D297:E297,2026-08-17
KAKAOPAY,라이트,0,M,50,2470,1,DERIVED,7410,3,"ROUND(source_value / source_period_days, 0)",3일 직접 조회값을 1일 비교용 값으로 환산,insurer_premiums_2026-08.xlsx#카카오!D303:E303,2026-08-17
KAKAOPAY,라이트,0,M,51,2523,1,DERIVED,7570,3,"ROUND(source_value / source_period_days, 0)",3일 직접 조회값을 1일 비교용 값으로 환산,insurer_premiums_2026-08.xlsx#카카오!D309:E309,2026-08-17
KAKAOPAY,라이트,0,M,52,2593,1,DERIVED,7780,3,"ROUND(source_value / source_period_days, 0)",3일 직접 조회값을 1일 비교용 값으로 환산,insurer_premiums_2026-08.xlsx#카카오!D315:E315,2026-08-17
KAKAOPAY,라이트,0,M,53,2663,1,DERIVED,7990,3,"ROUND(source_value / source_period_days, 0)",3일 직접 조회값을 1일 비교용 값으로 환산,insurer_premiums_2026-08.xlsx#카카오!D321:E321,2026-08-17
KAKAOPAY,라이트,0,M,54,2737,1,DERIVED,8210,3,"ROUND(source_value / source_period_days, 0)",3일 직접 조회값을 1일 비교용 값으로 환산,insurer_premiums_2026-08.xlsx#카카오!D327:E327,2026-08-17
KAKAOPAY,라이트,0,M,55,2817,1,DERIVED,8450,3,"ROUND(source_value / source_period_days, 0)",3일 직접 조회값을 1일 비교용 값으로 환산,insurer_premiums_2026-08.xlsx#카카오!D333:E333,2026-08-17
KAKAOPAY,라이트,0,M,56,2890,1,DERIVED,8670,3,"ROUND(source_value / source_period_days, 0)",3일 직접 조회값을 1일 비교용 값으로 환산,insurer_premiums_2026-08.xlsx#카카오!D339:E339,2026-08-17
KAKAOPAY,라이트,0,M,57,2980,1,DERIVED,8940,3,"ROUND(source_value / source_period_days, 0)",3일 직접 조회값을 1일 비교용 값으로 환산,insurer_premiums_2026-08.xlsx#카카오!D345:E345,2026-08-17
KAKAOPAY,라이트,0,M,58,3073,1,DERIVED,9220,3,"ROUND(source_value / source_period_days, 0)",3일 직접 조회값을 1일 비교용 값으로 환산,insurer_premiums_2026-08.xlsx#카카오!D351:E351,2026-08-17
KAKAOPAY,라이트,0,M,59,3173,1,DERIVED,9520,3,"ROUND(source_value / source_period_days, 0)",3일 직접 조회값을 1일 비교용 값으로 환산,insurer_premiums_2026-08.xlsx#카카오!D357:E357,2026-08-17
KAKAOPAY,라이트,0,M,60,3277,1,DERIVED,9830,3,"ROUND(source_value / source_period_days, 0)",3일 직접 조회값을 1일 비교용 값으로 환산,insurer_premiums_2026-08.xlsx#카카오!D363:E363,2026-08-17
KAKAOPAY,라이트,0,M,61,3380,1,DERIVED,10140,3,"ROUND(source_value / source_period_days, 0)",3일 직접 조회값을 1일 비교용 값으로 환산,insurer_premiums_2026-08.xlsx#카카오!D369:E369,2026-08-17
KAKAOPAY,라이트,0,M,62,3480,1,DERIVED,10440,3,"ROUND(source_value / source_period_days, 0)",3일 직접 조회값을 1일 비교용 값으로 환산,insurer_premiums_2026-08.xlsx#카카오!D375:E375,2026-08-17
KAKAOPAY,라이트,0,M,63,3603,1,DERIVED,10810,3,"ROUND(source_value / source_period_days, 0)",3일 직접 조회값을 1일 비교용 값으로 환산,insurer_premiums_2026-08.xlsx#카카오!D381:E381,2026-08-17
KAKAOPAY,라이트,0,M,64,3707,1,DERIVED,11120,3,"ROUND(source_value / source_period_days, 0)",3일 직접 조회값을 1일 비교용 값으로 환산,insurer_premiums_2026-08.xlsx#카카오!D387:E387,2026-08-17
KAKAOPAY,라이트,0,M,65,3817,1,DERIVED,11450,3,"ROUND(source_value / source_period_days, 0)",3일 직접 조회값을 1일 비교용 값으로 환산,insurer_premiums_2026-08.xlsx#카카오!D393:E393,2026-08-17
KAKAOPAY,라이트,0,M,66,3930,1,DERIVED,11790,3,"ROUND(source_value / source_period_days, 0)",3일 직접 조회값을 1일 비교용 값으로 환산,insurer_premiums_2026-08.xlsx#카카오!D399:E399,2026-08-17
KAKAOPAY,라이트,0,M,67,4063,1,DERIVED,12190,3,"ROUND(source_value / source_period_days, 0)",3일 직접 조회값을 1일 비교용 값으로 환산,insurer_premiums_2026-08.xlsx#카카오!D405:E405,2026-08-17
KAKAOPAY,라이트,0,M,68,4123,1,DERIVED,12370,3,"ROUND(source_value / source_period_days, 0)",3일 직접 조회값을 1일 비교용 값으로 환산,insurer_premiums_2026-08.xlsx#카카오!D411:E411,2026-08-17
KAKAOPAY,라이트,0,M,69,4227,1,DERIVED,12680,3,"ROUND(source_value / source_period_days, 0)",3일 직접 조회값을 1일 비교용 값으로 환산,insurer_premiums_2026-08.xlsx#카카오!D417:E417,2026-08-17
KAKAOPAY,라이트,0,M,70,4307,1,DERIVED,12920,3,"ROUND(source_value / source_period_days, 0)",3일 직접 조회값을 1일 비교용 값으로 환산,insurer_premiums_2026-08.xlsx#카카오!D423:E423,2026-08-17
KAKAOPAY,라이트,0,M,71,4410,1,DERIVED,13230,3,"ROUND(source_value / source_period_days, 0)",3일 직접 조회값을 1일 비교용 값으로 환산,insurer_premiums_2026-08.xlsx#카카오!D429:E429,2026-08-17
KAKAOPAY,라이트,0,M,72,4500,1,DERIVED,13500,3,"ROUND(source_value / source_period_days, 0)",3일 직접 조회값을 1일 비교용 값으로 환산,insurer_premiums_2026-08.xlsx#카카오!D435:E435,2026-08-17
KAKAOPAY,라이트,0,M,73,4583,1,DERIVED,13750,3,"ROUND(source_value / source_period_days, 0)",3일 직접 조회값을 1일 비교용 값으로 환산,insurer_premiums_2026-08.xlsx#카카오!D441:E441,2026-08-17
KAKAOPAY,라이트,0,M,74,4683,1,DERIVED,14050,3,"ROUND(source_value / source_period_days, 0)",3일 직접 조회값을 1일 비교용 값으로 환산,insurer_premiums_2026-08.xlsx#카카오!D447:E447,2026-08-17
KAKAOPAY,라이트,0,M,75,4757,1,DERIVED,14270,3,"ROUND(source_value / source_period_days, 0)",3일 직접 조회값을 1일 비교용 값으로 환산,insurer_premiums_2026-08.xlsx#카카오!D453:E453,2026-08-17
KAKAOPAY,라이트,0,M,76,4837,1,DERIVED,14510,3,"ROUND(source_value / source_period_days, 0)",3일 직접 조회값을 1일 비교용 값으로 환산,insurer_premiums_2026-08.xlsx#카카오!D459:E459,2026-08-17
KAKAOPAY,라이트,0,M,77,4930,1,DERIVED,14790,3,"ROUND(source_value / source_period_days, 0)",3일 직접 조회값을 1일 비교용 값으로 환산,insurer_premiums_2026-08.xlsx#카카오!D465:E465,2026-08-17
KAKAOPAY,라이트,0,M,78,5030,1,DERIVED,15090,3,"ROUND(source_value / source_period_days, 0)",3일 직접 조회값을 1일 비교용 값으로 환산,insurer_premiums_2026-08.xlsx#카카오!D471:E471,2026-08-17
KAKAOPAY,라이트,0,M,79,5113,1,DERIVED,15340,3,"ROUND(source_value / source_period_days, 0)",3일 직접 조회값을 1일 비교용 값으로 환산,insurer_premiums_2026-08.xlsx#카카오!D477:E477,2026-08-17
KAKAOPAY,라이트,0,M,80,5213,1,DERIVED,15640,3,"ROUND(source_value / source_period_days, 0)",3일 직접 조회값을 1일 비교용 값으로 환산,insurer_premiums_2026-08.xlsx#카카오!D483:E483,2026-08-17
KAKAOPAY,베이직,1,F,0,4247,1,DERIVED,12740,3,"ROUND(source_value / source_period_days, 0)",3일 직접 조회값을 1일 비교용 값으로 환산,insurer_premiums_2026-08.xlsx#카카오!D7:E7,2026-08-17
KAKAOPAY,베이직,1,F,1,3787,1,DERIVED,11360,3,"ROUND(source_value / source_period_days, 0)",3일 직접 조회값을 1일 비교용 값으로 환산,insurer_premiums_2026-08.xlsx#카카오!D13:E13,2026-08-17
KAKAOPAY,베이직,1,F,2,3290,1,DERIVED,9870,3,"ROUND(source_value / source_period_days, 0)",3일 직접 조회값을 1일 비교용 값으로 환산,insurer_premiums_2026-08.xlsx#카카오!D19:E19,2026-08-17
KAKAOPAY,베이직,1,F,3,3000,1,DERIVED,9000,3,"ROUND(source_value / source_period_days, 0)",3일 직접 조회값을 1일 비교용 값으로 환산,insurer_premiums_2026-08.xlsx#카카오!D25:E25,2026-08-17
KAKAOPAY,베이직,1,F,4,2963,1,DERIVED,8890,3,"ROUND(source_value / source_period_days, 0)",3일 직접 조회값을 1일 비교용 값으로 환산,insurer_premiums_2026-08.xlsx#카카오!D31:E31,2026-08-17
KAKAOPAY,베이직,1,F,5,2877,1,DERIVED,8630,3,"ROUND(source_value / source_period_days, 0)",3일 직접 조회값을 1일 비교용 값으로 환산,insurer_premiums_2026-08.xlsx#카카오!D37:E37,2026-08-17
KAKAOPAY,베이직,1,F,6,2977,1,DERIVED,8930,3,"ROUND(source_value / source_period_days, 0)",3일 직접 조회값을 1일 비교용 값으로 환산,insurer_premiums_2026-08.xlsx#카카오!D43:E43,2026-08-17
KAKAOPAY,베이직,1,F,7,2910,1,DERIVED,8730,3,"ROUND(source_value / source_period_days, 0)",3일 직접 조회값을 1일 비교용 값으로 환산,insurer_premiums_2026-08.xlsx#카카오!D49:E49,2026-08-17
KAKAOPAY,베이직,1,F,8,2880,1,DERIVED,8640,3,"ROUND(source_value / source_period_days, 0)",3일 직접 조회값을 1일 비교용 값으로 환산,insurer_premiums_2026-08.xlsx#카카오!D55:E55,2026-08-17
KAKAOPAY,베이직,1,F,9,2880,1,DERIVED,8640,3,"ROUND(source_value / source_period_days, 0)",3일 직접 조회값을 1일 비교용 값으로 환산,insurer_premiums_2026-08.xlsx#카카오!D61:E61,2026-08-17
KAKAOPAY,베이직,1,F,10,2880,1,DERIVED,8640,3,"ROUND(source_value / source_period_days, 0)",3일 직접 조회값을 1일 비교용 값으로 환산,insurer_premiums_2026-08.xlsx#카카오!D67:E67,2026-08-17
KAKAOPAY,베이직,1,F,11,2880,1,DERIVED,8640,3,"ROUND(source_value / source_period_days, 0)",3일 직접 조회값을 1일 비교용 값으로 환산,insurer_premiums_2026-08.xlsx#카카오!D73:E73,2026-08-17
KAKAOPAY,베이직,1,F,12,2880,1,DERIVED,8640,3,"ROUND(source_value / source_period_days, 0)",3일 직접 조회값을 1일 비교용 값으로 환산,insurer_premiums_2026-08.xlsx#카카오!D79:E79,2026-08-17
KAKAOPAY,베이직,1,F,13,2897,1,DERIVED,8690,3,"ROUND(source_value / source_period_days, 0)",3일 직접 조회값을 1일 비교용 값으로 환산,insurer_premiums_2026-08.xlsx#카카오!D85:E85,2026-08-17
KAKAOPAY,베이직,1,F,14,2913,1,DERIVED,8740,3,"ROUND(source_value / source_period_days, 0)",3일 직접 조회값을 1일 비교용 값으로 환산,insurer_premiums_2026-08.xlsx#카카오!D91:E91,2026-08-17
KAKAOPAY,베이직,1,F,15,3373,1,DERIVED,10120,3,"ROUND(source_value / source_period_days, 0)",3일 직접 조회값을 1일 비교용 값으로 환산,insurer_premiums_2026-08.xlsx#카카오!D97:E97,2026-08-17
KAKAOPAY,베이직,1,F,16,3373,1,DERIVED,10120,3,"ROUND(source_value / source_period_days, 0)",3일 직접 조회값을 1일 비교용 값으로 환산,insurer_premiums_2026-08.xlsx#카카오!D103:E103,2026-08-17
KAKAOPAY,베이직,1,F,17,3390,1,DERIVED,10170,3,"ROUND(source_value / source_period_days, 0)",3일 직접 조회값을 1일 비교용 값으로 환산,insurer_premiums_2026-08.xlsx#카카오!D109:E109,2026-08-17
KAKAOPAY,베이직,1,F,18,3447,1,DERIVED,10340,3,"ROUND(source_value / source_period_days, 0)",3일 직접 조회값을 1일 비교용 값으로 환산,insurer_premiums_2026-08.xlsx#카카오!D115:E115,2026-08-17
KAKAOPAY,베이직,1,F,19,3500,1,DERIVED,10500,3,"ROUND(source_value / source_period_days, 0)",3일 직접 조회값을 1일 비교용 값으로 환산,insurer_premiums_2026-08.xlsx#카카오!D121:E121,2026-08-17
KAKAOPAY,베이직,1,F,20,3533,1,DERIVED,10600,3,"ROUND(source_value / source_period_days, 0)",3일 직접 조회값을 1일 비교용 값으로 환산,insurer_premiums_2026-08.xlsx#카카오!D127:E127,2026-08-17
KAKAOPAY,베이직,1,F,21,3587,1,DERIVED,10760,3,"ROUND(source_value / source_period_days, 0)",3일 직접 조회값을 1일 비교용 값으로 환산,insurer_premiums_2026-08.xlsx#카카오!D133:E133,2026-08-17
KAKAOPAY,베이직,1,F,22,3587,1,DERIVED,10760,3,"ROUND(source_value / source_period_days, 0)",3일 직접 조회값을 1일 비교용 값으로 환산,insurer_premiums_2026-08.xlsx#카카오!D139:E139,2026-08-17
KAKAOPAY,베이직,1,F,23,3620,1,DERIVED,10860,3,"ROUND(source_value / source_period_days, 0)",3일 직접 조회값을 1일 비교용 값으로 환산,insurer_premiums_2026-08.xlsx#카카오!D145:E145,2026-08-17
KAKAOPAY,베이직,1,F,24,3637,1,DERIVED,10910,3,"ROUND(source_value / source_period_days, 0)",3일 직접 조회값을 1일 비교용 값으로 환산,insurer_premiums_2026-08.xlsx#카카오!D151:E151,2026-08-17
KAKAOPAY,베이직,1,F,25,3670,1,DERIVED,11010,3,"ROUND(source_value / source_period_days, 0)",3일 직접 조회값을 1일 비교용 값으로 환산,insurer_premiums_2026-08.xlsx#카카오!D157:E157,2026-08-17
KAKAOPAY,베이직,1,F,26,3690,1,DERIVED,11070,3,"ROUND(source_value / source_period_days, 0)",3일 직접 조회값을 1일 비교용 값으로 환산,insurer_premiums_2026-08.xlsx#카카오!D163:E163,2026-08-17
KAKAOPAY,베이직,1,F,27,3707,1,DERIVED,11120,3,"ROUND(source_value / source_period_days, 0)",3일 직접 조회값을 1일 비교용 값으로 환산,insurer_premiums_2026-08.xlsx#카카오!D169:E169,2026-08-17
KAKAOPAY,베이직,1,F,28,3690,1,DERIVED,11070,3,"ROUND(source_value / source_period_days, 0)",3일 직접 조회값을 1일 비교용 값으로 환산,insurer_premiums_2026-08.xlsx#카카오!D175:E175,2026-08-17
KAKAOPAY,베이직,1,F,29,3690,1,DERIVED,11070,3,"ROUND(source_value / source_period_days, 0)",3일 직접 조회값을 1일 비교용 값으로 환산,insurer_premiums_2026-08.xlsx#카카오!D181:E181,2026-08-17
KAKAOPAY,베이직,1,F,30,3690,1,DERIVED,11070,3,"ROUND(source_value / source_period_days, 0)",3일 직접 조회값을 1일 비교용 값으로 환산,insurer_premiums_2026-08.xlsx#카카오!D187:E187,2026-08-17
KAKAOPAY,베이직,1,F,31,3657,1,DERIVED,10970,3,"ROUND(source_value / source_period_days, 0)",3일 직접 조회값을 1일 비교용 값으로 환산,insurer_premiums_2026-08.xlsx#카카오!D193:E193,2026-08-17
KAKAOPAY,베이직,1,F,32,3657,1,DERIVED,10970,3,"ROUND(source_value / source_period_days, 0)",3일 직접 조회값을 1일 비교용 값으로 환산,insurer_premiums_2026-08.xlsx#카카오!D199:E199,2026-08-17
KAKAOPAY,베이직,1,F,33,3690,1,DERIVED,11070,3,"ROUND(source_value / source_period_days, 0)",3일 직접 조회값을 1일 비교용 값으로 환산,insurer_premiums_2026-08.xlsx#카카오!D205:E205,2026-08-17
KAKAOPAY,베이직,1,F,34,3727,1,DERIVED,11180,3,"ROUND(source_value / source_period_days, 0)",3일 직접 조회값을 1일 비교용 값으로 환산,insurer_premiums_2026-08.xlsx#카카오!D211:E211,2026-08-17
KAKAOPAY,베이직,1,F,35,3760,1,DERIVED,11280,3,"ROUND(source_value / source_period_days, 0)",3일 직접 조회값을 1일 비교용 값으로 환산,insurer_premiums_2026-08.xlsx#카카오!D217:E217,2026-08-17
KAKAOPAY,베이직,1,F,36,3797,1,DERIVED,11390,3,"ROUND(source_value / source_period_days, 0)",3일 직접 조회값을 1일 비교용 값으로 환산,insurer_premiums_2026-08.xlsx#카카오!D223:E223,2026-08-17
KAKAOPAY,베이직,1,F,37,3863,1,DERIVED,11590,3,"ROUND(source_value / source_period_days, 0)",3일 직접 조회값을 1일 비교용 값으로 환산,insurer_premiums_2026-08.xlsx#카카오!D229:E229,2026-08-17
KAKAOPAY,베이직,1,F,38,3950,1,DERIVED,11850,3,"ROUND(source_value / source_period_days, 0)",3일 직접 조회값을 1일 비교용 값으로 환산,insurer_premiums_2026-08.xlsx#카카오!D235:E235,2026-08-17
KAKAOPAY,베이직,1,F,39,4020,1,DERIVED,12060,3,"ROUND(source_value / source_period_days, 0)",3일 직접 조회값을 1일 비교용 값으로 환산,insurer_premiums_2026-08.xlsx#카카오!D241:E241,2026-08-17
KAKAOPAY,베이직,1,F,40,4107,1,DERIVED,12320,3,"ROUND(source_value / source_period_days, 0)",3일 직접 조회값을 1일 비교용 값으로 환산,insurer_premiums_2026-08.xlsx#카카오!D247:E247,2026-08-17
KAKAOPAY,베이직,1,F,41,4210,1,DERIVED,12630,3,"ROUND(source_value / source_period_days, 0)",3일 직접 조회값을 1일 비교용 값으로 환산,insurer_premiums_2026-08.xlsx#카카오!D253:E253,2026-08-17
KAKAOPAY,베이직,1,F,42,4313,1,DERIVED,12940,3,"ROUND(source_value / source_period_days, 0)",3일 직접 조회값을 1일 비교용 값으로 환산,insurer_premiums_2026-08.xlsx#카카오!D259:E259,2026-08-17
KAKAOPAY,베이직,1,F,43,4350,1,DERIVED,13050,3,"ROUND(source_value / source_period_days, 0)",3일 직접 조회값을 1일 비교용 값으로 환산,insurer_premiums_2026-08.xlsx#카카오!D265:E265,2026-08-17
KAKAOPAY,베이직,1,F,44,4437,1,DERIVED,13310,3,"ROUND(source_value / source_period_days, 0)",3일 직접 조회값을 1일 비교용 값으로 환산,insurer_premiums_2026-08.xlsx#카카오!D271:E271,2026-08-17
KAKAOPAY,베이직,1,F,45,4543,1,DERIVED,13630,3,"ROUND(source_value / source_period_days, 0)",3일 직접 조회값을 1일 비교용 값으로 환산,insurer_premiums_2026-08.xlsx#카카오!D277:E277,2026-08-17
KAKAOPAY,베이직,1,F,46,4613,1,DERIVED,13840,3,"ROUND(source_value / source_period_days, 0)",3일 직접 조회값을 1일 비교용 값으로 환산,insurer_premiums_2026-08.xlsx#카카오!D283:E283,2026-08-17
KAKAOPAY,베이직,1,F,47,4720,1,DERIVED,14160,3,"ROUND(source_value / source_period_days, 0)",3일 직접 조회값을 1일 비교용 값으로 환산,insurer_premiums_2026-08.xlsx#카카오!D289:E289,2026-08-17
KAKAOPAY,베이직,1,F,48,4793,1,DERIVED,14380,3,"ROUND(source_value / source_period_days, 0)",3일 직접 조회값을 1일 비교용 값으로 환산,insurer_premiums_2026-08.xlsx#카카오!D295:E295,2026-08-17
KAKAOPAY,베이직,1,F,49,4863,1,DERIVED,14590,3,"ROUND(source_value / source_period_days, 0)",3일 직접 조회값을 1일 비교용 값으로 환산,insurer_premiums_2026-08.xlsx#카카오!D301:E301,2026-08-17
KAKAOPAY,베이직,1,F,50,4953,1,DERIVED,14860,3,"ROUND(source_value / source_period_days, 0)",3일 직접 조회값을 1일 비교용 값으로 환산,insurer_premiums_2026-08.xlsx#카카오!D307:E307,2026-08-17
KAKAOPAY,베이직,1,F,51,5060,1,DERIVED,15180,3,"ROUND(source_value / source_period_days, 0)",3일 직접 조회값을 1일 비교용 값으로 환산,insurer_premiums_2026-08.xlsx#카카오!D313:E313,2026-08-17
KAKAOPAY,베이직,1,F,52,5097,1,DERIVED,15290,3,"ROUND(source_value / source_period_days, 0)",3일 직접 조회값을 1일 비교용 값으로 환산,insurer_premiums_2026-08.xlsx#카카오!D319:E319,2026-08-17
KAKAOPAY,베이직,1,F,53,5133,1,DERIVED,15400,3,"ROUND(source_value / source_period_days, 0)",3일 직접 조회값을 1일 비교용 값으로 환산,insurer_premiums_2026-08.xlsx#카카오!D325:E325,2026-08-17
KAKAOPAY,베이직,1,F,54,5187,1,DERIVED,15560,3,"ROUND(source_value / source_period_days, 0)",3일 직접 조회값을 1일 비교용 값으로 환산,insurer_premiums_2026-08.xlsx#카카오!D331:E331,2026-08-17
KAKAOPAY,베이직,1,F,55,5190,1,DERIVED,15570,3,"ROUND(source_value / source_period_days, 0)",3일 직접 조회값을 1일 비교용 값으로 환산,insurer_premiums_2026-08.xlsx#카카오!D337:E337,2026-08-17
KAKAOPAY,베이직,1,F,56,5313,1,DERIVED,15940,3,"ROUND(source_value / source_period_days, 0)",3일 직접 조회값을 1일 비교용 값으로 환산,insurer_premiums_2026-08.xlsx#카카오!D343:E343,2026-08-17
KAKAOPAY,베이직,1,F,57,5450,1,DERIVED,16350,3,"ROUND(source_value / source_period_days, 0)",3일 직접 조회값을 1일 비교용 값으로 환산,insurer_premiums_2026-08.xlsx#카카오!D349:E349,2026-08-17
KAKAOPAY,베이직,1,F,58,5673,1,DERIVED,17020,3,"ROUND(source_value / source_period_days, 0)",3일 직접 조회값을 1일 비교용 값으로 환산,insurer_premiums_2026-08.xlsx#카카오!D355:E355,2026-08-17
KAKAOPAY,베이직,1,F,59,5847,1,DERIVED,17540,3,"ROUND(source_value / source_period_days, 0)",3일 직접 조회값을 1일 비교용 값으로 환산,insurer_premiums_2026-08.xlsx#카카오!D361:E361,2026-08-17
KAKAOPAY,베이직,1,F,60,6053,1,DERIVED,18160,3,"ROUND(source_value / source_period_days, 0)",3일 직접 조회값을 1일 비교용 값으로 환산,insurer_premiums_2026-08.xlsx#카카오!D367:E367,2026-08-17
KAKAOPAY,베이직,1,F,61,6260,1,DERIVED,18780,3,"ROUND(source_value / source_period_days, 0)",3일 직접 조회값을 1일 비교용 값으로 환산,insurer_premiums_2026-08.xlsx#카카오!D373:E373,2026-08-17
KAKAOPAY,베이직,1,F,62,6450,1,DERIVED,19350,3,"ROUND(source_value / source_period_days, 0)",3일 직접 조회값을 1일 비교용 값으로 환산,insurer_premiums_2026-08.xlsx#카카오!D379:E379,2026-08-17
KAKAOPAY,베이직,1,F,63,6743,1,DERIVED,20230,3,"ROUND(source_value / source_period_days, 0)",3일 직접 조회값을 1일 비교용 값으로 환산,insurer_premiums_2026-08.xlsx#카카오!D385:E385,2026-08-17
KAKAOPAY,베이직,1,F,64,6970,1,DERIVED,20910,3,"ROUND(source_value / source_period_days, 0)",3일 직접 조회값을 1일 비교용 값으로 환산,insurer_premiums_2026-08.xlsx#카카오!D391:E391,2026-08-17
KAKAOPAY,베이직,1,F,65,7277,1,DERIVED,21830,3,"ROUND(source_value / source_period_days, 0)",3일 직접 조회값을 1일 비교용 값으로 환산,insurer_premiums_2026-08.xlsx#카카오!D397:E397,2026-08-17
KAKAOPAY,베이직,1,F,66,7520,1,DERIVED,22560,3,"ROUND(source_value / source_period_days, 0)",3일 직접 조회값을 1일 비교용 값으로 환산,insurer_premiums_2026-08.xlsx#카카오!D403:E403,2026-08-17
KAKAOPAY,베이직,1,F,67,7813,1,DERIVED,23440,3,"ROUND(source_value / source_period_days, 0)",3일 직접 조회값을 1일 비교용 값으로 환산,insurer_premiums_2026-08.xlsx#카카오!D409:E409,2026-08-17
KAKAOPAY,베이직,1,F,68,7990,1,DERIVED,23970,3,"ROUND(source_value / source_period_days, 0)",3일 직접 조회값을 1일 비교용 값으로 환산,insurer_premiums_2026-08.xlsx#카카오!D415:E415,2026-08-17
KAKAOPAY,베이직,1,F,69,8163,1,DERIVED,24490,3,"ROUND(source_value / source_period_days, 0)",3일 직접 조회값을 1일 비교용 값으로 환산,insurer_premiums_2026-08.xlsx#카카오!D421:E421,2026-08-17
KAKAOPAY,베이직,1,F,70,8407,1,DERIVED,25220,3,"ROUND(source_value / source_period_days, 0)",3일 직접 조회값을 1일 비교용 값으로 환산,insurer_premiums_2026-08.xlsx#카카오!D427:E427,2026-08-17
KAKAOPAY,베이직,1,F,71,8580,1,DERIVED,25740,3,"ROUND(source_value / source_period_days, 0)",3일 직접 조회값을 1일 비교용 값으로 환산,insurer_premiums_2026-08.xlsx#카카오!D433:E433,2026-08-17
KAKAOPAY,베이직,1,F,72,8803,1,DERIVED,26410,3,"ROUND(source_value / source_period_days, 0)",3일 직접 조회값을 1일 비교용 값으로 환산,insurer_premiums_2026-08.xlsx#카카오!D439:E439,2026-08-17
KAKAOPAY,베이직,1,F,73,9127,1,DERIVED,27380,3,"ROUND(source_value / source_period_days, 0)",3일 직접 조회값을 1일 비교용 값으로 환산,insurer_premiums_2026-08.xlsx#카카오!D445:E445,2026-08-17
KAKAOPAY,베이직,1,F,74,9453,1,DERIVED,28360,3,"ROUND(source_value / source_period_days, 0)",3일 직접 조회값을 1일 비교용 값으로 환산,insurer_premiums_2026-08.xlsx#카카오!D451:E451,2026-08-17
KAKAOPAY,베이직,1,F,75,9810,1,DERIVED,29430,3,"ROUND(source_value / source_period_days, 0)",3일 직접 조회값을 1일 비교용 값으로 환산,insurer_premiums_2026-08.xlsx#카카오!D457:E457,2026-08-17
KAKAOPAY,베이직,1,F,76,10117,1,DERIVED,30350,3,"ROUND(source_value / source_period_days, 0)",3일 직접 조회값을 1일 비교용 값으로 환산,insurer_premiums_2026-08.xlsx#카카오!D463:E463,2026-08-17
KAKAOPAY,베이직,1,F,77,10493,1,DERIVED,31480,3,"ROUND(source_value / source_period_days, 0)",3일 직접 조회값을 1일 비교용 값으로 환산,insurer_premiums_2026-08.xlsx#카카오!D469:E469,2026-08-17
KAKAOPAY,베이직,1,F,78,10647,1,DERIVED,31940,3,"ROUND(source_value / source_period_days, 0)",3일 직접 조회값을 1일 비교용 값으로 환산,insurer_premiums_2026-08.xlsx#카카오!D475:E475,2026-08-17
KAKAOPAY,베이직,1,F,79,10817,1,DERIVED,32450,3,"ROUND(source_value / source_period_days, 0)",3일 직접 조회값을 1일 비교용 값으로 환산,insurer_premiums_2026-08.xlsx#카카오!D481:E481,2026-08-17
KAKAOPAY,베이직,1,F,80,10953,1,DERIVED,32860,3,"ROUND(source_value / source_period_days, 0)",3일 직접 조회값을 1일 비교용 값으로 환산,insurer_premiums_2026-08.xlsx#카카오!D487:E487,2026-08-17
KAKAOPAY,베이직,1,M,0,4423,1,DERIVED,13270,3,"ROUND(source_value / source_period_days, 0)",3일 직접 조회값을 1일 비교용 값으로 환산,insurer_premiums_2026-08.xlsx#카카오!D4:E4,2026-08-17
KAKAOPAY,베이직,1,M,1,3863,1,DERIVED,11590,3,"ROUND(source_value / source_period_days, 0)",3일 직접 조회값을 1일 비교용 값으로 환산,insurer_premiums_2026-08.xlsx#카카오!D10:E10,2026-08-17
KAKAOPAY,베이직,1,M,2,3417,1,DERIVED,10250,3,"ROUND(source_value / source_period_days, 0)",3일 직접 조회값을 1일 비교용 값으로 환산,insurer_premiums_2026-08.xlsx#카카오!D16:E16,2026-08-17
KAKAOPAY,베이직,1,M,3,3090,1,DERIVED,9270,3,"ROUND(source_value / source_period_days, 0)",3일 직접 조회값을 1일 비교용 값으로 환산,insurer_premiums_2026-08.xlsx#카카오!D22:E22,2026-08-17
KAKAOPAY,베이직,1,M,4,3020,1,DERIVED,9060,3,"ROUND(source_value / source_period_days, 0)",3일 직접 조회값을 1일 비교용 값으로 환산,insurer_premiums_2026-08.xlsx#카카오!D28:E28,2026-08-17
KAKAOPAY,베이직,1,M,5,2987,1,DERIVED,8960,3,"ROUND(source_value / source_period_days, 0)",3일 직접 조회값을 1일 비교용 값으로 환산,insurer_premiums_2026-08.xlsx#카카오!D34:E34,2026-08-17
KAKAOPAY,베이직,1,M,6,3003,1,DERIVED,9010,3,"ROUND(source_value / source_period_days, 0)",3일 직접 조회값을 1일 비교용 값으로 환산,insurer_premiums_2026-08.xlsx#카카오!D40:E40,2026-08-17
KAKAOPAY,베이직,1,M,7,2920,1,DERIVED,8760,3,"ROUND(source_value / source_period_days, 0)",3일 직접 조회값을 1일 비교용 값으로 환산,insurer_premiums_2026-08.xlsx#카카오!D46:E46,2026-08-17
KAKAOPAY,베이직,1,M,8,2890,1,DERIVED,8670,3,"ROUND(source_value / source_period_days, 0)",3일 직접 조회값을 1일 비교용 값으로 환산,insurer_premiums_2026-08.xlsx#카카오!D52:E52,2026-08-17
KAKAOPAY,베이직,1,M,9,2927,1,DERIVED,8780,3,"ROUND(source_value / source_period_days, 0)",3일 직접 조회값을 1일 비교용 값으로 환산,insurer_premiums_2026-08.xlsx#카카오!D58:E58,2026-08-17
KAKAOPAY,베이직,1,M,10,2960,1,DERIVED,8880,3,"ROUND(source_value / source_period_days, 0)",3일 직접 조회값을 1일 비교용 값으로 환산,insurer_premiums_2026-08.xlsx#카카오!D64:E64,2026-08-17
KAKAOPAY,베이직,1,M,11,2997,1,DERIVED,8990,3,"ROUND(source_value / source_period_days, 0)",3일 직접 조회값을 1일 비교용 값으로 환산,insurer_premiums_2026-08.xlsx#카카오!D70:E70,2026-08-17
KAKAOPAY,베이직,1,M,12,3017,1,DERIVED,9050,3,"ROUND(source_value / source_period_days, 0)",3일 직접 조회값을 1일 비교용 값으로 환산,insurer_premiums_2026-08.xlsx#카카오!D76:E76,2026-08-17
KAKAOPAY,베이직,1,M,13,3053,1,DERIVED,9160,3,"ROUND(source_value / source_period_days, 0)",3일 직접 조회값을 1일 비교용 값으로 환산,insurer_premiums_2026-08.xlsx#카카오!D82:E82,2026-08-17
KAKAOPAY,베이직,1,M,14,3073,1,DERIVED,9220,3,"ROUND(source_value / source_period_days, 0)",3일 직접 조회값을 1일 비교용 값으로 환산,insurer_premiums_2026-08.xlsx#카카오!D88:E88,2026-08-17
KAKAOPAY,베이직,1,M,15,3600,1,DERIVED,10800,3,"ROUND(source_value / source_period_days, 0)",3일 직접 조회값을 1일 비교용 값으로 환산,insurer_premiums_2026-08.xlsx#카카오!D94:E94,2026-08-17
KAKAOPAY,베이직,1,M,16,3670,1,DERIVED,11010,3,"ROUND(source_value / source_period_days, 0)",3일 직접 조회값을 1일 비교용 값으로 환산,insurer_premiums_2026-08.xlsx#카카오!D100:E100,2026-08-17
KAKAOPAY,베이직,1,M,17,3757,1,DERIVED,11270,3,"ROUND(source_value / source_period_days, 0)",3일 직접 조회값을 1일 비교용 값으로 환산,insurer_premiums_2026-08.xlsx#카카오!D106:E106,2026-08-17
KAKAOPAY,베이직,1,M,18,3763,1,DERIVED,11290,3,"ROUND(source_value / source_period_days, 0)",3일 직접 조회값을 1일 비교용 값으로 환산,insurer_premiums_2026-08.xlsx#카카오!D112:E112,2026-08-17
KAKAOPAY,베이직,1,M,19,3763,1,DERIVED,11290,3,"ROUND(source_value / source_period_days, 0)",3일 직접 조회값을 1일 비교용 값으로 환산,insurer_premiums_2026-08.xlsx#카카오!D118:E118,2026-08-17
KAKAOPAY,베이직,1,M,20,3747,1,DERIVED,11240,3,"ROUND(source_value / source_period_days, 0)",3일 직접 조회값을 1일 비교용 값으로 환산,insurer_premiums_2026-08.xlsx#카카오!D124:E124,2026-08-17
KAKAOPAY,베이직,1,M,21,3730,1,DERIVED,11190,3,"ROUND(source_value / source_period_days, 0)",3일 직접 조회값을 1일 비교용 값으로 환산,insurer_premiums_2026-08.xlsx#카카오!D130:E130,2026-08-17
KAKAOPAY,베이직,1,M,22,3713,1,DERIVED,11140,3,"ROUND(source_value / source_period_days, 0)",3일 직접 조회값을 1일 비교용 값으로 환산,insurer_premiums_2026-08.xlsx#카카오!D136:E136,2026-08-17
KAKAOPAY,베이직,1,M,23,3713,1,DERIVED,11140,3,"ROUND(source_value / source_period_days, 0)",3일 직접 조회값을 1일 비교용 값으로 환산,insurer_premiums_2026-08.xlsx#카카오!D142:E142,2026-08-17
KAKAOPAY,베이직,1,M,24,3750,1,DERIVED,11250,3,"ROUND(source_value / source_period_days, 0)",3일 직접 조회값을 1일 비교용 값으로 환산,insurer_premiums_2026-08.xlsx#카카오!D148:E148,2026-08-17
KAKAOPAY,베이직,1,M,25,3767,1,DERIVED,11300,3,"ROUND(source_value / source_period_days, 0)",3일 직접 조회값을 1일 비교용 값으로 환산,insurer_premiums_2026-08.xlsx#카카오!D154:E154,2026-08-17
KAKAOPAY,베이직,1,M,26,3800,1,DERIVED,11400,3,"ROUND(source_value / source_period_days, 0)",3일 직접 조회값을 1일 비교용 값으로 환산,insurer_premiums_2026-08.xlsx#카카오!D160:E160,2026-08-17
KAKAOPAY,베이직,1,M,27,3817,1,DERIVED,11450,3,"ROUND(source_value / source_period_days, 0)",3일 직접 조회값을 1일 비교용 값으로 환산,insurer_premiums_2026-08.xlsx#카카오!D166:E166,2026-08-17
KAKAOPAY,베이직,1,M,28,3833,1,DERIVED,11500,3,"ROUND(source_value / source_period_days, 0)",3일 직접 조회값을 1일 비교용 값으로 환산,insurer_premiums_2026-08.xlsx#카카오!D172:E172,2026-08-17
KAKAOPAY,베이직,1,M,29,3847,1,DERIVED,11540,3,"ROUND(source_value / source_period_days, 0)",3일 직접 조회값을 1일 비교용 값으로 환산,insurer_premiums_2026-08.xlsx#카카오!D178:E178,2026-08-17
KAKAOPAY,베이직,1,M,30,3863,1,DERIVED,11590,3,"ROUND(source_value / source_period_days, 0)",3일 직접 조회값을 1일 비교용 값으로 환산,insurer_premiums_2026-08.xlsx#카카오!D184:E184,2026-08-17
KAKAOPAY,베이직,1,M,31,3863,1,DERIVED,11590,3,"ROUND(source_value / source_period_days, 0)",3일 직접 조회값을 1일 비교용 값으로 환산,insurer_premiums_2026-08.xlsx#카카오!D190:E190,2026-08-17
KAKAOPAY,베이직,1,M,32,3880,1,DERIVED,11640,3,"ROUND(source_value / source_period_days, 0)",3일 직접 조회값을 1일 비교용 값으로 환산,insurer_premiums_2026-08.xlsx#카카오!D196:E196,2026-08-17
KAKAOPAY,베이직,1,M,33,3913,1,DERIVED,11740,3,"ROUND(source_value / source_period_days, 0)",3일 직접 조회값을 1일 비교용 값으로 환산,insurer_premiums_2026-08.xlsx#카카오!D202:E202,2026-08-17
KAKAOPAY,베이직,1,M,34,3917,1,DERIVED,11750,3,"ROUND(source_value / source_period_days, 0)",3일 직접 조회값을 1일 비교용 값으로 환산,insurer_premiums_2026-08.xlsx#카카오!D208:E208,2026-08-17
KAKAOPAY,베이직,1,M,35,3933,1,DERIVED,11800,3,"ROUND(source_value / source_period_days, 0)",3일 직접 조회값을 1일 비교용 값으로 환산,insurer_premiums_2026-08.xlsx#카카오!D214:E214,2026-08-17
KAKAOPAY,베이직,1,M,36,3950,1,DERIVED,11850,3,"ROUND(source_value / source_period_days, 0)",3일 직접 조회값을 1일 비교용 값으로 환산,insurer_premiums_2026-08.xlsx#카카오!D220:E220,2026-08-17
KAKAOPAY,베이직,1,M,37,3983,1,DERIVED,11950,3,"ROUND(source_value / source_period_days, 0)",3일 직접 조회값을 1일 비교용 값으로 환산,insurer_premiums_2026-08.xlsx#카카오!D226:E226,2026-08-17
KAKAOPAY,베이직,1,M,38,3987,1,DERIVED,11960,3,"ROUND(source_value / source_period_days, 0)",3일 직접 조회값을 1일 비교용 값으로 환산,insurer_premiums_2026-08.xlsx#카카오!D232:E232,2026-08-17
KAKAOPAY,베이직,1,M,39,4003,1,DERIVED,12010,3,"ROUND(source_value / source_period_days, 0)",3일 직접 조회값을 1일 비교용 값으로 환산,insurer_premiums_2026-08.xlsx#카카오!D238:E238,2026-08-17
KAKAOPAY,베이직,1,M,40,4003,1,DERIVED,12010,3,"ROUND(source_value / source_period_days, 0)",3일 직접 조회값을 1일 비교용 값으로 환산,insurer_premiums_2026-08.xlsx#카카오!D244:E244,2026-08-17
KAKAOPAY,베이직,1,M,41,4040,1,DERIVED,12120,3,"ROUND(source_value / source_period_days, 0)",3일 직접 조회값을 1일 비교용 값으로 환산,insurer_premiums_2026-08.xlsx#카카오!D250:E250,2026-08-17
KAKAOPAY,베이직,1,M,42,4040,1,DERIVED,12120,3,"ROUND(source_value / source_period_days, 0)",3일 직접 조회값을 1일 비교용 값으로 환산,insurer_premiums_2026-08.xlsx#카카오!D256:E256,2026-08-17
KAKAOPAY,베이직,1,M,43,4073,1,DERIVED,12220,3,"ROUND(source_value / source_period_days, 0)",3일 직접 조회값을 1일 비교용 값으로 환산,insurer_premiums_2026-08.xlsx#카카오!D262:E262,2026-08-17
KAKAOPAY,베이직,1,M,44,4110,1,DERIVED,12330,3,"ROUND(source_value / source_period_days, 0)",3일 직접 조회값을 1일 비교용 값으로 환산,insurer_premiums_2026-08.xlsx#카카오!D268:E268,2026-08-17
KAKAOPAY,베이직,1,M,45,4180,1,DERIVED,12540,3,"ROUND(source_value / source_period_days, 0)",3일 직접 조회값을 1일 비교용 값으로 환산,insurer_premiums_2026-08.xlsx#카카오!D274:E274,2026-08-17
KAKAOPAY,베이직,1,M,46,4267,1,DERIVED,12800,3,"ROUND(source_value / source_period_days, 0)",3일 직접 조회값을 1일 비교용 값으로 환산,insurer_premiums_2026-08.xlsx#카카오!D280:E280,2026-08-17
KAKAOPAY,베이직,1,M,47,4320,1,DERIVED,12960,3,"ROUND(source_value / source_period_days, 0)",3일 직접 조회값을 1일 비교용 값으로 환산,insurer_premiums_2026-08.xlsx#카카오!D286:E286,2026-08-17
KAKAOPAY,베이직,1,M,48,4440,1,DERIVED,13320,3,"ROUND(source_value / source_period_days, 0)",3일 직접 조회값을 1일 비교용 값으로 환산,insurer_premiums_2026-08.xlsx#카카오!D292:E292,2026-08-17
KAKAOPAY,베이직,1,M,49,4527,1,DERIVED,13580,3,"ROUND(source_value / source_period_days, 0)",3일 직접 조회값을 1일 비교용 값으로 환산,insurer_premiums_2026-08.xlsx#카카오!D298:E298,2026-08-17
KAKAOPAY,베이직,1,M,50,4630,1,DERIVED,13890,3,"ROUND(source_value / source_period_days, 0)",3일 직접 조회값을 1일 비교용 값으로 환산,insurer_premiums_2026-08.xlsx#카카오!D304:E304,2026-08-17
KAKAOPAY,베이직,1,M,51,4717,1,DERIVED,14150,3,"ROUND(source_value / source_period_days, 0)",3일 직접 조회값을 1일 비교용 값으로 환산,insurer_premiums_2026-08.xlsx#카카오!D310:E310,2026-08-17
KAKAOPAY,베이직,1,M,52,4840,1,DERIVED,14520,3,"ROUND(source_value / source_period_days, 0)",3일 직접 조회값을 1일 비교용 값으로 환산,insurer_premiums_2026-08.xlsx#카카오!D316:E316,2026-08-17
KAKAOPAY,베이직,1,M,53,4960,1,DERIVED,14880,3,"ROUND(source_value / source_period_days, 0)",3일 직접 조회값을 1일 비교용 값으로 환산,insurer_premiums_2026-08.xlsx#카카오!D322:E322,2026-08-17
KAKAOPAY,베이직,1,M,54,5083,1,DERIVED,15250,3,"ROUND(source_value / source_period_days, 0)",3일 직접 조회값을 1일 비교용 값으로 환산,insurer_premiums_2026-08.xlsx#카카오!D328:E328,2026-08-17
KAKAOPAY,베이직,1,M,55,5220,1,DERIVED,15660,3,"ROUND(source_value / source_period_days, 0)",3일 직접 조회값을 1일 비교용 값으로 환산,insurer_premiums_2026-08.xlsx#카카오!D334:E334,2026-08-17
KAKAOPAY,베이직,1,M,56,5343,1,DERIVED,16030,3,"ROUND(source_value / source_period_days, 0)",3일 직접 조회값을 1일 비교용 값으로 환산,insurer_premiums_2026-08.xlsx#카카오!D340:E340,2026-08-17
KAKAOPAY,베이직,1,M,57,5497,1,DERIVED,16490,3,"ROUND(source_value / source_period_days, 0)",3일 직접 조회값을 1일 비교용 값으로 환산,insurer_premiums_2026-08.xlsx#카카오!D346:E346,2026-08-17
KAKAOPAY,베이직,1,M,58,5653,1,DERIVED,16960,3,"ROUND(source_value / source_period_days, 0)",3일 직접 조회값을 1일 비교용 값으로 환산,insurer_premiums_2026-08.xlsx#카카오!D352:E352,2026-08-17
KAKAOPAY,베이직,1,M,59,5827,1,DERIVED,17480,3,"ROUND(source_value / source_period_days, 0)",3일 직접 조회값을 1일 비교용 값으로 환산,insurer_premiums_2026-08.xlsx#카카오!D358:E358,2026-08-17
KAKAOPAY,베이직,1,M,60,5997,1,DERIVED,17990,3,"ROUND(source_value / source_period_days, 0)",3일 직접 조회값을 1일 비교용 값으로 환산,insurer_premiums_2026-08.xlsx#카카오!D364:E364,2026-08-17
KAKAOPAY,베이직,1,M,61,6170,1,DERIVED,18510,3,"ROUND(source_value / source_period_days, 0)",3일 직접 조회값을 1일 비교용 값으로 환산,insurer_premiums_2026-08.xlsx#카카오!D370:E370,2026-08-17
KAKAOPAY,베이직,1,M,62,6340,1,DERIVED,19020,3,"ROUND(source_value / source_period_days, 0)",3일 직접 조회값을 1일 비교용 값으로 환산,insurer_premiums_2026-08.xlsx#카카오!D376:E376,2026-08-17
KAKAOPAY,베이직,1,M,63,6547,1,DERIVED,19640,3,"ROUND(source_value / source_period_days, 0)",3일 직접 조회값을 1일 비교용 값으로 환산,insurer_premiums_2026-08.xlsx#카카오!D382:E382,2026-08-17
KAKAOPAY,베이직,1,M,64,6720,1,DERIVED,20160,3,"ROUND(source_value / source_period_days, 0)",3일 직접 조회값을 1일 비교용 값으로 환산,insurer_premiums_2026-08.xlsx#카카오!D388:E388,2026-08-17
KAKAOPAY,베이직,1,M,65,6913,1,DERIVED,20740,3,"ROUND(source_value / source_period_days, 0)",3일 직접 조회값을 1일 비교용 값으로 환산,insurer_premiums_2026-08.xlsx#카카오!D394:E394,2026-08-17
KAKAOPAY,베이직,1,M,66,7103,1,DERIVED,21310,3,"ROUND(source_value / source_period_days, 0)",3일 직접 조회값을 1일 비교용 값으로 환산,insurer_premiums_2026-08.xlsx#카카오!D400:E400,2026-08-17
KAKAOPAY,베이직,1,M,67,7330,1,DERIVED,21990,3,"ROUND(source_value / source_period_days, 0)",3일 직접 조회값을 1일 비교용 값으로 환산,insurer_premiums_2026-08.xlsx#카카오!D406:E406,2026-08-17
KAKAOPAY,베이직,1,M,68,7437,1,DERIVED,22310,3,"ROUND(source_value / source_period_days, 0)",3일 직접 조회값을 1일 비교용 값으로 환산,insurer_premiums_2026-08.xlsx#카카오!D412:E412,2026-08-17
KAKAOPAY,베이직,1,M,69,7610,1,DERIVED,22830,3,"ROUND(source_value / source_period_days, 0)",3일 직접 조회값을 1일 비교용 값으로 환산,insurer_premiums_2026-08.xlsx#카카오!D418:E418,2026-08-17
KAKAOPAY,베이직,1,M,70,7750,1,DERIVED,23250,3,"ROUND(source_value / source_period_days, 0)",3일 직접 조회값을 1일 비교용 값으로 환산,insurer_premiums_2026-08.xlsx#카카오!D424:E424,2026-08-17
KAKAOPAY,베이직,1,M,71,7923,1,DERIVED,23770,3,"ROUND(source_value / source_period_days, 0)",3일 직접 조회값을 1일 비교용 값으로 환산,insurer_premiums_2026-08.xlsx#카카오!D430:E430,2026-08-17
KAKAOPAY,베이직,1,M,72,8080,1,DERIVED,24240,3,"ROUND(source_value / source_period_days, 0)",3일 직접 조회값을 1일 비교용 값으로 환산,insurer_premiums_2026-08.xlsx#카카오!D436:E436,2026-08-17
KAKAOPAY,베이직,1,M,73,8217,1,DERIVED,24650,3,"ROUND(source_value / source_period_days, 0)",3일 직접 조회값을 1일 비교용 값으로 환산,insurer_premiums_2026-08.xlsx#카카오!D442:E442,2026-08-17
KAKAOPAY,베이직,1,M,74,8387,1,DERIVED,25160,3,"ROUND(source_value / source_period_days, 0)",3일 직접 조회값을 1일 비교용 값으로 환산,insurer_premiums_2026-08.xlsx#카카오!D448:E448,2026-08-17
KAKAOPAY,베이직,1,M,75,8507,1,DERIVED,25520,3,"ROUND(source_value / source_period_days, 0)",3일 직접 조회값을 1일 비교용 값으로 환산,insurer_premiums_2026-08.xlsx#카카오!D454:E454,2026-08-17
KAKAOPAY,베이직,1,M,76,8643,1,DERIVED,25930,3,"ROUND(source_value / source_period_days, 0)",3일 직접 조회값을 1일 비교용 값으로 환산,insurer_premiums_2026-08.xlsx#카카오!D460:E460,2026-08-17
KAKAOPAY,베이직,1,M,77,8800,1,DERIVED,26400,3,"ROUND(source_value / source_period_days, 0)",3일 직접 조회값을 1일 비교용 값으로 환산,insurer_premiums_2026-08.xlsx#카카오!D466:E466,2026-08-17
KAKAOPAY,베이직,1,M,78,8970,1,DERIVED,26910,3,"ROUND(source_value / source_period_days, 0)",3일 직접 조회값을 1일 비교용 값으로 환산,insurer_premiums_2026-08.xlsx#카카오!D472:E472,2026-08-17
KAKAOPAY,베이직,1,M,79,9107,1,DERIVED,27320,3,"ROUND(source_value / source_period_days, 0)",3일 직접 조회값을 1일 비교용 값으로 환산,insurer_premiums_2026-08.xlsx#카카오!D478:E478,2026-08-17
KAKAOPAY,베이직,1,M,80,9280,1,DERIVED,27840,3,"ROUND(source_value / source_period_days, 0)",3일 직접 조회값을 1일 비교용 값으로 환산,insurer_premiums_2026-08.xlsx#카카오!D484:E484,2026-08-17
KAKAOPAY,플러스,2,F,0,5913,1,DERIVED,17740,3,"ROUND(source_value / source_period_days, 0)",3일 직접 조회값을 1일 비교용 값으로 환산,insurer_premiums_2026-08.xlsx#카카오!D8:E8,2026-08-17
KAKAOPAY,플러스,2,F,1,4993,1,DERIVED,14980,3,"ROUND(source_value / source_period_days, 0)",3일 직접 조회값을 1일 비교용 값으로 환산,insurer_premiums_2026-08.xlsx#카카오!D14:E14,2026-08-17
KAKAOPAY,플러스,2,F,2,4003,1,DERIVED,12010,3,"ROUND(source_value / source_period_days, 0)",3일 직접 조회값을 1일 비교용 값으로 환산,insurer_premiums_2026-08.xlsx#카카오!D20:E20,2026-08-17
KAKAOPAY,플러스,2,F,3,3423,1,DERIVED,10270,3,"ROUND(source_value / source_period_days, 0)",3일 직접 조회값을 1일 비교용 값으로 환산,insurer_premiums_2026-08.xlsx#카카오!D26:E26,2026-08-17
KAKAOPAY,플러스,2,F,4,3353,1,DERIVED,10060,3,"ROUND(source_value / source_period_days, 0)",3일 직접 조회값을 1일 비교용 값으로 환산,insurer_premiums_2026-08.xlsx#카카오!D32:E32,2026-08-17
KAKAOPAY,플러스,2,F,5,3183,1,DERIVED,9550,3,"ROUND(source_value / source_period_days, 0)",3일 직접 조회값을 1일 비교용 값으로 환산,insurer_premiums_2026-08.xlsx#카카오!D38:E38,2026-08-17
KAKAOPAY,플러스,2,F,6,3387,1,DERIVED,10160,3,"ROUND(source_value / source_period_days, 0)",3일 직접 조회값을 1일 비교용 값으로 환산,insurer_premiums_2026-08.xlsx#카카오!D44:E44,2026-08-17
KAKAOPAY,플러스,2,F,7,3250,1,DERIVED,9750,3,"ROUND(source_value / source_period_days, 0)",3일 직접 조회값을 1일 비교용 값으로 환산,insurer_premiums_2026-08.xlsx#카카오!D50:E50,2026-08-17
KAKAOPAY,플러스,2,F,8,3187,1,DERIVED,9560,3,"ROUND(source_value / source_period_days, 0)",3일 직접 조회값을 1일 비교용 값으로 환산,insurer_premiums_2026-08.xlsx#카카오!D56:E56,2026-08-17
KAKAOPAY,플러스,2,F,9,3187,1,DERIVED,9560,3,"ROUND(source_value / source_period_days, 0)",3일 직접 조회값을 1일 비교용 값으로 환산,insurer_premiums_2026-08.xlsx#카카오!D62:E62,2026-08-17
KAKAOPAY,플러스,2,F,10,3187,1,DERIVED,9560,3,"ROUND(source_value / source_period_days, 0)",3일 직접 조회값을 1일 비교용 값으로 환산,insurer_premiums_2026-08.xlsx#카카오!D68:E68,2026-08-17
KAKAOPAY,플러스,2,F,11,3187,1,DERIVED,9560,3,"ROUND(source_value / source_period_days, 0)",3일 직접 조회값을 1일 비교용 값으로 환산,insurer_premiums_2026-08.xlsx#카카오!D74:E74,2026-08-17
KAKAOPAY,플러스,2,F,12,3187,1,DERIVED,9560,3,"ROUND(source_value / source_period_days, 0)",3일 직접 조회값을 1일 비교용 값으로 환산,insurer_premiums_2026-08.xlsx#카카오!D80:E80,2026-08-17
KAKAOPAY,플러스,2,F,13,3220,1,DERIVED,9660,3,"ROUND(source_value / source_period_days, 0)",3일 직접 조회값을 1일 비교용 값으로 환산,insurer_premiums_2026-08.xlsx#카카오!D86:E86,2026-08-17
KAKAOPAY,플러스,2,F,14,3253,1,DERIVED,9760,3,"ROUND(source_value / source_period_days, 0)",3일 직접 조회값을 1일 비교용 값으로 환산,insurer_premiums_2026-08.xlsx#카카오!D92:E92,2026-08-17
KAKAOPAY,플러스,2,F,15,4133,1,DERIVED,12400,3,"ROUND(source_value / source_period_days, 0)",3일 직접 조회값을 1일 비교용 값으로 환산,insurer_premiums_2026-08.xlsx#카카오!D98:E98,2026-08-17
KAKAOPAY,플러스,2,F,16,4133,1,DERIVED,12400,3,"ROUND(source_value / source_period_days, 0)",3일 직접 조회값을 1일 비교용 값으로 환산,insurer_premiums_2026-08.xlsx#카카오!D104:E104,2026-08-17
KAKAOPAY,플러스,2,F,17,4167,1,DERIVED,12500,3,"ROUND(source_value / source_period_days, 0)",3일 직접 조회값을 1일 비교용 값으로 환산,insurer_premiums_2026-08.xlsx#카카오!D110:E110,2026-08-17
KAKAOPAY,플러스,2,F,18,4273,1,DERIVED,12820,3,"ROUND(source_value / source_period_days, 0)",3일 직접 조회값을 1일 비교용 값으로 환산,insurer_premiums_2026-08.xlsx#카카오!D116:E116,2026-08-17
KAKAOPAY,플러스,2,F,19,4377,1,DERIVED,13130,3,"ROUND(source_value / source_period_days, 0)",3일 직접 조회값을 1일 비교용 값으로 환산,insurer_premiums_2026-08.xlsx#카카오!D122:E122,2026-08-17
KAKAOPAY,플러스,2,F,20,4447,1,DERIVED,13340,3,"ROUND(source_value / source_period_days, 0)",3일 직접 조회값을 1일 비교용 값으로 환산,insurer_premiums_2026-08.xlsx#카카오!D128:E128,2026-08-17
KAKAOPAY,플러스,2,F,21,4550,1,DERIVED,13650,3,"ROUND(source_value / source_period_days, 0)",3일 직접 조회값을 1일 비교용 값으로 환산,insurer_premiums_2026-08.xlsx#카카오!D134:E134,2026-08-17
KAKAOPAY,플러스,2,F,22,4550,1,DERIVED,13650,3,"ROUND(source_value / source_period_days, 0)",3일 직접 조회값을 1일 비교용 값으로 환산,insurer_premiums_2026-08.xlsx#카카오!D140:E140,2026-08-17
KAKAOPAY,플러스,2,F,23,4617,1,DERIVED,13850,3,"ROUND(source_value / source_period_days, 0)",3일 직접 조회값을 1일 비교용 값으로 환산,insurer_premiums_2026-08.xlsx#카카오!D146:E146,2026-08-17
KAKAOPAY,플러스,2,F,24,4653,1,DERIVED,13960,3,"ROUND(source_value / source_period_days, 0)",3일 직접 조회값을 1일 비교용 값으로 환산,insurer_premiums_2026-08.xlsx#카카오!D152:E152,2026-08-17
KAKAOPAY,플러스,2,F,25,4720,1,DERIVED,14160,3,"ROUND(source_value / source_period_days, 0)",3일 직접 조회값을 1일 비교용 값으로 환산,insurer_premiums_2026-08.xlsx#카카오!D158:E158,2026-08-17
KAKAOPAY,플러스,2,F,26,4757,1,DERIVED,14270,3,"ROUND(source_value / source_period_days, 0)",3일 직접 조회값을 1일 비교용 값으로 환산,insurer_premiums_2026-08.xlsx#카카오!D164:E164,2026-08-17
KAKAOPAY,플러스,2,F,27,4790,1,DERIVED,14370,3,"ROUND(source_value / source_period_days, 0)",3일 직접 조회값을 1일 비교용 값으로 환산,insurer_premiums_2026-08.xlsx#카카오!D170:E170,2026-08-17
KAKAOPAY,플러스,2,F,28,4757,1,DERIVED,14270,3,"ROUND(source_value / source_period_days, 0)",3일 직접 조회값을 1일 비교용 값으로 환산,insurer_premiums_2026-08.xlsx#카카오!D176:E176,2026-08-17
KAKAOPAY,플러스,2,F,29,4757,1,DERIVED,14270,3,"ROUND(source_value / source_period_days, 0)",3일 직접 조회값을 1일 비교용 값으로 환산,insurer_premiums_2026-08.xlsx#카카오!D182:E182,2026-08-17
KAKAOPAY,플러스,2,F,30,4757,1,DERIVED,14270,3,"ROUND(source_value / source_period_days, 0)",3일 직접 조회값을 1일 비교용 값으로 환산,insurer_premiums_2026-08.xlsx#카카오!D188:E188,2026-08-17
KAKAOPAY,플러스,2,F,31,4690,1,DERIVED,14070,3,"ROUND(source_value / source_period_days, 0)",3일 직접 조회값을 1일 비교용 값으로 환산,insurer_premiums_2026-08.xlsx#카카오!D194:E194,2026-08-17
KAKAOPAY,플러스,2,F,32,4690,1,DERIVED,14070,3,"ROUND(source_value / source_period_days, 0)",3일 직접 조회값을 1일 비교용 값으로 환산,insurer_premiums_2026-08.xlsx#카카오!D200:E200,2026-08-17
KAKAOPAY,플러스,2,F,33,4757,1,DERIVED,14270,3,"ROUND(source_value / source_period_days, 0)",3일 직접 조회값을 1일 비교용 값으로 환산,insurer_premiums_2026-08.xlsx#카카오!D206:E206,2026-08-17
KAKAOPAY,플러스,2,F,34,4827,1,DERIVED,14480,3,"ROUND(source_value / source_period_days, 0)",3일 직접 조회값을 1일 비교용 값으로 환산,insurer_premiums_2026-08.xlsx#카카오!D212:E212,2026-08-17
KAKAOPAY,플러스,2,F,35,4893,1,DERIVED,14680,3,"ROUND(source_value / source_period_days, 0)",3일 직접 조회값을 1일 비교용 값으로 환산,insurer_premiums_2026-08.xlsx#카카오!D218:E218,2026-08-17
KAKAOPAY,플러스,2,F,36,4963,1,DERIVED,14890,3,"ROUND(source_value / source_period_days, 0)",3일 직접 조회값을 1일 비교용 값으로 환산,insurer_premiums_2026-08.xlsx#카카오!D224:E224,2026-08-17
KAKAOPAY,플러스,2,F,37,5100,1,DERIVED,15300,3,"ROUND(source_value / source_period_days, 0)",3일 직접 조회값을 1일 비교용 값으로 환산,insurer_premiums_2026-08.xlsx#카카오!D230:E230,2026-08-17
KAKAOPAY,플러스,2,F,38,5273,1,DERIVED,15820,3,"ROUND(source_value / source_period_days, 0)",3일 직접 조회값을 1일 비교용 값으로 환산,insurer_premiums_2026-08.xlsx#카카오!D236:E236,2026-08-17
KAKAOPAY,플러스,2,F,39,5410,1,DERIVED,16230,3,"ROUND(source_value / source_period_days, 0)",3일 직접 조회값을 1일 비교용 값으로 환산,insurer_premiums_2026-08.xlsx#카카오!D242:E242,2026-08-17
KAKAOPAY,플러스,2,F,40,5580,1,DERIVED,16740,3,"ROUND(source_value / source_period_days, 0)",3일 직접 조회값을 1일 비교용 값으로 환산,insurer_premiums_2026-08.xlsx#카카오!D248:E248,2026-08-17
KAKAOPAY,플러스,2,F,41,5787,1,DERIVED,17360,3,"ROUND(source_value / source_period_days, 0)",3일 직접 조회값을 1일 비교용 값으로 환산,insurer_premiums_2026-08.xlsx#카카오!D254:E254,2026-08-17
KAKAOPAY,플러스,2,F,42,5993,1,DERIVED,17980,3,"ROUND(source_value / source_period_days, 0)",3일 직접 조회값을 1일 비교용 값으로 환산,insurer_premiums_2026-08.xlsx#카카오!D260:E260,2026-08-17
KAKAOPAY,플러스,2,F,43,6063,1,DERIVED,18190,3,"ROUND(source_value / source_period_days, 0)",3일 직접 조회값을 1일 비교용 값으로 환산,insurer_premiums_2026-08.xlsx#카카오!D266:E266,2026-08-17
KAKAOPAY,플러스,2,F,44,6237,1,DERIVED,18710,3,"ROUND(source_value / source_period_days, 0)",3일 직접 조회값을 1일 비교용 값으로 환산,insurer_premiums_2026-08.xlsx#카카오!D272:E272,2026-08-17
KAKAOPAY,플러스,2,F,45,6443,1,DERIVED,19330,3,"ROUND(source_value / source_period_days, 0)",3일 직접 조회값을 1일 비교용 값으로 환산,insurer_premiums_2026-08.xlsx#카카오!D278:E278,2026-08-17
KAKAOPAY,플러스,2,F,46,6580,1,DERIVED,19740,3,"ROUND(source_value / source_period_days, 0)",3일 직접 조회값을 1일 비교용 값으로 환산,insurer_premiums_2026-08.xlsx#카카오!D284:E284,2026-08-17
KAKAOPAY,플러스,2,F,47,6790,1,DERIVED,20370,3,"ROUND(source_value / source_period_days, 0)",3일 직접 조회값을 1일 비교용 값으로 환산,insurer_premiums_2026-08.xlsx#카카오!D290:E290,2026-08-17
KAKAOPAY,플러스,2,F,48,6930,1,DERIVED,20790,3,"ROUND(source_value / source_period_days, 0)",3일 직접 조회값을 1일 비교용 값으로 환산,insurer_premiums_2026-08.xlsx#카카오!D296:E296,2026-08-17
KAKAOPAY,플러스,2,F,49,7070,1,DERIVED,21210,3,"ROUND(source_value / source_period_days, 0)",3일 직접 조회값을 1일 비교용 값으로 환산,insurer_premiums_2026-08.xlsx#카카오!D302:E302,2026-08-17
KAKAOPAY,플러스,2,F,50,7243,1,DERIVED,21730,3,"ROUND(source_value / source_period_days, 0)",3일 직접 조회값을 1일 비교용 값으로 환산,insurer_premiums_2026-08.xlsx#카카오!D308:E308,2026-08-17
KAKAOPAY,플러스,2,F,51,7450,1,DERIVED,22350,3,"ROUND(source_value / source_period_days, 0)",3일 직접 조회값을 1일 비교용 값으로 환산,insurer_premiums_2026-08.xlsx#카카오!D314:E314,2026-08-17
KAKAOPAY,플러스,2,F,52,7523,1,DERIVED,22570,3,"ROUND(source_value / source_period_days, 0)",3일 직접 조회값을 1일 비교용 값으로 환산,insurer_premiums_2026-08.xlsx#카카오!D320:E320,2026-08-17
KAKAOPAY,플러스,2,F,53,7593,1,DERIVED,22780,3,"ROUND(source_value / source_period_days, 0)",3일 직접 조회값을 1일 비교용 값으로 환산,insurer_premiums_2026-08.xlsx#카카오!D326:E326,2026-08-17
KAKAOPAY,플러스,2,F,54,7700,1,DERIVED,23100,3,"ROUND(source_value / source_period_days, 0)",3일 직접 조회값을 1일 비교용 값으로 환산,insurer_premiums_2026-08.xlsx#카카오!D332:E332,2026-08-17
KAKAOPAY,플러스,2,F,55,7703,1,DERIVED,23110,3,"ROUND(source_value / source_period_days, 0)",3일 직접 조회값을 1일 비교용 값으로 환산,insurer_premiums_2026-08.xlsx#카카오!D338:E338,2026-08-17
KAKAOPAY,플러스,2,F,56,7943,1,DERIVED,23830,3,"ROUND(source_value / source_period_days, 0)",3일 직접 조회값을 1일 비교용 값으로 환산,insurer_premiums_2026-08.xlsx#카카오!D344:E344,2026-08-17
KAKAOPAY,플러스,2,F,57,8217,1,DERIVED,24650,3,"ROUND(source_value / source_period_days, 0)",3일 직접 조회값을 1일 비교용 값으로 환산,insurer_premiums_2026-08.xlsx#카카오!D350:E350,2026-08-17
KAKAOPAY,플러스,2,F,58,8663,1,DERIVED,25990,3,"ROUND(source_value / source_period_days, 0)",3일 직접 조회값을 1일 비교용 값으로 환산,insurer_premiums_2026-08.xlsx#카카오!D356:E356,2026-08-17
KAKAOPAY,플러스,2,F,59,9007,1,DERIVED,27020,3,"ROUND(source_value / source_period_days, 0)",3일 직접 조회값을 1일 비교용 값으로 환산,insurer_premiums_2026-08.xlsx#카카오!D362:E362,2026-08-17
KAKAOPAY,플러스,2,F,60,9417,1,DERIVED,28250,3,"ROUND(source_value / source_period_days, 0)",3일 직접 조회값을 1일 비교용 값으로 환산,insurer_premiums_2026-08.xlsx#카카오!D368:E368,2026-08-17
KAKAOPAY,플러스,2,F,61,9827,1,DERIVED,29480,3,"ROUND(source_value / source_period_days, 0)",3일 직접 조회값을 1일 비교용 값으로 환산,insurer_premiums_2026-08.xlsx#카카오!D374:E374,2026-08-17
KAKAOPAY,플러스,2,F,62,10203,1,DERIVED,30610,3,"ROUND(source_value / source_period_days, 0)",3일 직접 조회값을 1일 비교용 값으로 환산,insurer_premiums_2026-08.xlsx#카카오!D380:E380,2026-08-17
KAKAOPAY,플러스,2,F,63,10783,1,DERIVED,32350,3,"ROUND(source_value / source_period_days, 0)",3일 직접 조회값을 1일 비교용 값으로 환산,insurer_premiums_2026-08.xlsx#카카오!D386:E386,2026-08-17
KAKAOPAY,플러스,2,F,64,11230,1,DERIVED,33690,3,"ROUND(source_value / source_period_days, 0)",3일 직접 조회값을 1일 비교용 값으로 환산,insurer_premiums_2026-08.xlsx#카카오!D392:E392,2026-08-17
KAKAOPAY,플러스,2,F,65,11847,1,DERIVED,35540,3,"ROUND(source_value / source_period_days, 0)",3일 직접 조회값을 1일 비교용 값으로 환산,insurer_premiums_2026-08.xlsx#카카오!D398:E398,2026-08-17
KAKAOPAY,플러스,2,F,66,12327,1,DERIVED,36980,3,"ROUND(source_value / source_period_days, 0)",3일 직접 조회값을 1일 비교용 값으로 환산,insurer_premiums_2026-08.xlsx#카카오!D404:E404,2026-08-17
KAKAOPAY,플러스,2,F,67,12910,1,DERIVED,38730,3,"ROUND(source_value / source_period_days, 0)",3일 직접 조회값을 1일 비교용 값으로 환산,insurer_premiums_2026-08.xlsx#카카오!D410:E410,2026-08-17
KAKAOPAY,플러스,2,F,68,13253,1,DERIVED,39760,3,"ROUND(source_value / source_period_days, 0)",3일 직접 조회값을 1일 비교용 값으로 환산,insurer_premiums_2026-08.xlsx#카카오!D416:E416,2026-08-17
KAKAOPAY,플러스,2,F,69,13600,1,DERIVED,40800,3,"ROUND(source_value / source_period_days, 0)",3일 직접 조회값을 1일 비교용 값으로 환산,insurer_premiums_2026-08.xlsx#카카오!D422:E422,2026-08-17
KAKAOPAY,플러스,2,F,70,14080,1,DERIVED,42240,3,"ROUND(source_value / source_period_days, 0)",3일 직접 조회값을 1일 비교용 값으로 환산,insurer_premiums_2026-08.xlsx#카카오!D428:E428,2026-08-17
KAKAOPAY,플러스,2,F,71,14423,1,DERIVED,43270,3,"ROUND(source_value / source_period_days, 0)",3일 직접 조회값을 1일 비교용 값으로 환산,insurer_premiums_2026-08.xlsx#카카오!D434:E434,2026-08-17
KAKAOPAY,플러스,2,F,72,14867,1,DERIVED,44600,3,"ROUND(source_value / source_period_days, 0)",3일 직접 조회값을 1일 비교용 값으로 환산,insurer_premiums_2026-08.xlsx#카카오!D440:E440,2026-08-17
KAKAOPAY,플러스,2,F,73,15513,1,DERIVED,46540,3,"ROUND(source_value / source_period_days, 0)",3일 직접 조회값을 1일 비교용 값으로 환산,insurer_premiums_2026-08.xlsx#카카오!D446:E446,2026-08-17
KAKAOPAY,플러스,2,F,74,16163,1,DERIVED,48490,3,"ROUND(source_value / source_period_days, 0)",3일 직접 조회값을 1일 비교용 값으로 환산,insurer_premiums_2026-08.xlsx#카카오!D452:E452,2026-08-17
KAKAOPAY,플러스,2,F,75,16877,1,DERIVED,50630,3,"ROUND(source_value / source_period_days, 0)",3일 직접 조회값을 1일 비교용 값으로 환산,insurer_premiums_2026-08.xlsx#카카오!D458:E458,2026-08-17
KAKAOPAY,플러스,2,F,76,17490,1,DERIVED,52470,3,"ROUND(source_value / source_period_days, 0)",3일 직접 조회값을 1일 비교용 값으로 환산,insurer_premiums_2026-08.xlsx#카카오!D464:E464,2026-08-17
KAKAOPAY,플러스,2,F,77,18240,1,DERIVED,54720,3,"ROUND(source_value / source_period_days, 0)",3일 직접 조회값을 1일 비교용 값으로 환산,insurer_premiums_2026-08.xlsx#카카오!D470:E470,2026-08-17
KAKAOPAY,플러스,2,F,78,18547,1,DERIVED,55640,3,"ROUND(source_value / source_period_days, 0)",3일 직접 조회값을 1일 비교용 값으로 환산,insurer_premiums_2026-08.xlsx#카카오!D476:E476,2026-08-17
KAKAOPAY,플러스,2,F,79,18887,1,DERIVED,56660,3,"ROUND(source_value / source_period_days, 0)",3일 직접 조회값을 1일 비교용 값으로 환산,insurer_premiums_2026-08.xlsx#카카오!D482:E482,2026-08-17
KAKAOPAY,플러스,2,F,80,19160,1,DERIVED,57480,3,"ROUND(source_value / source_period_days, 0)",3일 직접 조회값을 1일 비교용 값으로 환산,insurer_premiums_2026-08.xlsx#카카오!D488:E488,2026-08-17
KAKAOPAY,플러스,2,M,0,6260,1,DERIVED,18780,3,"ROUND(source_value / source_period_days, 0)",3일 직접 조회값을 1일 비교용 값으로 환산,insurer_premiums_2026-08.xlsx#카카오!D5:E5,2026-08-17
KAKAOPAY,플러스,2,M,1,5137,1,DERIVED,15410,3,"ROUND(source_value / source_period_days, 0)",3일 직접 조회값을 1일 비교용 값으로 환산,insurer_premiums_2026-08.xlsx#카카오!D11:E11,2026-08-17
KAKAOPAY,플러스,2,M,2,4250,1,DERIVED,12750,3,"ROUND(source_value / source_period_days, 0)",3일 직접 조회값을 1일 비교용 값으로 환산,insurer_premiums_2026-08.xlsx#카카오!D17:E17,2026-08-17
KAKAOPAY,플러스,2,M,3,3600,1,DERIVED,10800,3,"ROUND(source_value / source_period_days, 0)",3일 직접 조회값을 1일 비교용 값으로 환산,insurer_premiums_2026-08.xlsx#카카오!D23:E23,2026-08-17
KAKAOPAY,플러스,2,M,4,3463,1,DERIVED,10390,3,"ROUND(source_value / source_period_days, 0)",3일 직접 조회값을 1일 비교용 값으로 환산,insurer_premiums_2026-08.xlsx#카카오!D29:E29,2026-08-17
KAKAOPAY,플러스,2,M,5,3393,1,DERIVED,10180,3,"ROUND(source_value / source_period_days, 0)",3일 직접 조회값을 1일 비교용 값으로 환산,insurer_premiums_2026-08.xlsx#카카오!D35:E35,2026-08-17
KAKAOPAY,플러스,2,M,6,3430,1,DERIVED,10290,3,"ROUND(source_value / source_period_days, 0)",3일 직접 조회값을 1일 비교용 값으로 환산,insurer_premiums_2026-08.xlsx#카카오!D41:E41,2026-08-17
KAKAOPAY,플러스,2,M,7,3260,1,DERIVED,9780,3,"ROUND(source_value / source_period_days, 0)",3일 직접 조회값을 1일 비교용 값으로 환산,insurer_premiums_2026-08.xlsx#카카오!D47:E47,2026-08-17
KAKAOPAY,플러스,2,M,8,3197,1,DERIVED,9590,3,"ROUND(source_value / source_period_days, 0)",3일 직접 조회값을 1일 비교용 값으로 환산,insurer_premiums_2026-08.xlsx#카카오!D53:E53,2026-08-17
KAKAOPAY,플러스,2,M,9,3267,1,DERIVED,9800,3,"ROUND(source_value / source_period_days, 0)",3일 직접 조회값을 1일 비교용 값으로 환산,insurer_premiums_2026-08.xlsx#카카오!D59:E59,2026-08-17
KAKAOPAY,플러스,2,M,10,3333,1,DERIVED,10000,3,"ROUND(source_value / source_period_days, 0)",3일 직접 조회값을 1일 비교용 값으로 환산,insurer_premiums_2026-08.xlsx#카카오!D65:E65,2026-08-17
KAKAOPAY,플러스,2,M,11,3403,1,DERIVED,10210,3,"ROUND(source_value / source_period_days, 0)",3일 직접 조회값을 1일 비교용 값으로 환산,insurer_premiums_2026-08.xlsx#카카오!D71:E71,2026-08-17
KAKAOPAY,플러스,2,M,12,3440,1,DERIVED,10320,3,"ROUND(source_value / source_period_days, 0)",3일 직접 조회값을 1일 비교용 값으로 환산,insurer_premiums_2026-08.xlsx#카카오!D77:E77,2026-08-17
KAKAOPAY,플러스,2,M,13,3510,1,DERIVED,10530,3,"ROUND(source_value / source_period_days, 0)",3일 직접 조회값을 1일 비교용 값으로 환산,insurer_premiums_2026-08.xlsx#카카오!D83:E83,2026-08-17
KAKAOPAY,플러스,2,M,14,3547,1,DERIVED,10640,3,"ROUND(source_value / source_period_days, 0)",3일 직접 조회값을 1일 비교용 값으로 환산,insurer_premiums_2026-08.xlsx#카카오!D89:E89,2026-08-17
KAKAOPAY,플러스,2,M,15,4563,1,DERIVED,13690,3,"ROUND(source_value / source_period_days, 0)",3일 직접 조회값을 1일 비교용 값으로 환산,insurer_premiums_2026-08.xlsx#카카오!D95:E95,2026-08-17
KAKAOPAY,플러스,2,M,16,4700,1,DERIVED,14100,3,"ROUND(source_value / source_period_days, 0)",3일 직접 조회값을 1일 비교용 값으로 환산,insurer_premiums_2026-08.xlsx#카카오!D101:E101,2026-08-17
KAKAOPAY,플러스,2,M,17,4873,1,DERIVED,14620,3,"ROUND(source_value / source_period_days, 0)",3일 직접 조회값을 1일 비교용 값으로 환산,insurer_premiums_2026-08.xlsx#카카오!D107:E107,2026-08-17
KAKAOPAY,플러스,2,M,18,4880,1,DERIVED,14640,3,"ROUND(source_value / source_period_days, 0)",3일 직접 조회값을 1일 비교용 값으로 환산,insurer_premiums_2026-08.xlsx#카카오!D113:E113,2026-08-17
KAKAOPAY,플러스,2,M,19,4880,1,DERIVED,14640,3,"ROUND(source_value / source_period_days, 0)",3일 직접 조회값을 1일 비교용 값으로 환산,insurer_premiums_2026-08.xlsx#카카오!D119:E119,2026-08-17
KAKAOPAY,플러스,2,M,20,4847,1,DERIVED,14540,3,"ROUND(source_value / source_period_days, 0)",3일 직접 조회값을 1일 비교용 값으로 환산,insurer_premiums_2026-08.xlsx#카카오!D125:E125,2026-08-17
KAKAOPAY,플러스,2,M,21,4813,1,DERIVED,14440,3,"ROUND(source_value / source_period_days, 0)",3일 직접 조회값을 1일 비교용 값으로 환산,insurer_premiums_2026-08.xlsx#카카오!D131:E131,2026-08-17
KAKAOPAY,플러스,2,M,22,4780,1,DERIVED,14340,3,"ROUND(source_value / source_period_days, 0)",3일 직접 조회값을 1일 비교용 값으로 환산,insurer_premiums_2026-08.xlsx#카카오!D137:E137,2026-08-17
KAKAOPAY,플러스,2,M,23,4780,1,DERIVED,14340,3,"ROUND(source_value / source_period_days, 0)",3일 직접 조회값을 1일 비교용 값으로 환산,insurer_premiums_2026-08.xlsx#카카오!D143:E143,2026-08-17
KAKAOPAY,플러스,2,M,24,4850,1,DERIVED,14550,3,"ROUND(source_value / source_period_days, 0)",3일 직접 조회값을 1일 비교용 값으로 환산,insurer_premiums_2026-08.xlsx#카카오!D149:E149,2026-08-17
KAKAOPAY,플러스,2,M,25,4883,1,DERIVED,14650,3,"ROUND(source_value / source_period_days, 0)",3일 직접 조회값을 1일 비교용 값으로 환산,insurer_premiums_2026-08.xlsx#카카오!D155:E155,2026-08-17
KAKAOPAY,플러스,2,M,26,4950,1,DERIVED,14850,3,"ROUND(source_value / source_period_days, 0)",3일 직접 조회값을 1일 비교용 값으로 환산,insurer_premiums_2026-08.xlsx#카카오!D161:E161,2026-08-17
KAKAOPAY,플러스,2,M,27,4983,1,DERIVED,14950,3,"ROUND(source_value / source_period_days, 0)",3일 직접 조회값을 1일 비교용 값으로 환산,insurer_premiums_2026-08.xlsx#카카오!D167:E167,2026-08-17
KAKAOPAY,플러스,2,M,28,5017,1,DERIVED,15050,3,"ROUND(source_value / source_period_days, 0)",3일 직접 조회값을 1일 비교용 값으로 환산,insurer_premiums_2026-08.xlsx#카카오!D173:E173,2026-08-17
KAKAOPAY,플러스,2,M,29,5050,1,DERIVED,15150,3,"ROUND(source_value / source_period_days, 0)",3일 직접 조회값을 1일 비교용 값으로 환산,insurer_premiums_2026-08.xlsx#카카오!D179:E179,2026-08-17
KAKAOPAY,플러스,2,M,30,5083,1,DERIVED,15250,3,"ROUND(source_value / source_period_days, 0)",3일 직접 조회값을 1일 비교용 값으로 환산,insurer_premiums_2026-08.xlsx#카카오!D185:E185,2026-08-17
KAKAOPAY,플러스,2,M,31,5083,1,DERIVED,15250,3,"ROUND(source_value / source_period_days, 0)",3일 직접 조회값을 1일 비교용 값으로 환산,insurer_premiums_2026-08.xlsx#카카오!D191:E191,2026-08-17
KAKAOPAY,플러스,2,M,32,5117,1,DERIVED,15350,3,"ROUND(source_value / source_period_days, 0)",3일 직접 조회값을 1일 비교용 값으로 환산,insurer_premiums_2026-08.xlsx#카카오!D197:E197,2026-08-17
KAKAOPAY,플러스,2,M,33,5183,1,DERIVED,15550,3,"ROUND(source_value / source_period_days, 0)",3일 직접 조회값을 1일 비교용 값으로 환산,insurer_premiums_2026-08.xlsx#카카오!D203:E203,2026-08-17
KAKAOPAY,플러스,2,M,34,5187,1,DERIVED,15560,3,"ROUND(source_value / source_period_days, 0)",3일 직접 조회값을 1일 비교용 값으로 환산,insurer_premiums_2026-08.xlsx#카카오!D209:E209,2026-08-17
KAKAOPAY,플러스,2,M,35,5220,1,DERIVED,15660,3,"ROUND(source_value / source_period_days, 0)",3일 직접 조회값을 1일 비교용 값으로 환산,insurer_premiums_2026-08.xlsx#카카오!D215:E215,2026-08-17
KAKAOPAY,플러스,2,M,36,5253,1,DERIVED,15760,3,"ROUND(source_value / source_period_days, 0)",3일 직접 조회값을 1일 비교용 값으로 환산,insurer_premiums_2026-08.xlsx#카카오!D221:E221,2026-08-17
KAKAOPAY,플러스,2,M,37,5323,1,DERIVED,15970,3,"ROUND(source_value / source_period_days, 0)",3일 직접 조회값을 1일 비교용 값으로 환산,insurer_premiums_2026-08.xlsx#카카오!D227:E227,2026-08-17
KAKAOPAY,플러스,2,M,38,5323,1,DERIVED,15970,3,"ROUND(source_value / source_period_days, 0)",3일 직접 조회값을 1일 비교용 값으로 환산,insurer_premiums_2026-08.xlsx#카카오!D233:E233,2026-08-17
KAKAOPAY,플러스,2,M,39,5360,1,DERIVED,16080,3,"ROUND(source_value / source_period_days, 0)",3일 직접 조회값을 1일 비교용 값으로 환산,insurer_premiums_2026-08.xlsx#카카오!D239:E239,2026-08-17
KAKAOPAY,플러스,2,M,40,5360,1,DERIVED,16080,3,"ROUND(source_value / source_period_days, 0)",3일 직접 조회값을 1일 비교용 값으로 환산,insurer_premiums_2026-08.xlsx#카카오!D245:E245,2026-08-17
KAKAOPAY,플러스,2,M,41,5427,1,DERIVED,16280,3,"ROUND(source_value / source_period_days, 0)",3일 직접 조회값을 1일 비교용 값으로 환산,insurer_premiums_2026-08.xlsx#카카오!D251:E251,2026-08-17
KAKAOPAY,플러스,2,M,42,5430,1,DERIVED,16290,3,"ROUND(source_value / source_period_days, 0)",3일 직접 조회값을 1일 비교용 값으로 환산,insurer_premiums_2026-08.xlsx#카카오!D257:E257,2026-08-17
KAKAOPAY,플러스,2,M,43,5497,1,DERIVED,16490,3,"ROUND(source_value / source_period_days, 0)",3일 직접 조회값을 1일 비교용 값으로 환산,insurer_premiums_2026-08.xlsx#카카오!D263:E263,2026-08-17
KAKAOPAY,플러스,2,M,44,5567,1,DERIVED,16700,3,"ROUND(source_value / source_period_days, 0)",3일 직접 조회값을 1일 비교용 값으로 환산,insurer_premiums_2026-08.xlsx#카카오!D269:E269,2026-08-17
KAKAOPAY,플러스,2,M,45,5703,1,DERIVED,17110,3,"ROUND(source_value / source_period_days, 0)",3일 직접 조회값을 1일 비교용 값으로 환산,insurer_premiums_2026-08.xlsx#카카오!D275:E275,2026-08-17
KAKAOPAY,플러스,2,M,46,5877,1,DERIVED,17630,3,"ROUND(source_value / source_period_days, 0)",3일 직접 조회값을 1일 비교용 값으로 환산,insurer_premiums_2026-08.xlsx#카카오!D281:E281,2026-08-17
KAKAOPAY,플러스,2,M,47,5980,1,DERIVED,17940,3,"ROUND(source_value / source_period_days, 0)",3일 직접 조회값을 1일 비교용 값으로 환산,insurer_premiums_2026-08.xlsx#카카오!D287:E287,2026-08-17
KAKAOPAY,플러스,2,M,48,6220,1,DERIVED,18660,3,"ROUND(source_value / source_period_days, 0)",3일 직접 조회값을 1일 비교용 값으로 환산,insurer_premiums_2026-08.xlsx#카카오!D293:E293,2026-08-17
KAKAOPAY,플러스,2,M,49,6390,1,DERIVED,19170,3,"ROUND(source_value / source_period_days, 0)",3일 직접 조회값을 1일 비교용 값으로 환산,insurer_premiums_2026-08.xlsx#카카오!D299:E299,2026-08-17
KAKAOPAY,플러스,2,M,50,6597,1,DERIVED,19790,3,"ROUND(source_value / source_period_days, 0)",3일 직접 조회값을 1일 비교용 값으로 환산,insurer_premiums_2026-08.xlsx#카카오!D305:E305,2026-08-17
KAKAOPAY,플러스,2,M,51,6770,1,DERIVED,20310,3,"ROUND(source_value / source_period_days, 0)",3일 직접 조회값을 1일 비교용 값으로 환산,insurer_premiums_2026-08.xlsx#카카오!D311:E311,2026-08-17
KAKAOPAY,플러스,2,M,52,7010,1,DERIVED,21030,3,"ROUND(source_value / source_period_days, 0)",3일 직접 조회값을 1일 비교용 값으로 환산,insurer_premiums_2026-08.xlsx#카카오!D317:E317,2026-08-17
KAKAOPAY,플러스,2,M,53,7250,1,DERIVED,21750,3,"ROUND(source_value / source_period_days, 0)",3일 직접 조회값을 1일 비교용 값으로 환산,insurer_premiums_2026-08.xlsx#카카오!D323:E323,2026-08-17
KAKAOPAY,플러스,2,M,54,7490,1,DERIVED,22470,3,"ROUND(source_value / source_period_days, 0)",3일 직접 조회값을 1일 비교용 값으로 환산,insurer_premiums_2026-08.xlsx#카카오!D329:E329,2026-08-17
KAKAOPAY,플러스,2,M,55,7767,1,DERIVED,23300,3,"ROUND(source_value / source_period_days, 0)",3일 직접 조회값을 1일 비교용 값으로 환산,insurer_premiums_2026-08.xlsx#카카오!D335:E335,2026-08-17
KAKAOPAY,플러스,2,M,56,8007,1,DERIVED,24020,3,"ROUND(source_value / source_period_days, 0)",3일 직접 조회값을 1일 비교용 값으로 환산,insurer_premiums_2026-08.xlsx#카카오!D341:E341,2026-08-17
KAKAOPAY,플러스,2,M,57,8313,1,DERIVED,24940,3,"ROUND(source_value / source_period_days, 0)",3일 직접 조회값을 1일 비교용 값으로 환산,insurer_premiums_2026-08.xlsx#카카오!D347:E347,2026-08-17
KAKAOPAY,플러스,2,M,58,8623,1,DERIVED,25870,3,"ROUND(source_value / source_period_days, 0)",3일 직접 조회값을 1일 비교용 값으로 환산,insurer_premiums_2026-08.xlsx#카카오!D353:E353,2026-08-17
KAKAOPAY,플러스,2,M,59,8967,1,DERIVED,26900,3,"ROUND(source_value / source_period_days, 0)",3일 직접 조회값을 1일 비교용 값으로 환산,insurer_premiums_2026-08.xlsx#카카오!D359:E359,2026-08-17
KAKAOPAY,플러스,2,M,60,9307,1,DERIVED,27920,3,"ROUND(source_value / source_period_days, 0)",3일 직접 조회값을 1일 비교용 값으로 환산,insurer_premiums_2026-08.xlsx#카카오!D365:E365,2026-08-17
KAKAOPAY,플러스,2,M,61,9650,1,DERIVED,28950,3,"ROUND(source_value / source_period_days, 0)",3일 직접 조회값을 1일 비교용 값으로 환산,insurer_premiums_2026-08.xlsx#카카오!D371:E371,2026-08-17
KAKAOPAY,플러스,2,M,62,9990,1,DERIVED,29970,3,"ROUND(source_value / source_period_days, 0)",3일 직접 조회값을 1일 비교용 값으로 환산,insurer_premiums_2026-08.xlsx#카카오!D377:E377,2026-08-17
KAKAOPAY,플러스,2,M,63,10400,1,DERIVED,31200,3,"ROUND(source_value / source_period_days, 0)",3일 직접 조회값을 1일 비교용 값으로 환산,insurer_premiums_2026-08.xlsx#카카오!D383:E383,2026-08-17
KAKAOPAY,플러스,2,M,64,10747,1,DERIVED,32240,3,"ROUND(source_value / source_period_days, 0)",3일 직접 조회값을 1일 비교용 값으로 환산,insurer_premiums_2026-08.xlsx#카카오!D389:E389,2026-08-17
KAKAOPAY,플러스,2,M,65,11123,1,DERIVED,33370,3,"ROUND(source_value / source_period_days, 0)",3일 직접 조회값을 1일 비교용 값으로 환산,insurer_premiums_2026-08.xlsx#카카오!D395:E395,2026-08-17
KAKAOPAY,플러스,2,M,66,11503,1,DERIVED,34510,3,"ROUND(source_value / source_period_days, 0)",3일 직접 조회값을 1일 비교용 값으로 환산,insurer_premiums_2026-08.xlsx#카카오!D401:E401,2026-08-17
KAKAOPAY,플러스,2,M,67,11950,1,DERIVED,35850,3,"ROUND(source_value / source_period_days, 0)",3일 직접 조회값을 1일 비교용 값으로 환산,insurer_premiums_2026-08.xlsx#카카오!D407:E407,2026-08-17
KAKAOPAY,플러스,2,M,68,12157,1,DERIVED,36470,3,"ROUND(source_value / source_period_days, 0)",3일 직접 조회값을 1일 비교용 값으로 환산,insurer_premiums_2026-08.xlsx#카카오!D413:E413,2026-08-17
KAKAOPAY,플러스,2,M,69,12503,1,DERIVED,37510,3,"ROUND(source_value / source_period_days, 0)",3일 직접 조회값을 1일 비교용 값으로 환산,insurer_premiums_2026-08.xlsx#카카오!D419:E419,2026-08-17
KAKAOPAY,플러스,2,M,70,12777,1,DERIVED,38330,3,"ROUND(source_value / source_period_days, 0)",3일 직접 조회값을 1일 비교용 값으로 환산,insurer_premiums_2026-08.xlsx#카카오!D425:E425,2026-08-17
KAKAOPAY,플러스,2,M,71,13120,1,DERIVED,39360,3,"ROUND(source_value / source_period_days, 0)",3일 직접 조회값을 1일 비교용 값으로 환산,insurer_premiums_2026-08.xlsx#카카오!D431:E431,2026-08-17
KAKAOPAY,플러스,2,M,72,13430,1,DERIVED,40290,3,"ROUND(source_value / source_period_days, 0)",3일 직접 조회값을 1일 비교용 값으로 환산,insurer_premiums_2026-08.xlsx#카카오!D437:E437,2026-08-17
KAKAOPAY,플러스,2,M,73,13703,1,DERIVED,41110,3,"ROUND(source_value / source_period_days, 0)",3일 직접 조회값을 1일 비교용 값으로 환산,insurer_premiums_2026-08.xlsx#카카오!D443:E443,2026-08-17
KAKAOPAY,플러스,2,M,74,14043,1,DERIVED,42130,3,"ROUND(source_value / source_period_days, 0)",3일 직접 조회값을 1일 비교용 값으로 환산,insurer_premiums_2026-08.xlsx#카카오!D449:E449,2026-08-17
KAKAOPAY,플러스,2,M,75,14283,1,DERIVED,42850,3,"ROUND(source_value / source_period_days, 0)",3일 직접 조회값을 1일 비교용 값으로 환산,insurer_premiums_2026-08.xlsx#카카오!D455:E455,2026-08-17
KAKAOPAY,플러스,2,M,76,14557,1,DERIVED,43670,3,"ROUND(source_value / source_period_days, 0)",3일 직접 조회값을 1일 비교용 값으로 환산,insurer_premiums_2026-08.xlsx#카카오!D461:E461,2026-08-17
KAKAOPAY,플러스,2,M,77,14863,1,DERIVED,44590,3,"ROUND(source_value / source_period_days, 0)",3일 직접 조회값을 1일 비교용 값으로 환산,insurer_premiums_2026-08.xlsx#카카오!D467:E467,2026-08-17
KAKAOPAY,플러스,2,M,78,15203,1,DERIVED,45610,3,"ROUND(source_value / source_period_days, 0)",3일 직접 조회값을 1일 비교용 값으로 환산,insurer_premiums_2026-08.xlsx#카카오!D473:E473,2026-08-17
KAKAOPAY,플러스,2,M,79,15477,1,DERIVED,46430,3,"ROUND(source_value / source_period_days, 0)",3일 직접 조회값을 1일 비교용 값으로 환산,insurer_premiums_2026-08.xlsx#카카오!D479:E479,2026-08-17
KAKAOPAY,플러스,2,M,80,15820,1,DERIVED,47460,3,"ROUND(source_value / source_period_days, 0)",3일 직접 조회값을 1일 비교용 값으로 환산,insurer_premiums_2026-08.xlsx#카카오!D485:E485,2026-08-17
KB,고급형,2,F,19,8064,1,DIRECT_QUOTE,8064,1,,,insurer_premiums_2026-08.xlsx#kb!E41,2026-08-17
KB,고급형,2,F,20,8199,1,DIRECT_QUOTE,8199,1,,,insurer_premiums_2026-08.xlsx#kb!E43,2026-08-17
KB,고급형,2,F,21,8344,1,DIRECT_QUOTE,8344,1,,,insurer_premiums_2026-08.xlsx#kb!E45,2026-08-17
KB,고급형,2,F,22,8488,1,DIRECT_QUOTE,8488,1,,,insurer_premiums_2026-08.xlsx#kb!E47,2026-08-17
KB,고급형,2,F,23,8566,1,DIRECT_QUOTE,8566,1,,,insurer_premiums_2026-08.xlsx#kb!E49,2026-08-17
KB,고급형,2,F,24,8682,1,DIRECT_QUOTE,8682,1,,,insurer_premiums_2026-08.xlsx#kb!E51,2026-08-17
KB,고급형,2,F,25,8740,1,DIRECT_QUOTE,8740,1,,,insurer_premiums_2026-08.xlsx#kb!E53,2026-08-17
KB,고급형,2,F,26,8874,1,DIRECT_QUOTE,8874,1,,,insurer_premiums_2026-08.xlsx#kb!E55,2026-08-17
KB,고급형,2,F,27,8875,1,DIRECT_QUOTE,8875,1,,,insurer_premiums_2026-08.xlsx#kb!E57,2026-08-17
KB,고급형,2,F,28,8761,1,DIRECT_QUOTE,8761,1,,,insurer_premiums_2026-08.xlsx#kb!E59,2026-08-17
KB,고급형,2,F,29,8733,1,DIRECT_QUOTE,8733,1,,,insurer_premiums_2026-08.xlsx#kb!E61,2026-08-17
KB,고급형,2,F,30,8657,1,DIRECT_QUOTE,8657,1,,,insurer_premiums_2026-08.xlsx#kb!E63,2026-08-17
KB,고급형,2,F,31,8630,1,DIRECT_QUOTE,8630,1,,,insurer_premiums_2026-08.xlsx#kb!E65,2026-08-17
KB,고급형,2,F,32,8794,1,DIRECT_QUOTE,8794,1,,,insurer_premiums_2026-08.xlsx#kb!E67,2026-08-17
KB,고급형,2,F,33,9025,1,DIRECT_QUOTE,9025,1,,,insurer_premiums_2026-08.xlsx#kb!E69,2026-08-17
KB,고급형,2,F,34,9219,1,DIRECT_QUOTE,9219,1,,,insurer_premiums_2026-08.xlsx#kb!E71,2026-08-17
KB,고급형,2,F,35,9442,1,DIRECT_QUOTE,9442,1,,,insurer_premiums_2026-08.xlsx#kb!E73,2026-08-17
KB,고급형,2,F,36,9703,1,DIRECT_QUOTE,9703,1,,,insurer_premiums_2026-08.xlsx#kb!E75,2026-08-17
KB,고급형,2,F,37,10032,1,DIRECT_QUOTE,10032,1,,,insurer_premiums_2026-08.xlsx#kb!E77,2026-08-17
KB,고급형,2,F,38,10514,1,DIRECT_QUOTE,10514,1,,,insurer_premiums_2026-08.xlsx#kb!E79,2026-08-17
KB,고급형,2,F,39,10843,1,DIRECT_QUOTE,10843,1,,,insurer_premiums_2026-08.xlsx#kb!E81,2026-08-17
KB,고급형,2,F,40,11296,1,DIRECT_QUOTE,11296,1,,,insurer_premiums_2026-08.xlsx#kb!E83,2026-08-17
KB,고급형,2,F,41,11702,1,DIRECT_QUOTE,11702,1,,,insurer_premiums_2026-08.xlsx#kb!E85,2026-08-17
KB,고급형,2,F,42,12052,1,DIRECT_QUOTE,12052,1,,,insurer_premiums_2026-08.xlsx#kb!E87,2026-08-17
KB,고급형,2,F,43,12450,1,DIRECT_QUOTE,12450,1,,,insurer_premiums_2026-08.xlsx#kb!E89,2026-08-17
KB,고급형,2,F,44,12859,1,DIRECT_QUOTE,12859,1,,,insurer_premiums_2026-08.xlsx#kb!E91,2026-08-17
KB,고급형,2,F,45,13288,1,DIRECT_QUOTE,13288,1,,,insurer_premiums_2026-08.xlsx#kb!E93,2026-08-17
KB,고급형,2,F,46,13690,1,DIRECT_QUOTE,13690,1,,,insurer_premiums_2026-08.xlsx#kb!E95,2026-08-17
KB,고급형,2,F,47,14113,1,DIRECT_QUOTE,14113,1,,,insurer_premiums_2026-08.xlsx#kb!E97,2026-08-17
KB,고급형,2,F,48,14461,1,DIRECT_QUOTE,14461,1,,,insurer_premiums_2026-08.xlsx#kb!E99,2026-08-17
KB,고급형,2,F,49,14828,1,DIRECT_QUOTE,14828,1,,,insurer_premiums_2026-08.xlsx#kb!E101,2026-08-17
KB,고급형,2,F,50,15185,1,DIRECT_QUOTE,15185,1,,,insurer_premiums_2026-08.xlsx#kb!E103,2026-08-17
KB,고급형,2,F,51,15579,1,DIRECT_QUOTE,15579,1,,,insurer_premiums_2026-08.xlsx#kb!E105,2026-08-17
KB,고급형,2,F,52,15788,1,DIRECT_QUOTE,15788,1,,,insurer_premiums_2026-08.xlsx#kb!E107,2026-08-17
KB,고급형,2,F,53,15901,1,DIRECT_QUOTE,15901,1,,,insurer_premiums_2026-08.xlsx#kb!E109,2026-08-17
KB,고급형,2,F,54,16081,1,DIRECT_QUOTE,16081,1,,,insurer_premiums_2026-08.xlsx#kb!E111,2026-08-17
KB,고급형,2,F,55,16643,1,DIRECT_QUOTE,16643,1,,,insurer_premiums_2026-08.xlsx#kb!E113,2026-08-17
KB,고급형,2,F,56,17167,1,DIRECT_QUOTE,17167,1,,,insurer_premiums_2026-08.xlsx#kb!E115,2026-08-17
KB,고급형,2,F,57,18179,1,DIRECT_QUOTE,18179,1,,,insurer_premiums_2026-08.xlsx#kb!E117,2026-08-17
KB,고급형,2,F,58,19096,1,DIRECT_QUOTE,19096,1,,,insurer_premiums_2026-08.xlsx#kb!E119,2026-08-17
KB,고급형,2,F,59,20137,1,DIRECT_QUOTE,20137,1,,,insurer_premiums_2026-08.xlsx#kb!E121,2026-08-17
KB,고급형,2,F,60,21092,1,DIRECT_QUOTE,21092,1,,,insurer_premiums_2026-08.xlsx#kb!E123,2026-08-17
KB,고급형,2,F,61,22096,1,DIRECT_QUOTE,22096,1,,,insurer_premiums_2026-08.xlsx#kb!E125,2026-08-17
KB,고급형,2,F,62,23347,1,DIRECT_QUOTE,23347,1,,,insurer_premiums_2026-08.xlsx#kb!E127,2026-08-17
KB,고급형,2,F,63,24600,1,DIRECT_QUOTE,24600,1,,,insurer_premiums_2026-08.xlsx#kb!E129,2026-08-17
KB,고급형,2,F,64,25893,1,DIRECT_QUOTE,25893,1,,,insurer_premiums_2026-08.xlsx#kb!E131,2026-08-17
KB,고급형,2,F,65,27148,1,DIRECT_QUOTE,27148,1,,,insurer_premiums_2026-08.xlsx#kb!E133,2026-08-17
KB,고급형,2,F,66,28433,1,DIRECT_QUOTE,28433,1,,,insurer_premiums_2026-08.xlsx#kb!E135,2026-08-17
KB,고급형,2,F,67,29396,1,DIRECT_QUOTE,29396,1,,,insurer_premiums_2026-08.xlsx#kb!E137,2026-08-17
KB,고급형,2,F,68,30349,1,DIRECT_QUOTE,30349,1,,,insurer_premiums_2026-08.xlsx#kb!E139,2026-08-17
KB,고급형,2,F,69,31281,1,DIRECT_QUOTE,31281,1,,,insurer_premiums_2026-08.xlsx#kb!E141,2026-08-17
KB,고급형,2,F,70,32266,1,DIRECT_QUOTE,32266,1,,,insurer_premiums_2026-08.xlsx#kb!E143,2026-08-17
KB,고급형,2,F,71,33181,1,DIRECT_QUOTE,33181,1,,,insurer_premiums_2026-08.xlsx#kb!E145,2026-08-17
KB,고급형,2,F,72,34821,1,DIRECT_QUOTE,34821,1,,,insurer_premiums_2026-08.xlsx#kb!E147,2026-08-17
KB,고급형,2,F,73,36403,1,DIRECT_QUOTE,36403,1,,,insurer_premiums_2026-08.xlsx#kb!E149,2026-08-17
KB,고급형,2,F,74,38108,1,DIRECT_QUOTE,38108,1,,,insurer_premiums_2026-08.xlsx#kb!E151,2026-08-17
KB,고급형,2,F,75,39776,1,DIRECT_QUOTE,39776,1,,,insurer_premiums_2026-08.xlsx#kb!E153,2026-08-17
KB,고급형,2,F,76,41462,1,DIRECT_QUOTE,41462,1,,,insurer_premiums_2026-08.xlsx#kb!E155,2026-08-17
KB,고급형,2,F,77,42278,1,DIRECT_QUOTE,42278,1,,,insurer_premiums_2026-08.xlsx#kb!E157,2026-08-17
KB,고급형,2,F,78,43046,1,DIRECT_QUOTE,43046,1,,,insurer_premiums_2026-08.xlsx#kb!E159,2026-08-17
KB,고급형,2,F,79,43890,1,DIRECT_QUOTE,43890,1,,,insurer_premiums_2026-08.xlsx#kb!E161,2026-08-17
KB,고급형,2,F,80,44176,1,DIRECT_QUOTE,44176,1,,,insurer_premiums_2026-08.xlsx#kb!E163,2026-08-17
KB,고급형,2,M,19,7594,1,DIRECT_QUOTE,7594,1,,,insurer_premiums_2026-08.xlsx#kb!E40,2026-08-17
KB,고급형,2,M,20,7595,1,DIRECT_QUOTE,7595,1,,,insurer_premiums_2026-08.xlsx#kb!E42,2026-08-17
KB,고급형,2,M,21,7521,1,DIRECT_QUOTE,7521,1,,,insurer_premiums_2026-08.xlsx#kb!E44,2026-08-17
KB,고급형,2,M,22,7569,1,DIRECT_QUOTE,7569,1,,,insurer_premiums_2026-08.xlsx#kb!E46,2026-08-17
KB,고급형,2,M,23,7598,1,DIRECT_QUOTE,7598,1,,,insurer_premiums_2026-08.xlsx#kb!E48,2026-08-17
KB,고급형,2,M,24,7740,1,DIRECT_QUOTE,7740,1,,,insurer_premiums_2026-08.xlsx#kb!E50,2026-08-17
KB,고급형,2,M,25,7796,1,DIRECT_QUOTE,7796,1,,,insurer_premiums_2026-08.xlsx#kb!E52,2026-08-17
KB,고급형,2,M,26,7822,1,DIRECT_QUOTE,7822,1,,,insurer_premiums_2026-08.xlsx#kb!E54,2026-08-17
KB,고급형,2,M,27,7868,1,DIRECT_QUOTE,7868,1,,,insurer_premiums_2026-08.xlsx#kb!E56,2026-08-17
KB,고급형,2,M,28,7952,1,DIRECT_QUOTE,7952,1,,,insurer_premiums_2026-08.xlsx#kb!E58,2026-08-17
KB,고급형,2,M,29,7979,1,DIRECT_QUOTE,7979,1,,,insurer_premiums_2026-08.xlsx#kb!E60,2026-08-17
KB,고급형,2,M,30,8006,1,DIRECT_QUOTE,8006,1,,,insurer_premiums_2026-08.xlsx#kb!E62,2026-08-17
KB,고급형,2,M,31,8091,1,DIRECT_QUOTE,8091,1,,,insurer_premiums_2026-08.xlsx#kb!E64,2026-08-17
KB,고급형,2,M,32,8167,1,DIRECT_QUOTE,8167,1,,,insurer_premiums_2026-08.xlsx#kb!E66,2026-08-17
KB,고급형,2,M,33,8254,1,DIRECT_QUOTE,8254,1,,,insurer_premiums_2026-08.xlsx#kb!E68,2026-08-17
KB,고급형,2,M,34,8370,1,DIRECT_QUOTE,8370,1,,,insurer_premiums_2026-08.xlsx#kb!E70,2026-08-17
KB,고급형,2,M,35,8457,1,DIRECT_QUOTE,8457,1,,,insurer_premiums_2026-08.xlsx#kb!E72,2026-08-17
KB,고급형,2,M,36,8583,1,DIRECT_QUOTE,8583,1,,,insurer_premiums_2026-08.xlsx#kb!E74,2026-08-17
KB,고급형,2,M,37,8642,1,DIRECT_QUOTE,8642,1,,,insurer_premiums_2026-08.xlsx#kb!E76,2026-08-17
KB,고급형,2,M,38,8730,1,DIRECT_QUOTE,8730,1,,,insurer_premiums_2026-08.xlsx#kb!E78,2026-08-17
KB,고급형,2,M,39,8789,1,DIRECT_QUOTE,8789,1,,,insurer_premiums_2026-08.xlsx#kb!E80,2026-08-17
KB,고급형,2,M,40,8867,1,DIRECT_QUOTE,8867,1,,,insurer_premiums_2026-08.xlsx#kb!E82,2026-08-17
KB,고급형,2,M,41,9070,1,DIRECT_QUOTE,9070,1,,,insurer_premiums_2026-08.xlsx#kb!E84,2026-08-17
KB,고급형,2,M,42,9293,1,DIRECT_QUOTE,9293,1,,,insurer_premiums_2026-08.xlsx#kb!E86,2026-08-17
KB,고급형,2,M,43,9469,1,DIRECT_QUOTE,9469,1,,,insurer_premiums_2026-08.xlsx#kb!E88,2026-08-17
KB,고급형,2,M,44,9693,1,DIRECT_QUOTE,9693,1,,,insurer_premiums_2026-08.xlsx#kb!E90,2026-08-17
KB,고급형,2,M,45,9918,1,DIRECT_QUOTE,9918,1,,,insurer_premiums_2026-08.xlsx#kb!E92,2026-08-17
KB,고급형,2,M,46,10143,1,DIRECT_QUOTE,10143,1,,,insurer_premiums_2026-08.xlsx#kb!E94,2026-08-17
KB,고급형,2,M,47,10483,1,DIRECT_QUOTE,10483,1,,,insurer_premiums_2026-08.xlsx#kb!E96,2026-08-17
KB,고급형,2,M,48,10822,1,DIRECT_QUOTE,10822,1,,,insurer_premiums_2026-08.xlsx#kb!E98,2026-08-17
KB,고급형,2,M,49,11210,1,DIRECT_QUOTE,11210,1,,,insurer_premiums_2026-08.xlsx#kb!E100,2026-08-17
KB,고급형,2,M,50,11551,1,DIRECT_QUOTE,11551,1,,,insurer_premiums_2026-08.xlsx#kb!E102,2026-08-17
KB,고급형,2,M,51,11882,1,DIRECT_QUOTE,11882,1,,,insurer_premiums_2026-08.xlsx#kb!E104,2026-08-17
KB,고급형,2,M,52,12424,1,DIRECT_QUOTE,12424,1,,,insurer_premiums_2026-08.xlsx#kb!E106,2026-08-17
KB,고급형,2,M,53,12957,1,DIRECT_QUOTE,12957,1,,,insurer_premiums_2026-08.xlsx#kb!E108,2026-08-17
KB,고급형,2,M,54,13433,1,DIRECT_QUOTE,13433,1,,,insurer_premiums_2026-08.xlsx#kb!E110,2026-08-17
KB,고급형,2,M,55,13995,1,DIRECT_QUOTE,13995,1,,,insurer_premiums_2026-08.xlsx#kb!E112,2026-08-17
KB,고급형,2,M,56,14480,1,DIRECT_QUOTE,14480,1,,,insurer_premiums_2026-08.xlsx#kb!E114,2026-08-17
KB,고급형,2,M,57,15173,1,DIRECT_QUOTE,15173,1,,,insurer_premiums_2026-08.xlsx#kb!E116,2026-08-17
KB,고급형,2,M,58,15895,1,DIRECT_QUOTE,15895,1,,,insurer_premiums_2026-08.xlsx#kb!E118,2026-08-17
KB,고급형,2,M,59,16597,1,DIRECT_QUOTE,16597,1,,,insurer_premiums_2026-08.xlsx#kb!E120,2026-08-17
KB,고급형,2,M,60,17300,1,DIRECT_QUOTE,17300,1,,,insurer_premiums_2026-08.xlsx#kb!E122,2026-08-17
KB,고급형,2,M,61,18013,1,DIRECT_QUOTE,18013,1,,,insurer_premiums_2026-08.xlsx#kb!E124,2026-08-17
KB,고급형,2,M,62,18749,1,DIRECT_QUOTE,18749,1,,,insurer_premiums_2026-08.xlsx#kb!E126,2026-08-17
KB,고급형,2,M,63,19457,1,DIRECT_QUOTE,19457,1,,,insurer_premiums_2026-08.xlsx#kb!E128,2026-08-17
KB,고급형,2,M,64,20206,1,DIRECT_QUOTE,20206,1,,,insurer_premiums_2026-08.xlsx#kb!E130,2026-08-17
KB,고급형,2,M,65,20948,1,DIRECT_QUOTE,20948,1,,,insurer_premiums_2026-08.xlsx#kb!E132,2026-08-17
KB,고급형,2,M,66,21680,1,DIRECT_QUOTE,21680,1,,,insurer_premiums_2026-08.xlsx#kb!E134,2026-08-17
KB,고급형,2,M,67,22219,1,DIRECT_QUOTE,22219,1,,,insurer_premiums_2026-08.xlsx#kb!E136,2026-08-17
KB,고급형,2,M,68,22795,1,DIRECT_QUOTE,22795,1,,,insurer_premiums_2026-08.xlsx#kb!E138,2026-08-17
KB,고급형,2,M,69,23379,1,DIRECT_QUOTE,23379,1,,,insurer_premiums_2026-08.xlsx#kb!E140,2026-08-17
KB,고급형,2,M,70,23913,1,DIRECT_QUOTE,23913,1,,,insurer_premiums_2026-08.xlsx#kb!E142,2026-08-17
KB,고급형,2,M,71,24503,1,DIRECT_QUOTE,24503,1,,,insurer_premiums_2026-08.xlsx#kb!E144,2026-08-17
KB,고급형,2,M,72,25062,1,DIRECT_QUOTE,25062,1,,,insurer_premiums_2026-08.xlsx#kb!E146,2026-08-17
KB,고급형,2,M,73,25678,1,DIRECT_QUOTE,25678,1,,,insurer_premiums_2026-08.xlsx#kb!E148,2026-08-17
KB,고급형,2,M,74,26208,1,DIRECT_QUOTE,26208,1,,,insurer_premiums_2026-08.xlsx#kb!E150,2026-08-17
KB,고급형,2,M,75,26823,1,DIRECT_QUOTE,26823,1,,,insurer_premiums_2026-08.xlsx#kb!E152,2026-08-17
KB,고급형,2,M,76,27372,1,DIRECT_QUOTE,27372,1,,,insurer_premiums_2026-08.xlsx#kb!E154,2026-08-17
KB,고급형,2,M,77,27968,1,DIRECT_QUOTE,27968,1,,,insurer_premiums_2026-08.xlsx#kb!E156,2026-08-17
KB,고급형,2,M,78,28498,1,DIRECT_QUOTE,28498,1,,,insurer_premiums_2026-08.xlsx#kb!E158,2026-08-17
KB,고급형,2,M,79,29046,1,DIRECT_QUOTE,29046,1,,,insurer_premiums_2026-08.xlsx#kb!E160,2026-08-17
KB,고급형,2,M,80,29163,1,DIRECT_QUOTE,29163,1,,,insurer_premiums_2026-08.xlsx#kb!E162,2026-08-17
KB,실속형,0,F,19,2924,1,DIRECT_QUOTE,2924,1,,,insurer_premiums_2026-08.xlsx#kb!C41,2026-08-17
KB,실속형,0,F,20,2982,1,DIRECT_QUOTE,2982,1,,,insurer_premiums_2026-08.xlsx#kb!C43,2026-08-17
KB,실속형,0,F,21,3044,1,DIRECT_QUOTE,3044,1,,,insurer_premiums_2026-08.xlsx#kb!C45,2026-08-17
KB,실속형,0,F,22,3106,1,DIRECT_QUOTE,3106,1,,,insurer_premiums_2026-08.xlsx#kb!C47,2026-08-17
KB,실속형,0,F,23,3139,1,DIRECT_QUOTE,3139,1,,,insurer_premiums_2026-08.xlsx#kb!C49,2026-08-17
KB,실속형,0,F,24,3189,1,DIRECT_QUOTE,3189,1,,,insurer_premiums_2026-08.xlsx#kb!C51,2026-08-17
KB,실속형,0,F,25,3214,1,DIRECT_QUOTE,3214,1,,,insurer_premiums_2026-08.xlsx#kb!C53,2026-08-17
KB,실속형,0,F,26,3272,1,DIRECT_QUOTE,3272,1,,,insurer_premiums_2026-08.xlsx#kb!C55,2026-08-17
KB,실속형,0,F,27,3272,1,DIRECT_QUOTE,3272,1,,,insurer_premiums_2026-08.xlsx#kb!C57,2026-08-17
KB,실속형,0,F,28,3223,1,DIRECT_QUOTE,3223,1,,,insurer_premiums_2026-08.xlsx#kb!C59,2026-08-17
KB,실속형,0,F,29,3211,1,DIRECT_QUOTE,3211,1,,,insurer_premiums_2026-08.xlsx#kb!C61,2026-08-17
KB,실속형,0,F,30,3179,1,DIRECT_QUOTE,3179,1,,,insurer_premiums_2026-08.xlsx#kb!C63,2026-08-17
KB,실속형,0,F,31,3167,1,DIRECT_QUOTE,3167,1,,,insurer_premiums_2026-08.xlsx#kb!C65,2026-08-17
KB,실속형,0,F,32,3237,1,DIRECT_QUOTE,3237,1,,,insurer_premiums_2026-08.xlsx#kb!C67,2026-08-17
KB,실속형,0,F,33,3336,1,DIRECT_QUOTE,3336,1,,,insurer_premiums_2026-08.xlsx#kb!C69,2026-08-17
KB,실속형,0,F,34,3419,1,DIRECT_QUOTE,3419,1,,,insurer_premiums_2026-08.xlsx#kb!C71,2026-08-17
KB,실속형,0,F,35,3514,1,DIRECT_QUOTE,3514,1,,,insurer_premiums_2026-08.xlsx#kb!C73,2026-08-17
KB,실속형,0,F,36,3626,1,DIRECT_QUOTE,3626,1,,,insurer_premiums_2026-08.xlsx#kb!C75,2026-08-17
KB,실속형,0,F,37,3767,1,DIRECT_QUOTE,3767,1,,,insurer_premiums_2026-08.xlsx#kb!C77,2026-08-17
KB,실속형,0,F,38,3974,1,DIRECT_QUOTE,3974,1,,,insurer_premiums_2026-08.xlsx#kb!C79,2026-08-17
KB,실속형,0,F,39,4115,1,DIRECT_QUOTE,4115,1,,,insurer_premiums_2026-08.xlsx#kb!C81,2026-08-17
KB,실속형,0,F,40,4309,1,DIRECT_QUOTE,4309,1,,,insurer_premiums_2026-08.xlsx#kb!C83,2026-08-17
KB,실속형,0,F,41,4483,1,DIRECT_QUOTE,4483,1,,,insurer_premiums_2026-08.xlsx#kb!C85,2026-08-17
KB,실속형,0,F,42,4633,1,DIRECT_QUOTE,4633,1,,,insurer_premiums_2026-08.xlsx#kb!C87,2026-08-17
KB,실속형,0,F,43,4803,1,DIRECT_QUOTE,4803,1,,,insurer_premiums_2026-08.xlsx#kb!C89,2026-08-17
KB,실속형,0,F,44,4978,1,DIRECT_QUOTE,4978,1,,,insurer_premiums_2026-08.xlsx#kb!C91,2026-08-17
KB,실속형,0,F,45,5162,1,DIRECT_QUOTE,5162,1,,,insurer_premiums_2026-08.xlsx#kb!C93,2026-08-17
KB,실속형,0,F,46,5334,1,DIRECT_QUOTE,5334,1,,,insurer_premiums_2026-08.xlsx#kb!C95,2026-08-17
KB,실속형,0,F,47,5515,1,DIRECT_QUOTE,5515,1,,,insurer_premiums_2026-08.xlsx#kb!C97,2026-08-17
KB,실속형,0,F,48,5663,1,DIRECT_QUOTE,5663,1,,,insurer_premiums_2026-08.xlsx#kb!C99,2026-08-17
KB,실속형,0,F,49,5819,1,DIRECT_QUOTE,5819,1,,,insurer_premiums_2026-08.xlsx#kb!C101,2026-08-17
KB,실속형,0,F,50,5972,1,DIRECT_QUOTE,5972,1,,,insurer_premiums_2026-08.xlsx#kb!C103,2026-08-17
KB,실속형,0,F,51,6140,1,DIRECT_QUOTE,6140,1,,,insurer_premiums_2026-08.xlsx#kb!C105,2026-08-17
KB,실속형,0,F,52,6229,1,DIRECT_QUOTE,6229,1,,,insurer_premiums_2026-08.xlsx#kb!C107,2026-08-17
KB,실속형,0,F,53,6278,1,DIRECT_QUOTE,6278,1,,,insurer_premiums_2026-08.xlsx#kb!C109,2026-08-17
KB,실속형,0,F,54,6354,1,DIRECT_QUOTE,6354,1,,,insurer_premiums_2026-08.xlsx#kb!C111,2026-08-17
KB,실속형,0,F,55,6595,1,DIRECT_QUOTE,6595,1,,,insurer_premiums_2026-08.xlsx#kb!C113,2026-08-17
KB,실속형,0,F,56,6819,1,DIRECT_QUOTE,6819,1,,,insurer_premiums_2026-08.xlsx#kb!C115,2026-08-17
KB,실속형,0,F,57,7252,1,DIRECT_QUOTE,7252,1,,,insurer_premiums_2026-08.xlsx#kb!C117,2026-08-17
KB,실속형,0,F,58,7645,1,DIRECT_QUOTE,7645,1,,,insurer_premiums_2026-08.xlsx#kb!C119,2026-08-17
KB,실속형,0,F,59,8090,1,DIRECT_QUOTE,8090,1,,,insurer_premiums_2026-08.xlsx#kb!C121,2026-08-17
KB,실속형,0,F,60,8499,1,DIRECT_QUOTE,8499,1,,,insurer_premiums_2026-08.xlsx#kb!C123,2026-08-17
KB,실속형,0,F,61,8928,1,DIRECT_QUOTE,8928,1,,,insurer_premiums_2026-08.xlsx#kb!C125,2026-08-17
KB,실속형,0,F,62,9464,1,DIRECT_QUOTE,9464,1,,,insurer_premiums_2026-08.xlsx#kb!C127,2026-08-17
KB,실속형,0,F,63,10001,1,DIRECT_QUOTE,10001,1,,,insurer_premiums_2026-08.xlsx#kb!C129,2026-08-17
KB,실속형,0,F,64,10554,1,DIRECT_QUOTE,10554,1,,,insurer_premiums_2026-08.xlsx#kb!C131,2026-08-17
KB,실속형,0,F,65,11091,1,DIRECT_QUOTE,11091,1,,,insurer_premiums_2026-08.xlsx#kb!C133,2026-08-17
KB,실속형,0,F,66,11642,1,DIRECT_QUOTE,11642,1,,,insurer_premiums_2026-08.xlsx#kb!C135,2026-08-17
KB,실속형,0,F,67,12053,1,DIRECT_QUOTE,12053,1,,,insurer_premiums_2026-08.xlsx#kb!C137,2026-08-17
KB,실속형,0,F,68,12460,1,DIRECT_QUOTE,12460,1,,,insurer_premiums_2026-08.xlsx#kb!C139,2026-08-17
KB,실속형,0,F,69,12859,1,DIRECT_QUOTE,12859,1,,,insurer_premiums_2026-08.xlsx#kb!C141,2026-08-17
KB,실속형,0,F,70,13280,1,DIRECT_QUOTE,13280,1,,,insurer_premiums_2026-08.xlsx#kb!C143,2026-08-17
KB,실속형,0,F,71,13672,1,DIRECT_QUOTE,13672,1,,,insurer_premiums_2026-08.xlsx#kb!C145,2026-08-17
KB,실속형,0,F,72,14375,1,DIRECT_QUOTE,14375,1,,,insurer_premiums_2026-08.xlsx#kb!C147,2026-08-17
KB,실속형,0,F,73,15053,1,DIRECT_QUOTE,15053,1,,,insurer_premiums_2026-08.xlsx#kb!C149,2026-08-17
KB,실속형,0,F,74,15783,1,DIRECT_QUOTE,15783,1,,,insurer_premiums_2026-08.xlsx#kb!C151,2026-08-17
KB,실속형,0,F,75,16498,1,DIRECT_QUOTE,16498,1,,,insurer_premiums_2026-08.xlsx#kb!C153,2026-08-17
KB,실속형,0,F,76,17220,1,DIRECT_QUOTE,17220,1,,,insurer_premiums_2026-08.xlsx#kb!C155,2026-08-17
KB,실속형,0,F,77,17569,1,DIRECT_QUOTE,17569,1,,,insurer_premiums_2026-08.xlsx#kb!C157,2026-08-17
KB,실속형,0,F,78,17898,1,DIRECT_QUOTE,17898,1,,,insurer_premiums_2026-08.xlsx#kb!C159,2026-08-17
KB,실속형,0,F,79,18260,1,DIRECT_QUOTE,18260,1,,,insurer_premiums_2026-08.xlsx#kb!C161,2026-08-17
KB,실속형,0,F,80,18398,1,DIRECT_QUOTE,18398,1,,,insurer_premiums_2026-08.xlsx#kb!C163,2026-08-17
KB,실속형,0,M,19,2717,1,DIRECT_QUOTE,2717,1,,,insurer_premiums_2026-08.xlsx#kb!C40,2026-08-17
KB,실속형,0,M,20,2718,1,DIRECT_QUOTE,2718,1,,,insurer_premiums_2026-08.xlsx#kb!C42,2026-08-17
KB,실속형,0,M,21,2686,1,DIRECT_QUOTE,2686,1,,,insurer_premiums_2026-08.xlsx#kb!C44,2026-08-17
KB,실속형,0,M,22,2707,1,DIRECT_QUOTE,2707,1,,,insurer_premiums_2026-08.xlsx#kb!C46,2026-08-17
KB,실속형,0,M,23,2719,1,DIRECT_QUOTE,2719,1,,,insurer_premiums_2026-08.xlsx#kb!C48,2026-08-17
KB,실속형,0,M,24,2780,1,DIRECT_QUOTE,2780,1,,,insurer_premiums_2026-08.xlsx#kb!C50,2026-08-17
KB,실속형,0,M,25,2804,1,DIRECT_QUOTE,2804,1,,,insurer_premiums_2026-08.xlsx#kb!C52,2026-08-17
KB,실속형,0,M,26,2816,1,DIRECT_QUOTE,2816,1,,,insurer_premiums_2026-08.xlsx#kb!C54,2026-08-17
KB,실속형,0,M,27,2836,1,DIRECT_QUOTE,2836,1,,,insurer_premiums_2026-08.xlsx#kb!C56,2026-08-17
KB,실속형,0,M,28,2872,1,DIRECT_QUOTE,2872,1,,,insurer_premiums_2026-08.xlsx#kb!C58,2026-08-17
KB,실속형,0,M,29,2884,1,DIRECT_QUOTE,2884,1,,,insurer_premiums_2026-08.xlsx#kb!C60,2026-08-17
KB,실속형,0,M,30,2895,1,DIRECT_QUOTE,2895,1,,,insurer_premiums_2026-08.xlsx#kb!C62,2026-08-17
KB,실속형,0,M,31,2932,1,DIRECT_QUOTE,2932,1,,,insurer_premiums_2026-08.xlsx#kb!C64,2026-08-17
KB,실속형,0,M,32,2965,1,DIRECT_QUOTE,2965,1,,,insurer_premiums_2026-08.xlsx#kb!C66,2026-08-17
KB,실속형,0,M,33,3002,1,DIRECT_QUOTE,3002,1,,,insurer_premiums_2026-08.xlsx#kb!C68,2026-08-17
KB,실속형,0,M,34,3051,1,DIRECT_QUOTE,3051,1,,,insurer_premiums_2026-08.xlsx#kb!C70,2026-08-17
KB,실속형,0,M,35,3089,1,DIRECT_QUOTE,3089,1,,,insurer_premiums_2026-08.xlsx#kb!C72,2026-08-17
KB,실속형,0,M,36,3143,1,DIRECT_QUOTE,3143,1,,,insurer_premiums_2026-08.xlsx#kb!C74,2026-08-17
KB,실속형,0,M,37,3168,1,DIRECT_QUOTE,3168,1,,,insurer_premiums_2026-08.xlsx#kb!C76,2026-08-17
KB,실속형,0,M,38,3206,1,DIRECT_QUOTE,3206,1,,,insurer_premiums_2026-08.xlsx#kb!C78,2026-08-17
KB,실속형,0,M,39,3231,1,DIRECT_QUOTE,3231,1,,,insurer_premiums_2026-08.xlsx#kb!C80,2026-08-17
KB,실속형,0,M,40,3264,1,DIRECT_QUOTE,3264,1,,,insurer_premiums_2026-08.xlsx#kb!C82,2026-08-17
KB,실속형,0,M,41,3351,1,DIRECT_QUOTE,3351,1,,,insurer_premiums_2026-08.xlsx#kb!C84,2026-08-17
KB,실속형,0,M,42,3447,1,DIRECT_QUOTE,3447,1,,,insurer_premiums_2026-08.xlsx#kb!C86,2026-08-17
KB,실속형,0,M,43,3522,1,DIRECT_QUOTE,3522,1,,,insurer_premiums_2026-08.xlsx#kb!C88,2026-08-17
KB,실속형,0,M,44,3618,1,DIRECT_QUOTE,3618,1,,,insurer_premiums_2026-08.xlsx#kb!C90,2026-08-17
KB,실속형,0,M,45,3714,1,DIRECT_QUOTE,3714,1,,,insurer_premiums_2026-08.xlsx#kb!C92,2026-08-17
KB,실속형,0,M,46,3810,1,DIRECT_QUOTE,3810,1,,,insurer_premiums_2026-08.xlsx#kb!C94,2026-08-17
KB,실속형,0,M,47,3955,1,DIRECT_QUOTE,3955,1,,,insurer_premiums_2026-08.xlsx#kb!C96,2026-08-17
KB,실속형,0,M,48,4101,1,DIRECT_QUOTE,4101,1,,,insurer_premiums_2026-08.xlsx#kb!C98,2026-08-17
KB,실속형,0,M,49,4267,1,DIRECT_QUOTE,4267,1,,,insurer_premiums_2026-08.xlsx#kb!C100,2026-08-17
KB,실속형,0,M,50,4412,1,DIRECT_QUOTE,4412,1,,,insurer_premiums_2026-08.xlsx#kb!C102,2026-08-17
KB,실속형,0,M,51,4554,1,DIRECT_QUOTE,4554,1,,,insurer_premiums_2026-08.xlsx#kb!C104,2026-08-17
KB,실속형,0,M,52,4786,1,DIRECT_QUOTE,4786,1,,,insurer_premiums_2026-08.xlsx#kb!C106,2026-08-17
KB,실속형,0,M,53,5014,1,DIRECT_QUOTE,5014,1,,,insurer_premiums_2026-08.xlsx#kb!C108,2026-08-17
KB,실속형,0,M,54,5217,1,DIRECT_QUOTE,5217,1,,,insurer_premiums_2026-08.xlsx#kb!C110,2026-08-17
KB,실속형,0,M,55,5458,1,DIRECT_QUOTE,5458,1,,,insurer_premiums_2026-08.xlsx#kb!C112,2026-08-17
KB,실속형,0,M,56,5666,1,DIRECT_QUOTE,5666,1,,,insurer_premiums_2026-08.xlsx#kb!C114,2026-08-17
KB,실속형,0,M,57,5963,1,DIRECT_QUOTE,5963,1,,,insurer_premiums_2026-08.xlsx#kb!C116,2026-08-17
KB,실속형,0,M,58,6272,1,DIRECT_QUOTE,6272,1,,,insurer_premiums_2026-08.xlsx#kb!C118,2026-08-17
KB,실속형,0,M,59,6573,1,DIRECT_QUOTE,6573,1,,,insurer_premiums_2026-08.xlsx#kb!C120,2026-08-17
KB,실속형,0,M,60,6874,1,DIRECT_QUOTE,6874,1,,,insurer_premiums_2026-08.xlsx#kb!C122,2026-08-17
KB,실속형,0,M,61,7180,1,DIRECT_QUOTE,7180,1,,,insurer_premiums_2026-08.xlsx#kb!C124,2026-08-17
KB,실속형,0,M,62,7494,1,DIRECT_QUOTE,7494,1,,,insurer_premiums_2026-08.xlsx#kb!C126,2026-08-17
KB,실속형,0,M,63,7797,1,DIRECT_QUOTE,7797,1,,,insurer_premiums_2026-08.xlsx#kb!C128,2026-08-17
KB,실속형,0,M,64,8117,1,DIRECT_QUOTE,8117,1,,,insurer_premiums_2026-08.xlsx#kb!C130,2026-08-17
KB,실속형,0,M,65,8434,1,DIRECT_QUOTE,8434,1,,,insurer_premiums_2026-08.xlsx#kb!C132,2026-08-17
KB,실속형,0,M,66,8747,1,DIRECT_QUOTE,8747,1,,,insurer_premiums_2026-08.xlsx#kb!C134,2026-08-17
KB,실속형,0,M,67,8977,1,DIRECT_QUOTE,8977,1,,,insurer_premiums_2026-08.xlsx#kb!C136,2026-08-17
KB,실속형,0,M,68,9223,1,DIRECT_QUOTE,9223,1,,,insurer_premiums_2026-08.xlsx#kb!C138,2026-08-17
KB,실속형,0,M,69,9473,1,DIRECT_QUOTE,9473,1,,,insurer_premiums_2026-08.xlsx#kb!C140,2026-08-17
KB,실속형,0,M,70,9702,1,DIRECT_QUOTE,9702,1,,,insurer_premiums_2026-08.xlsx#kb!C142,2026-08-17
KB,실속형,0,M,71,9954,1,DIRECT_QUOTE,9954,1,,,insurer_premiums_2026-08.xlsx#kb!C144,2026-08-17
KB,실속형,0,M,72,10194,1,DIRECT_QUOTE,10194,1,,,insurer_premiums_2026-08.xlsx#kb!C146,2026-08-17
KB,실속형,0,M,73,10457,1,DIRECT_QUOTE,10457,1,,,insurer_premiums_2026-08.xlsx#kb!C148,2026-08-17
KB,실속형,0,M,74,10684,1,DIRECT_QUOTE,10684,1,,,insurer_premiums_2026-08.xlsx#kb!C150,2026-08-17
KB,실속형,0,M,75,10948,1,DIRECT_QUOTE,10948,1,,,insurer_premiums_2026-08.xlsx#kb!C152,2026-08-17
KB,실속형,0,M,76,11183,1,DIRECT_QUOTE,11183,1,,,insurer_premiums_2026-08.xlsx#kb!C154,2026-08-17
KB,실속형,0,M,77,11438,1,DIRECT_QUOTE,11438,1,,,insurer_premiums_2026-08.xlsx#kb!C156,2026-08-17
KB,실속형,0,M,78,11665,1,DIRECT_QUOTE,11665,1,,,insurer_premiums_2026-08.xlsx#kb!C158,2026-08-17
KB,실속형,0,M,79,11900,1,DIRECT_QUOTE,11900,1,,,insurer_premiums_2026-08.xlsx#kb!C160,2026-08-17
KB,실속형,0,M,80,11967,1,DIRECT_QUOTE,11967,1,,,insurer_premiums_2026-08.xlsx#kb!C162,2026-08-17
KB,표준형,1,F,19,5861,1,DIRECT_QUOTE,5861,1,,,insurer_premiums_2026-08.xlsx#kb!D41,2026-08-17
KB,표준형,1,F,20,5958,1,DIRECT_QUOTE,5958,1,,,insurer_premiums_2026-08.xlsx#kb!D43,2026-08-17
KB,표준형,1,F,21,6061,1,DIRECT_QUOTE,6061,1,,,insurer_premiums_2026-08.xlsx#kb!D45,2026-08-17
KB,표준형,1,F,22,6165,1,DIRECT_QUOTE,6165,1,,,insurer_premiums_2026-08.xlsx#kb!D47,2026-08-17
KB,표준형,1,F,23,6220,1,DIRECT_QUOTE,6220,1,,,insurer_premiums_2026-08.xlsx#kb!D49,2026-08-17
KB,표준형,1,F,24,6303,1,DIRECT_QUOTE,6303,1,,,insurer_premiums_2026-08.xlsx#kb!D51,2026-08-17
KB,표준형,1,F,25,6344,1,DIRECT_QUOTE,6344,1,,,insurer_premiums_2026-08.xlsx#kb!D53,2026-08-17
KB,표준형,1,F,26,6440,1,DIRECT_QUOTE,6440,1,,,insurer_premiums_2026-08.xlsx#kb!D55,2026-08-17
KB,표준형,1,F,27,6441,1,DIRECT_QUOTE,6441,1,,,insurer_premiums_2026-08.xlsx#kb!D57,2026-08-17
KB,표준형,1,F,28,6360,1,DIRECT_QUOTE,6360,1,,,insurer_premiums_2026-08.xlsx#kb!D59,2026-08-17
KB,표준형,1,F,29,6340,1,DIRECT_QUOTE,6340,1,,,insurer_premiums_2026-08.xlsx#kb!D61,2026-08-17
KB,표준형,1,F,30,6286,1,DIRECT_QUOTE,6286,1,,,insurer_premiums_2026-08.xlsx#kb!D63,2026-08-17
KB,표준형,1,F,31,6266,1,DIRECT_QUOTE,6266,1,,,insurer_premiums_2026-08.xlsx#kb!D65,2026-08-17
KB,표준형,1,F,32,6383,1,DIRECT_QUOTE,6383,1,,,insurer_premiums_2026-08.xlsx#kb!D67,2026-08-17
KB,표준형,1,F,33,6548,1,DIRECT_QUOTE,6548,1,,,insurer_premiums_2026-08.xlsx#kb!D69,2026-08-17
KB,표준형,1,F,34,6686,1,DIRECT_QUOTE,6686,1,,,insurer_premiums_2026-08.xlsx#kb!D71,2026-08-17
KB,표준형,1,F,35,6845,1,DIRECT_QUOTE,6845,1,,,insurer_premiums_2026-08.xlsx#kb!D73,2026-08-17
KB,표준형,1,F,36,7032,1,DIRECT_QUOTE,7032,1,,,insurer_premiums_2026-08.xlsx#kb!D75,2026-08-17
KB,표준형,1,F,37,7267,1,DIRECT_QUOTE,7267,1,,,insurer_premiums_2026-08.xlsx#kb!D77,2026-08-17
KB,표준형,1,F,38,7611,1,DIRECT_QUOTE,7611,1,,,insurer_premiums_2026-08.xlsx#kb!D79,2026-08-17
KB,표준형,1,F,39,7846,1,DIRECT_QUOTE,7846,1,,,insurer_premiums_2026-08.xlsx#kb!D81,2026-08-17
KB,표준형,1,F,40,8170,1,DIRECT_QUOTE,8170,1,,,insurer_premiums_2026-08.xlsx#kb!D83,2026-08-17
KB,표준형,1,F,41,8460,1,DIRECT_QUOTE,8460,1,,,insurer_premiums_2026-08.xlsx#kb!D85,2026-08-17
KB,표준형,1,F,42,8710,1,DIRECT_QUOTE,8710,1,,,insurer_premiums_2026-08.xlsx#kb!D87,2026-08-17
KB,표준형,1,F,43,8994,1,DIRECT_QUOTE,8994,1,,,insurer_premiums_2026-08.xlsx#kb!D89,2026-08-17
KB,표준형,1,F,44,9286,1,DIRECT_QUOTE,9286,1,,,insurer_premiums_2026-08.xlsx#kb!D91,2026-08-17
KB,표준형,1,F,45,9593,1,DIRECT_QUOTE,9593,1,,,insurer_premiums_2026-08.xlsx#kb!D93,2026-08-17
KB,표준형,1,F,46,9880,1,DIRECT_QUOTE,9880,1,,,insurer_premiums_2026-08.xlsx#kb!D95,2026-08-17
KB,표준형,1,F,47,10182,1,DIRECT_QUOTE,10182,1,,,insurer_premiums_2026-08.xlsx#kb!D97,2026-08-17
KB,표준형,1,F,48,10430,1,DIRECT_QUOTE,10430,1,,,insurer_premiums_2026-08.xlsx#kb!D99,2026-08-17
KB,표준형,1,F,49,10692,1,DIRECT_QUOTE,10692,1,,,insurer_premiums_2026-08.xlsx#kb!D101,2026-08-17
KB,표준형,1,F,50,10947,1,DIRECT_QUOTE,10947,1,,,insurer_premiums_2026-08.xlsx#kb!D103,2026-08-17
KB,표준형,1,F,51,11228,1,DIRECT_QUOTE,11228,1,,,insurer_premiums_2026-08.xlsx#kb!D105,2026-08-17
KB,표준형,1,F,52,11377,1,DIRECT_QUOTE,11377,1,,,insurer_premiums_2026-08.xlsx#kb!D107,2026-08-17
KB,표준형,1,F,53,11458,1,DIRECT_QUOTE,11458,1,,,insurer_premiums_2026-08.xlsx#kb!D109,2026-08-17
KB,표준형,1,F,54,11586,1,DIRECT_QUOTE,11586,1,,,insurer_premiums_2026-08.xlsx#kb!D111,2026-08-17
KB,표준형,1,F,55,11987,1,DIRECT_QUOTE,11987,1,,,insurer_premiums_2026-08.xlsx#kb!D113,2026-08-17
KB,표준형,1,F,56,12362,1,DIRECT_QUOTE,12362,1,,,insurer_premiums_2026-08.xlsx#kb!D115,2026-08-17
KB,표준형,1,F,57,13085,1,DIRECT_QUOTE,13085,1,,,insurer_premiums_2026-08.xlsx#kb!D117,2026-08-17
KB,표준형,1,F,58,13739,1,DIRECT_QUOTE,13739,1,,,insurer_premiums_2026-08.xlsx#kb!D119,2026-08-17
KB,표준형,1,F,59,14482,1,DIRECT_QUOTE,14482,1,,,insurer_premiums_2026-08.xlsx#kb!D121,2026-08-17
KB,표준형,1,F,60,15164,1,DIRECT_QUOTE,15164,1,,,insurer_premiums_2026-08.xlsx#kb!D123,2026-08-17
KB,표준형,1,F,61,15881,1,DIRECT_QUOTE,15881,1,,,insurer_premiums_2026-08.xlsx#kb!D125,2026-08-17
KB,표준형,1,F,62,16775,1,DIRECT_QUOTE,16775,1,,,insurer_premiums_2026-08.xlsx#kb!D127,2026-08-17
KB,표준형,1,F,63,17670,1,DIRECT_QUOTE,17670,1,,,insurer_premiums_2026-08.xlsx#kb!D129,2026-08-17
KB,표준형,1,F,64,18593,1,DIRECT_QUOTE,18593,1,,,insurer_premiums_2026-08.xlsx#kb!D131,2026-08-17
KB,표준형,1,F,65,19489,1,DIRECT_QUOTE,19489,1,,,insurer_premiums_2026-08.xlsx#kb!D133,2026-08-17
KB,표준형,1,F,66,20407,1,DIRECT_QUOTE,20407,1,,,insurer_premiums_2026-08.xlsx#kb!D135,2026-08-17
KB,표준형,1,F,67,21094,1,DIRECT_QUOTE,21094,1,,,insurer_premiums_2026-08.xlsx#kb!D137,2026-08-17
KB,표준형,1,F,68,21775,1,DIRECT_QUOTE,21775,1,,,insurer_premiums_2026-08.xlsx#kb!D139,2026-08-17
KB,표준형,1,F,69,22440,1,DIRECT_QUOTE,22440,1,,,insurer_premiums_2026-08.xlsx#kb!D141,2026-08-17
KB,표준형,1,F,70,23143,1,DIRECT_QUOTE,23143,1,,,insurer_premiums_2026-08.xlsx#kb!D143,2026-08-17
KB,표준형,1,F,71,23797,1,DIRECT_QUOTE,23797,1,,,insurer_premiums_2026-08.xlsx#kb!D145,2026-08-17
KB,표준형,1,F,72,24968,1,DIRECT_QUOTE,24968,1,,,insurer_premiums_2026-08.xlsx#kb!D147,2026-08-17
KB,표준형,1,F,73,26098,1,DIRECT_QUOTE,26098,1,,,insurer_premiums_2026-08.xlsx#kb!D149,2026-08-17
KB,표준형,1,F,74,27316,1,DIRECT_QUOTE,27316,1,,,insurer_premiums_2026-08.xlsx#kb!D151,2026-08-17
KB,표준형,1,F,75,28507,1,DIRECT_QUOTE,28507,1,,,insurer_premiums_2026-08.xlsx#kb!D153,2026-08-17
KB,표준형,1,F,76,29711,1,DIRECT_QUOTE,29711,1,,,insurer_premiums_2026-08.xlsx#kb!D155,2026-08-17
KB,표준형,1,F,77,30294,1,DIRECT_QUOTE,30294,1,,,insurer_premiums_2026-08.xlsx#kb!D157,2026-08-17
KB,표준형,1,F,78,30842,1,DIRECT_QUOTE,30842,1,,,insurer_premiums_2026-08.xlsx#kb!D159,2026-08-17
KB,표준형,1,F,79,31445,1,DIRECT_QUOTE,31445,1,,,insurer_premiums_2026-08.xlsx#kb!D161,2026-08-17
KB,표준형,1,F,80,31652,1,DIRECT_QUOTE,31652,1,,,insurer_premiums_2026-08.xlsx#kb!D163,2026-08-17
KB,표준형,1,M,19,5523,1,DIRECT_QUOTE,5523,1,,,insurer_premiums_2026-08.xlsx#kb!D40,2026-08-17
KB,표준형,1,M,20,5525,1,DIRECT_QUOTE,5525,1,,,insurer_premiums_2026-08.xlsx#kb!D42,2026-08-17
KB,표준형,1,M,21,5471,1,DIRECT_QUOTE,5471,1,,,insurer_premiums_2026-08.xlsx#kb!D44,2026-08-17
KB,표준형,1,M,22,5506,1,DIRECT_QUOTE,5506,1,,,insurer_premiums_2026-08.xlsx#kb!D46,2026-08-17
KB,표준형,1,M,23,5527,1,DIRECT_QUOTE,5527,1,,,insurer_premiums_2026-08.xlsx#kb!D48,2026-08-17
KB,표준형,1,M,24,5628,1,DIRECT_QUOTE,5628,1,,,insurer_premiums_2026-08.xlsx#kb!D50,2026-08-17
KB,표준형,1,M,25,5668,1,DIRECT_QUOTE,5668,1,,,insurer_premiums_2026-08.xlsx#kb!D52,2026-08-17
KB,표준형,1,M,26,5687,1,DIRECT_QUOTE,5687,1,,,insurer_premiums_2026-08.xlsx#kb!D54,2026-08-17
KB,표준형,1,M,27,5720,1,DIRECT_QUOTE,5720,1,,,insurer_premiums_2026-08.xlsx#kb!D56,2026-08-17
KB,표준형,1,M,28,5780,1,DIRECT_QUOTE,5780,1,,,insurer_premiums_2026-08.xlsx#kb!D58,2026-08-17
KB,표준형,1,M,29,5800,1,DIRECT_QUOTE,5800,1,,,insurer_premiums_2026-08.xlsx#kb!D60,2026-08-17
KB,표준형,1,M,30,5819,1,DIRECT_QUOTE,5819,1,,,insurer_premiums_2026-08.xlsx#kb!D62,2026-08-17
KB,표준형,1,M,31,5880,1,DIRECT_QUOTE,5880,1,,,insurer_premiums_2026-08.xlsx#kb!D64,2026-08-17
KB,표준형,1,M,32,5934,1,DIRECT_QUOTE,5934,1,,,insurer_premiums_2026-08.xlsx#kb!D66,2026-08-17
KB,표준형,1,M,33,5996,1,DIRECT_QUOTE,5996,1,,,insurer_premiums_2026-08.xlsx#kb!D68,2026-08-17
KB,표준형,1,M,34,6079,1,DIRECT_QUOTE,6079,1,,,insurer_premiums_2026-08.xlsx#kb!D70,2026-08-17
KB,표준형,1,M,35,6141,1,DIRECT_QUOTE,6141,1,,,insurer_premiums_2026-08.xlsx#kb!D72,2026-08-17
KB,표준형,1,M,36,6231,1,DIRECT_QUOTE,6231,1,,,insurer_premiums_2026-08.xlsx#kb!D74,2026-08-17
KB,표준형,1,M,37,6273,1,DIRECT_QUOTE,6273,1,,,insurer_premiums_2026-08.xlsx#kb!D76,2026-08-17
KB,표준형,1,M,38,6336,1,DIRECT_QUOTE,6336,1,,,insurer_premiums_2026-08.xlsx#kb!D78,2026-08-17
KB,표준형,1,M,39,6378,1,DIRECT_QUOTE,6378,1,,,insurer_premiums_2026-08.xlsx#kb!D80,2026-08-17
KB,표준형,1,M,40,6434,1,DIRECT_QUOTE,6434,1,,,insurer_premiums_2026-08.xlsx#kb!D82,2026-08-17
KB,표준형,1,M,41,6579,1,DIRECT_QUOTE,6579,1,,,insurer_premiums_2026-08.xlsx#kb!D84,2026-08-17
KB,표준형,1,M,42,6738,1,DIRECT_QUOTE,6738,1,,,insurer_premiums_2026-08.xlsx#kb!D86,2026-08-17
KB,표준형,1,M,43,6864,1,DIRECT_QUOTE,6864,1,,,insurer_premiums_2026-08.xlsx#kb!D88,2026-08-17
KB,표준형,1,M,44,7024,1,DIRECT_QUOTE,7024,1,,,insurer_premiums_2026-08.xlsx#kb!D90,2026-08-17
KB,표준형,1,M,45,7184,1,DIRECT_QUOTE,7184,1,,,insurer_premiums_2026-08.xlsx#kb!D92,2026-08-17
KB,표준형,1,M,46,7345,1,DIRECT_QUOTE,7345,1,,,insurer_premiums_2026-08.xlsx#kb!D94,2026-08-17
KB,표준형,1,M,47,7587,1,DIRECT_QUOTE,7587,1,,,insurer_premiums_2026-08.xlsx#kb!D96,2026-08-17
KB,표준형,1,M,48,7830,1,DIRECT_QUOTE,7830,1,,,insurer_premiums_2026-08.xlsx#kb!D98,2026-08-17
KB,표준형,1,M,49,8106,1,DIRECT_QUOTE,8106,1,,,insurer_premiums_2026-08.xlsx#kb!D100,2026-08-17
KB,표준형,1,M,50,8349,1,DIRECT_QUOTE,8349,1,,,insurer_premiums_2026-08.xlsx#kb!D102,2026-08-17
KB,표준형,1,M,51,8586,1,DIRECT_QUOTE,8586,1,,,insurer_premiums_2026-08.xlsx#kb!D104,2026-08-17
KB,표준형,1,M,52,8973,1,DIRECT_QUOTE,8973,1,,,insurer_premiums_2026-08.xlsx#kb!D106,2026-08-17
KB,표준형,1,M,53,9354,1,DIRECT_QUOTE,9354,1,,,insurer_premiums_2026-08.xlsx#kb!D108,2026-08-17
KB,표준형,1,M,54,9693,1,DIRECT_QUOTE,9693,1,,,insurer_premiums_2026-08.xlsx#kb!D110,2026-08-17
KB,표준형,1,M,55,10095,1,DIRECT_QUOTE,10095,1,,,insurer_premiums_2026-08.xlsx#kb!D112,2026-08-17
KB,표준형,1,M,56,10441,1,DIRECT_QUOTE,10441,1,,,insurer_premiums_2026-08.xlsx#kb!D114,2026-08-17
KB,표준형,1,M,57,10936,1,DIRECT_QUOTE,10936,1,,,insurer_premiums_2026-08.xlsx#kb!D116,2026-08-17
KB,표준형,1,M,58,11451,1,DIRECT_QUOTE,11451,1,,,insurer_premiums_2026-08.xlsx#kb!D118,2026-08-17
KB,표준형,1,M,59,11953,1,DIRECT_QUOTE,11953,1,,,insurer_premiums_2026-08.xlsx#kb!D120,2026-08-17
KB,표준형,1,M,60,12455,1,DIRECT_QUOTE,12455,1,,,insurer_premiums_2026-08.xlsx#kb!D122,2026-08-17
KB,표준형,1,M,61,12964,1,DIRECT_QUOTE,12964,1,,,insurer_premiums_2026-08.xlsx#kb!D124,2026-08-17
KB,표준형,1,M,62,13489,1,DIRECT_QUOTE,13489,1,,,insurer_premiums_2026-08.xlsx#kb!D126,2026-08-17
KB,표준형,1,M,63,13995,1,DIRECT_QUOTE,13995,1,,,insurer_premiums_2026-08.xlsx#kb!D128,2026-08-17
KB,표준형,1,M,64,14530,1,DIRECT_QUOTE,14530,1,,,insurer_premiums_2026-08.xlsx#kb!D130,2026-08-17
KB,표준형,1,M,65,15059,1,DIRECT_QUOTE,15059,1,,,insurer_premiums_2026-08.xlsx#kb!D132,2026-08-17
KB,표준형,1,M,66,15582,1,DIRECT_QUOTE,15582,1,,,insurer_premiums_2026-08.xlsx#kb!D134,2026-08-17
KB,표준형,1,M,67,15967,1,DIRECT_QUOTE,15967,1,,,insurer_premiums_2026-08.xlsx#kb!D136,2026-08-17
KB,표준형,1,M,68,16378,1,DIRECT_QUOTE,16378,1,,,insurer_premiums_2026-08.xlsx#kb!D138,2026-08-17
KB,표준형,1,M,69,16795,1,DIRECT_QUOTE,16795,1,,,insurer_premiums_2026-08.xlsx#kb!D140,2026-08-17
KB,표준형,1,M,70,17176,1,DIRECT_QUOTE,17176,1,,,insurer_premiums_2026-08.xlsx#kb!D142,2026-08-17
KB,표준형,1,M,71,17597,1,DIRECT_QUOTE,17597,1,,,insurer_premiums_2026-08.xlsx#kb!D144,2026-08-17
KB,표준형,1,M,72,17996,1,DIRECT_QUOTE,17996,1,,,insurer_premiums_2026-08.xlsx#kb!D146,2026-08-17
KB,표준형,1,M,73,18436,1,DIRECT_QUOTE,18436,1,,,insurer_premiums_2026-08.xlsx#kb!D148,2026-08-17
KB,표준형,1,M,74,18814,1,DIRECT_QUOTE,18814,1,,,insurer_premiums_2026-08.xlsx#kb!D150,2026-08-17
KB,표준형,1,M,75,19254,1,DIRECT_QUOTE,19254,1,,,insurer_premiums_2026-08.xlsx#kb!D152,2026-08-17
KB,표준형,1,M,76,19646,1,DIRECT_QUOTE,19646,1,,,insurer_premiums_2026-08.xlsx#kb!D154,2026-08-17
KB,표준형,1,M,77,20072,1,DIRECT_QUOTE,20072,1,,,insurer_premiums_2026-08.xlsx#kb!D156,2026-08-17
KB,표준형,1,M,78,20450,1,DIRECT_QUOTE,20450,1,,,insurer_premiums_2026-08.xlsx#kb!D158,2026-08-17
KB,표준형,1,M,79,20841,1,DIRECT_QUOTE,20841,1,,,insurer_premiums_2026-08.xlsx#kb!D160,2026-08-17
KB,표준형,1,M,80,20928,1,DIRECT_QUOTE,20928,1,,,insurer_premiums_2026-08.xlsx#kb!D162,2026-08-17
MERITZ,보장이큰플랜,2,F,19,5510,1,DIRECT_QUOTE,5510,1,,,insurer_premiums_2026-08.xlsx#메리츠!E41,2026-08-17
MERITZ,보장이큰플랜,2,F,20,5580,1,DIRECT_QUOTE,5580,1,,,insurer_premiums_2026-08.xlsx#메리츠!E43,2026-08-17
MERITZ,보장이큰플랜,2,F,21,5690,1,DIRECT_QUOTE,5690,1,,,insurer_premiums_2026-08.xlsx#메리츠!E45,2026-08-17
MERITZ,보장이큰플랜,2,F,22,5750,1,DIRECT_QUOTE,5750,1,,,insurer_premiums_2026-08.xlsx#메리츠!E47,2026-08-17
MERITZ,보장이큰플랜,2,F,23,5800,1,DIRECT_QUOTE,5800,1,,,insurer_premiums_2026-08.xlsx#메리츠!E49,2026-08-17
MERITZ,보장이큰플랜,2,F,24,5850,1,DIRECT_QUOTE,5850,1,,,insurer_premiums_2026-08.xlsx#메리츠!E51,2026-08-17
MERITZ,보장이큰플랜,2,F,25,5880,1,DIRECT_QUOTE,5880,1,,,insurer_premiums_2026-08.xlsx#메리츠!E53,2026-08-17
MERITZ,보장이큰플랜,2,F,26,5930,1,DIRECT_QUOTE,5930,1,,,insurer_premiums_2026-08.xlsx#메리츠!E55,2026-08-17
MERITZ,보장이큰플랜,2,F,27,5940,1,DIRECT_QUOTE,5940,1,,,insurer_premiums_2026-08.xlsx#메리츠!E57,2026-08-17
MERITZ,보장이큰플랜,2,F,28,5910,1,DIRECT_QUOTE,5910,1,,,insurer_premiums_2026-08.xlsx#메리츠!E59,2026-08-17
MERITZ,보장이큰플랜,2,F,29,5890,1,DIRECT_QUOTE,5890,1,,,insurer_premiums_2026-08.xlsx#메리츠!E61,2026-08-17
MERITZ,보장이큰플랜,2,F,30,5830,1,DIRECT_QUOTE,5830,1,,,insurer_premiums_2026-08.xlsx#메리츠!E63,2026-08-17
MERITZ,보장이큰플랜,2,F,31,5820,1,DIRECT_QUOTE,5820,1,,,insurer_premiums_2026-08.xlsx#메리츠!E65,2026-08-17
MERITZ,보장이큰플랜,2,F,32,5940,1,DIRECT_QUOTE,5940,1,,,insurer_premiums_2026-08.xlsx#메리츠!E67,2026-08-17
MERITZ,보장이큰플랜,2,F,33,6020,1,DIRECT_QUOTE,6020,1,,,insurer_premiums_2026-08.xlsx#메리츠!E69,2026-08-17
MERITZ,보장이큰플랜,2,F,34,6140,1,DIRECT_QUOTE,6140,1,,,insurer_premiums_2026-08.xlsx#메리츠!E71,2026-08-17
MERITZ,보장이큰플랜,2,F,35,6230,1,DIRECT_QUOTE,6230,1,,,insurer_premiums_2026-08.xlsx#메리츠!E73,2026-08-17
MERITZ,보장이큰플랜,2,F,36,6360,1,DIRECT_QUOTE,6360,1,,,insurer_premiums_2026-08.xlsx#메리츠!E75,2026-08-17
MERITZ,보장이큰플랜,2,F,37,6550,1,DIRECT_QUOTE,6550,1,,,insurer_premiums_2026-08.xlsx#메리츠!E77,2026-08-17
MERITZ,보장이큰플랜,2,F,38,6780,1,DIRECT_QUOTE,6780,1,,,insurer_premiums_2026-08.xlsx#메리츠!E79,2026-08-17
MERITZ,보장이큰플랜,2,F,39,6990,1,DIRECT_QUOTE,6990,1,,,insurer_premiums_2026-08.xlsx#메리츠!E81,2026-08-17
MERITZ,보장이큰플랜,2,F,40,7190,1,DIRECT_QUOTE,7190,1,,,insurer_premiums_2026-08.xlsx#메리츠!E83,2026-08-17
MERITZ,보장이큰플랜,2,F,41,7370,1,DIRECT_QUOTE,7370,1,,,insurer_premiums_2026-08.xlsx#메리츠!E85,2026-08-17
MERITZ,보장이큰플랜,2,F,42,7610,1,DIRECT_QUOTE,7610,1,,,insurer_premiums_2026-08.xlsx#메리츠!E87,2026-08-17
MERITZ,보장이큰플랜,2,F,43,7800,1,DIRECT_QUOTE,7800,1,,,insurer_premiums_2026-08.xlsx#메리츠!E89,2026-08-17
MERITZ,보장이큰플랜,2,F,44,8000,1,DIRECT_QUOTE,8000,1,,,insurer_premiums_2026-08.xlsx#메리츠!E91,2026-08-17
MERITZ,보장이큰플랜,2,F,45,8250,1,DIRECT_QUOTE,8250,1,,,insurer_premiums_2026-08.xlsx#메리츠!E93,2026-08-17
MERITZ,보장이큰플랜,2,F,46,8400,1,DIRECT_QUOTE,8400,1,,,insurer_premiums_2026-08.xlsx#메리츠!E95,2026-08-17
MERITZ,보장이큰플랜,2,F,47,8680,1,DIRECT_QUOTE,8680,1,,,insurer_premiums_2026-08.xlsx#메리츠!E97,2026-08-17
MERITZ,보장이큰플랜,2,F,48,8970,1,DIRECT_QUOTE,8970,1,,,insurer_premiums_2026-08.xlsx#메리츠!E99,2026-08-17
MERITZ,보장이큰플랜,2,F,49,9250,1,DIRECT_QUOTE,9250,1,,,insurer_premiums_2026-08.xlsx#메리츠!E101,2026-08-17
MERITZ,보장이큰플랜,2,F,50,9500,1,DIRECT_QUOTE,9500,1,,,insurer_premiums_2026-08.xlsx#메리츠!E103,2026-08-17
MERITZ,보장이큰플랜,2,F,51,9740,1,DIRECT_QUOTE,9740,1,,,insurer_premiums_2026-08.xlsx#메리츠!E105,2026-08-17
MERITZ,보장이큰플랜,2,F,52,10110,1,DIRECT_QUOTE,10110,1,,,insurer_premiums_2026-08.xlsx#메리츠!E107,2026-08-17
MERITZ,보장이큰플랜,2,F,53,10470,1,DIRECT_QUOTE,10470,1,,,insurer_premiums_2026-08.xlsx#메리츠!E109,2026-08-17
MERITZ,보장이큰플랜,2,F,54,10840,1,DIRECT_QUOTE,10840,1,,,insurer_premiums_2026-08.xlsx#메리츠!E111,2026-08-17
MERITZ,보장이큰플랜,2,F,55,11120,1,DIRECT_QUOTE,11120,1,,,insurer_premiums_2026-08.xlsx#메리츠!E113,2026-08-17
MERITZ,보장이큰플랜,2,F,56,11490,1,DIRECT_QUOTE,11490,1,,,insurer_premiums_2026-08.xlsx#메리츠!E115,2026-08-17
MERITZ,보장이큰플랜,2,F,57,12110,1,DIRECT_QUOTE,12110,1,,,insurer_premiums_2026-08.xlsx#메리츠!E117,2026-08-17
MERITZ,보장이큰플랜,2,F,58,12740,1,DIRECT_QUOTE,12740,1,,,insurer_premiums_2026-08.xlsx#메리츠!E119,2026-08-17
MERITZ,보장이큰플랜,2,F,59,13320,1,DIRECT_QUOTE,13320,1,,,insurer_premiums_2026-08.xlsx#메리츠!E121,2026-08-17
MERITZ,보장이큰플랜,2,F,60,13950,1,DIRECT_QUOTE,13950,1,,,insurer_premiums_2026-08.xlsx#메리츠!E123,2026-08-17
MERITZ,보장이큰플랜,2,F,61,14600,1,DIRECT_QUOTE,14600,1,,,insurer_premiums_2026-08.xlsx#메리츠!E125,2026-08-17
MERITZ,보장이큰플랜,2,F,62,15340,1,DIRECT_QUOTE,15340,1,,,insurer_premiums_2026-08.xlsx#메리츠!E127,2026-08-17
MERITZ,보장이큰플랜,2,F,63,16170,1,DIRECT_QUOTE,16170,1,,,insurer_premiums_2026-08.xlsx#메리츠!E129,2026-08-17
MERITZ,보장이큰플랜,2,F,64,17050,1,DIRECT_QUOTE,17050,1,,,insurer_premiums_2026-08.xlsx#메리츠!E131,2026-08-17
MERITZ,보장이큰플랜,2,F,65,17880,1,DIRECT_QUOTE,17880,1,,,insurer_premiums_2026-08.xlsx#메리츠!E133,2026-08-17
MERITZ,보장이큰플랜,2,F,66,18720,1,DIRECT_QUOTE,18720,1,,,insurer_premiums_2026-08.xlsx#메리츠!E135,2026-08-17
MERITZ,보장이큰플랜,2,F,67,19250,1,DIRECT_QUOTE,19250,1,,,insurer_premiums_2026-08.xlsx#메리츠!E137,2026-08-17
MERITZ,보장이큰플랜,2,F,68,19860,1,DIRECT_QUOTE,19860,1,,,insurer_premiums_2026-08.xlsx#메리츠!E139,2026-08-17
MERITZ,보장이큰플랜,2,F,69,20410,1,DIRECT_QUOTE,20410,1,,,insurer_premiums_2026-08.xlsx#메리츠!E141,2026-08-17
MERITZ,보장이큰플랜,2,F,70,20970,1,DIRECT_QUOTE,20970,1,,,insurer_premiums_2026-08.xlsx#메리츠!E143,2026-08-17
MERITZ,보장이큰플랜,2,F,71,21550,1,DIRECT_QUOTE,21550,1,,,insurer_premiums_2026-08.xlsx#메리츠!E145,2026-08-17
MERITZ,보장이큰플랜,2,F,72,22400,1,DIRECT_QUOTE,22400,1,,,insurer_premiums_2026-08.xlsx#메리츠!E147,2026-08-17
MERITZ,보장이큰플랜,2,F,73,23190,1,DIRECT_QUOTE,23190,1,,,insurer_premiums_2026-08.xlsx#메리츠!E149,2026-08-17
MERITZ,보장이큰플랜,2,F,74,24030,1,DIRECT_QUOTE,24030,1,,,insurer_premiums_2026-08.xlsx#메리츠!E151,2026-08-17
MERITZ,보장이큰플랜,2,F,75,24870,1,DIRECT_QUOTE,24870,1,,,insurer_premiums_2026-08.xlsx#메리츠!E153,2026-08-17
MERITZ,보장이큰플랜,2,F,76,25730,1,DIRECT_QUOTE,25730,1,,,insurer_premiums_2026-08.xlsx#메리츠!E155,2026-08-17
MERITZ,보장이큰플랜,2,F,77,26160,1,DIRECT_QUOTE,26160,1,,,insurer_premiums_2026-08.xlsx#메리츠!E157,2026-08-17
MERITZ,보장이큰플랜,2,F,78,26580,1,DIRECT_QUOTE,26580,1,,,insurer_premiums_2026-08.xlsx#메리츠!E159,2026-08-17
MERITZ,보장이큰플랜,2,F,79,27030,1,DIRECT_QUOTE,27030,1,,,insurer_premiums_2026-08.xlsx#메리츠!E161,2026-08-17
MERITZ,보장이큰플랜,2,M,19,5990,1,DIRECT_QUOTE,5990,1,,,insurer_premiums_2026-08.xlsx#메리츠!E40,2026-08-17
MERITZ,보장이큰플랜,2,M,20,5980,1,DIRECT_QUOTE,5980,1,,,insurer_premiums_2026-08.xlsx#메리츠!E42,2026-08-17
MERITZ,보장이큰플랜,2,M,21,5970,1,DIRECT_QUOTE,5970,1,,,insurer_premiums_2026-08.xlsx#메리츠!E44,2026-08-17
MERITZ,보장이큰플랜,2,M,22,5970,1,DIRECT_QUOTE,5970,1,,,insurer_premiums_2026-08.xlsx#메리츠!E46,2026-08-17
MERITZ,보장이큰플랜,2,M,23,6010,1,DIRECT_QUOTE,6010,1,,,insurer_premiums_2026-08.xlsx#메리츠!E48,2026-08-17
MERITZ,보장이큰플랜,2,M,24,6000,1,DIRECT_QUOTE,6000,1,,,insurer_premiums_2026-08.xlsx#메리츠!E50,2026-08-17
MERITZ,보장이큰플랜,2,M,25,6050,1,DIRECT_QUOTE,6050,1,,,insurer_premiums_2026-08.xlsx#메리츠!E52,2026-08-17
MERITZ,보장이큰플랜,2,M,26,6060,1,DIRECT_QUOTE,6060,1,,,insurer_premiums_2026-08.xlsx#메리츠!E54,2026-08-17
MERITZ,보장이큰플랜,2,M,27,6090,1,DIRECT_QUOTE,6090,1,,,insurer_premiums_2026-08.xlsx#메리츠!E56,2026-08-17
MERITZ,보장이큰플랜,2,M,28,6130,1,DIRECT_QUOTE,6130,1,,,insurer_premiums_2026-08.xlsx#메리츠!E58,2026-08-17
MERITZ,보장이큰플랜,2,M,29,6160,1,DIRECT_QUOTE,6160,1,,,insurer_premiums_2026-08.xlsx#메리츠!E60,2026-08-17
MERITZ,보장이큰플랜,2,M,30,6190,1,DIRECT_QUOTE,6190,1,,,insurer_premiums_2026-08.xlsx#메리츠!E62,2026-08-17
MERITZ,보장이큰플랜,2,M,31,6220,1,DIRECT_QUOTE,6220,1,,,insurer_premiums_2026-08.xlsx#메리츠!E64,2026-08-17
MERITZ,보장이큰플랜,2,M,32,6300,1,DIRECT_QUOTE,6300,1,,,insurer_premiums_2026-08.xlsx#메리츠!E66,2026-08-17
MERITZ,보장이큰플랜,2,M,33,6380,1,DIRECT_QUOTE,6380,1,,,insurer_premiums_2026-08.xlsx#메리츠!E68,2026-08-17
MERITZ,보장이큰플랜,2,M,34,6490,1,DIRECT_QUOTE,6490,1,,,insurer_premiums_2026-08.xlsx#메리츠!E70,2026-08-17
MERITZ,보장이큰플랜,2,M,35,6600,1,DIRECT_QUOTE,6600,1,,,insurer_premiums_2026-08.xlsx#메리츠!E72,2026-08-17
MERITZ,보장이큰플랜,2,M,36,6650,1,DIRECT_QUOTE,6650,1,,,insurer_premiums_2026-08.xlsx#메리츠!E74,2026-08-17
MERITZ,보장이큰플랜,2,M,37,6840,1,DIRECT_QUOTE,6840,1,,,insurer_premiums_2026-08.xlsx#메리츠!E76,2026-08-17
MERITZ,보장이큰플랜,2,M,38,6970,1,DIRECT_QUOTE,6970,1,,,insurer_premiums_2026-08.xlsx#메리츠!E78,2026-08-17
MERITZ,보장이큰플랜,2,M,39,7120,1,DIRECT_QUOTE,7120,1,,,insurer_premiums_2026-08.xlsx#메리츠!E80,2026-08-17
MERITZ,보장이큰플랜,2,M,40,7250,1,DIRECT_QUOTE,7250,1,,,insurer_premiums_2026-08.xlsx#메리츠!E82,2026-08-17
MERITZ,보장이큰플랜,2,M,41,7360,1,DIRECT_QUOTE,7360,1,,,insurer_premiums_2026-08.xlsx#메리츠!E84,2026-08-17
MERITZ,보장이큰플랜,2,M,42,7610,1,DIRECT_QUOTE,7610,1,,,insurer_premiums_2026-08.xlsx#메리츠!E86,2026-08-17
MERITZ,보장이큰플랜,2,M,43,7790,1,DIRECT_QUOTE,7790,1,,,insurer_premiums_2026-08.xlsx#메리츠!E88,2026-08-17
MERITZ,보장이큰플랜,2,M,44,8020,1,DIRECT_QUOTE,8020,1,,,insurer_premiums_2026-08.xlsx#메리츠!E90,2026-08-17
MERITZ,보장이큰플랜,2,M,45,8210,1,DIRECT_QUOTE,8210,1,,,insurer_premiums_2026-08.xlsx#메리츠!E92,2026-08-17
MERITZ,보장이큰플랜,2,M,46,8420,1,DIRECT_QUOTE,8420,1,,,insurer_premiums_2026-08.xlsx#메리츠!E94,2026-08-17
MERITZ,보장이큰플랜,2,M,47,8750,1,DIRECT_QUOTE,8750,1,,,insurer_premiums_2026-08.xlsx#메리츠!E96,2026-08-17
MERITZ,보장이큰플랜,2,M,48,9090,1,DIRECT_QUOTE,9090,1,,,insurer_premiums_2026-08.xlsx#메리츠!E98,2026-08-17
MERITZ,보장이큰플랜,2,M,49,9350,1,DIRECT_QUOTE,9350,1,,,insurer_premiums_2026-08.xlsx#메리츠!E100,2026-08-17
MERITZ,보장이큰플랜,2,M,50,9690,1,DIRECT_QUOTE,9690,1,,,insurer_premiums_2026-08.xlsx#메리츠!E102,2026-08-17
MERITZ,보장이큰플랜,2,M,51,10020,1,DIRECT_QUOTE,10020,1,,,insurer_premiums_2026-08.xlsx#메리츠!E104,2026-08-17
MERITZ,보장이큰플랜,2,M,52,10530,1,DIRECT_QUOTE,10530,1,,,insurer_premiums_2026-08.xlsx#메리츠!E106,2026-08-17
MERITZ,보장이큰플랜,2,M,53,11010,1,DIRECT_QUOTE,11010,1,,,insurer_premiums_2026-08.xlsx#메리츠!E108,2026-08-17
MERITZ,보장이큰플랜,2,M,54,11530,1,DIRECT_QUOTE,11530,1,,,insurer_premiums_2026-08.xlsx#메리츠!E110,2026-08-17
MERITZ,보장이큰플랜,2,M,55,12020,1,DIRECT_QUOTE,12020,1,,,insurer_premiums_2026-08.xlsx#메리츠!E112,2026-08-17
MERITZ,보장이큰플랜,2,M,56,12490,1,DIRECT_QUOTE,12490,1,,,insurer_premiums_2026-08.xlsx#메리츠!E114,2026-08-17
MERITZ,보장이큰플랜,2,M,57,13150,1,DIRECT_QUOTE,13150,1,,,insurer_premiums_2026-08.xlsx#메리츠!E116,2026-08-17
MERITZ,보장이큰플랜,2,M,58,13820,1,DIRECT_QUOTE,13820,1,,,insurer_premiums_2026-08.xlsx#메리츠!E118,2026-08-17
MERITZ,보장이큰플랜,2,M,59,14460,1,DIRECT_QUOTE,14460,1,,,insurer_premiums_2026-08.xlsx#메리츠!E120,2026-08-17
MERITZ,보장이큰플랜,2,M,60,15120,1,DIRECT_QUOTE,15120,1,,,insurer_premiums_2026-08.xlsx#메리츠!E122,2026-08-17
MERITZ,보장이큰플랜,2,M,61,15760,1,DIRECT_QUOTE,15760,1,,,insurer_premiums_2026-08.xlsx#메리츠!E124,2026-08-17
MERITZ,보장이큰플랜,2,M,62,16470,1,DIRECT_QUOTE,16470,1,,,insurer_premiums_2026-08.xlsx#메리츠!E126,2026-08-17
MERITZ,보장이큰플랜,2,M,63,17190,1,DIRECT_QUOTE,17190,1,,,insurer_premiums_2026-08.xlsx#메리츠!E128,2026-08-17
MERITZ,보장이큰플랜,2,M,64,17930,1,DIRECT_QUOTE,17930,1,,,insurer_premiums_2026-08.xlsx#메리츠!E130,2026-08-17
MERITZ,보장이큰플랜,2,M,65,18620,1,DIRECT_QUOTE,18620,1,,,insurer_premiums_2026-08.xlsx#메리츠!E132,2026-08-17
MERITZ,보장이큰플랜,2,M,66,19320,1,DIRECT_QUOTE,19320,1,,,insurer_premiums_2026-08.xlsx#메리츠!E134,2026-08-17
MERITZ,보장이큰플랜,2,M,67,19870,1,DIRECT_QUOTE,19870,1,,,insurer_premiums_2026-08.xlsx#메리츠!E136,2026-08-17
MERITZ,보장이큰플랜,2,M,68,20400,1,DIRECT_QUOTE,20400,1,,,insurer_premiums_2026-08.xlsx#메리츠!E138,2026-08-17
MERITZ,보장이큰플랜,2,M,69,20930,1,DIRECT_QUOTE,20930,1,,,insurer_premiums_2026-08.xlsx#메리츠!E140,2026-08-17
MERITZ,보장이큰플랜,2,M,70,21420,1,DIRECT_QUOTE,21420,1,,,insurer_premiums_2026-08.xlsx#메리츠!E142,2026-08-17
MERITZ,보장이큰플랜,2,M,71,21940,1,DIRECT_QUOTE,21940,1,,,insurer_premiums_2026-08.xlsx#메리츠!E144,2026-08-17
MERITZ,보장이큰플랜,2,M,72,22490,1,DIRECT_QUOTE,22490,1,,,insurer_premiums_2026-08.xlsx#메리츠!E146,2026-08-17
MERITZ,보장이큰플랜,2,M,73,23030,1,DIRECT_QUOTE,23030,1,,,insurer_premiums_2026-08.xlsx#메리츠!E148,2026-08-17
MERITZ,보장이큰플랜,2,M,74,23460,1,DIRECT_QUOTE,23460,1,,,insurer_premiums_2026-08.xlsx#메리츠!E150,2026-08-17
MERITZ,보장이큰플랜,2,M,75,23970,1,DIRECT_QUOTE,23970,1,,,insurer_premiums_2026-08.xlsx#메리츠!E152,2026-08-17
MERITZ,보장이큰플랜,2,M,76,24480,1,DIRECT_QUOTE,24480,1,,,insurer_premiums_2026-08.xlsx#메리츠!E154,2026-08-17
MERITZ,보장이큰플랜,2,M,77,24930,1,DIRECT_QUOTE,24930,1,,,insurer_premiums_2026-08.xlsx#메리츠!E156,2026-08-17
MERITZ,보장이큰플랜,2,M,78,25440,1,DIRECT_QUOTE,25440,1,,,insurer_premiums_2026-08.xlsx#메리츠!E158,2026-08-17
MERITZ,보장이큰플랜,2,M,79,25930,1,DIRECT_QUOTE,25930,1,,,insurer_premiums_2026-08.xlsx#메리츠!E160,2026-08-17
MERITZ,실속플랜,0,F,19,3210,1,DIRECT_QUOTE,3210,1,,,insurer_premiums_2026-08.xlsx#메리츠!C41,2026-08-17
MERITZ,실속플랜,0,F,20,3260,1,DIRECT_QUOTE,3260,1,,,insurer_premiums_2026-08.xlsx#메리츠!C43,2026-08-17
MERITZ,실속플랜,0,F,21,3340,1,DIRECT_QUOTE,3340,1,,,insurer_premiums_2026-08.xlsx#메리츠!C45,2026-08-17
MERITZ,실속플랜,0,F,22,3380,1,DIRECT_QUOTE,3380,1,,,insurer_premiums_2026-08.xlsx#메리츠!C47,2026-08-17
MERITZ,실속플랜,0,F,23,3420,1,DIRECT_QUOTE,3420,1,,,insurer_premiums_2026-08.xlsx#메리츠!C49,2026-08-17
MERITZ,실속플랜,0,F,24,3460,1,DIRECT_QUOTE,3460,1,,,insurer_premiums_2026-08.xlsx#메리츠!C51,2026-08-17
MERITZ,실속플랜,0,F,25,3480,1,DIRECT_QUOTE,3480,1,,,insurer_premiums_2026-08.xlsx#메리츠!C53,2026-08-17
MERITZ,실속플랜,0,F,26,3520,1,DIRECT_QUOTE,3520,1,,,insurer_premiums_2026-08.xlsx#메리츠!C55,2026-08-17
MERITZ,실속플랜,0,F,27,3520,1,DIRECT_QUOTE,3520,1,,,insurer_premiums_2026-08.xlsx#메리츠!C57,2026-08-17
MERITZ,실속플랜,0,F,28,3500,1,DIRECT_QUOTE,3500,1,,,insurer_premiums_2026-08.xlsx#메리츠!C59,2026-08-17
MERITZ,실속플랜,0,F,29,3480,1,DIRECT_QUOTE,3480,1,,,insurer_premiums_2026-08.xlsx#메리츠!C61,2026-08-17
MERITZ,실속플랜,0,F,30,3440,1,DIRECT_QUOTE,3440,1,,,insurer_premiums_2026-08.xlsx#메리츠!C63,2026-08-17
MERITZ,실속플랜,0,F,31,3440,1,DIRECT_QUOTE,3440,1,,,insurer_premiums_2026-08.xlsx#메리츠!C65,2026-08-17
MERITZ,실속플랜,0,F,32,3530,1,DIRECT_QUOTE,3530,1,,,insurer_premiums_2026-08.xlsx#메리츠!C67,2026-08-17
MERITZ,실속플랜,0,F,33,3580,1,DIRECT_QUOTE,3580,1,,,insurer_premiums_2026-08.xlsx#메리츠!C69,2026-08-17
MERITZ,실속플랜,0,F,34,3660,1,DIRECT_QUOTE,3660,1,,,insurer_premiums_2026-08.xlsx#메리츠!C71,2026-08-17
MERITZ,실속플랜,0,F,35,3730,1,DIRECT_QUOTE,3730,1,,,insurer_premiums_2026-08.xlsx#메리츠!C73,2026-08-17
MERITZ,실속플랜,0,F,36,3830,1,DIRECT_QUOTE,3830,1,,,insurer_premiums_2026-08.xlsx#메리츠!C75,2026-08-17
MERITZ,실속플랜,0,F,37,3960,1,DIRECT_QUOTE,3960,1,,,insurer_premiums_2026-08.xlsx#메리츠!C77,2026-08-17
MERITZ,실속플랜,0,F,38,4130,1,DIRECT_QUOTE,4130,1,,,insurer_premiums_2026-08.xlsx#메리츠!C79,2026-08-17
MERITZ,실속플랜,0,F,39,4270,1,DIRECT_QUOTE,4270,1,,,insurer_premiums_2026-08.xlsx#메리츠!C81,2026-08-17
MERITZ,실속플랜,0,F,40,4420,1,DIRECT_QUOTE,4420,1,,,insurer_premiums_2026-08.xlsx#메리츠!C83,2026-08-17
MERITZ,실속플랜,0,F,41,4550,1,DIRECT_QUOTE,4550,1,,,insurer_premiums_2026-08.xlsx#메리츠!C85,2026-08-17
MERITZ,실속플랜,0,F,42,4720,1,DIRECT_QUOTE,4720,1,,,insurer_premiums_2026-08.xlsx#메리츠!C87,2026-08-17
MERITZ,실속플랜,0,F,43,4860,1,DIRECT_QUOTE,4860,1,,,insurer_premiums_2026-08.xlsx#메리츠!C89,2026-08-17
MERITZ,실속플랜,0,F,44,5000,1,DIRECT_QUOTE,5000,1,,,insurer_premiums_2026-08.xlsx#메리츠!C91,2026-08-17
MERITZ,실속플랜,0,F,45,5180,1,DIRECT_QUOTE,5180,1,,,insurer_premiums_2026-08.xlsx#메리츠!C93,2026-08-17
MERITZ,실속플랜,0,F,46,5290,1,DIRECT_QUOTE,5290,1,,,insurer_premiums_2026-08.xlsx#메리츠!C95,2026-08-17
MERITZ,실속플랜,0,F,47,5490,1,DIRECT_QUOTE,5490,1,,,insurer_premiums_2026-08.xlsx#메리츠!C97,2026-08-17
MERITZ,실속플랜,0,F,48,5700,1,DIRECT_QUOTE,5700,1,,,insurer_premiums_2026-08.xlsx#메리츠!C99,2026-08-17
MERITZ,실속플랜,0,F,49,5900,1,DIRECT_QUOTE,5900,1,,,insurer_premiums_2026-08.xlsx#메리츠!C101,2026-08-17
MERITZ,실속플랜,0,F,50,6080,1,DIRECT_QUOTE,6080,1,,,insurer_premiums_2026-08.xlsx#메리츠!C103,2026-08-17
MERITZ,실속플랜,0,F,51,6260,1,DIRECT_QUOTE,6260,1,,,insurer_premiums_2026-08.xlsx#메리츠!C105,2026-08-17
MERITZ,실속플랜,0,F,52,6510,1,DIRECT_QUOTE,6510,1,,,insurer_premiums_2026-08.xlsx#메리츠!C107,2026-08-17
MERITZ,실속플랜,0,F,53,6770,1,DIRECT_QUOTE,6770,1,,,insurer_premiums_2026-08.xlsx#메리츠!C109,2026-08-17
MERITZ,실속플랜,0,F,54,7020,1,DIRECT_QUOTE,7020,1,,,insurer_premiums_2026-08.xlsx#메리츠!C111,2026-08-17
MERITZ,실속플랜,0,F,55,7210,1,DIRECT_QUOTE,7210,1,,,insurer_premiums_2026-08.xlsx#메리츠!C113,2026-08-17
MERITZ,실속플랜,0,F,56,7470,1,DIRECT_QUOTE,7470,1,,,insurer_premiums_2026-08.xlsx#메리츠!C115,2026-08-17
MERITZ,실속플랜,0,F,57,7900,1,DIRECT_QUOTE,7900,1,,,insurer_premiums_2026-08.xlsx#메리츠!C117,2026-08-17
MERITZ,실속플랜,0,F,58,8330,1,DIRECT_QUOTE,8330,1,,,insurer_premiums_2026-08.xlsx#메리츠!C119,2026-08-17
MERITZ,실속플랜,0,F,59,8730,1,DIRECT_QUOTE,8730,1,,,insurer_premiums_2026-08.xlsx#메리츠!C121,2026-08-17
MERITZ,실속플랜,0,F,60,9170,1,DIRECT_QUOTE,9170,1,,,insurer_premiums_2026-08.xlsx#메리츠!C123,2026-08-17
MERITZ,실속플랜,0,F,61,9610,1,DIRECT_QUOTE,9610,1,,,insurer_premiums_2026-08.xlsx#메리츠!C125,2026-08-17
MERITZ,실속플랜,0,F,62,10120,1,DIRECT_QUOTE,10120,1,,,insurer_premiums_2026-08.xlsx#메리츠!C127,2026-08-17
MERITZ,실속플랜,0,F,63,10680,1,DIRECT_QUOTE,10680,1,,,insurer_premiums_2026-08.xlsx#메리츠!C129,2026-08-17
MERITZ,실속플랜,0,F,64,11240,1,DIRECT_QUOTE,11240,1,,,insurer_premiums_2026-08.xlsx#메리츠!C131,2026-08-17
MERITZ,실속플랜,0,F,65,11780,1,DIRECT_QUOTE,11780,1,,,insurer_premiums_2026-08.xlsx#메리츠!C133,2026-08-17
MERITZ,실속플랜,0,F,66,12360,1,DIRECT_QUOTE,12360,1,,,insurer_premiums_2026-08.xlsx#메리츠!C135,2026-08-17
MERITZ,실속플랜,0,F,67,12720,1,DIRECT_QUOTE,12720,1,,,insurer_premiums_2026-08.xlsx#메리츠!C137,2026-08-17
MERITZ,실속플랜,0,F,68,13130,1,DIRECT_QUOTE,13130,1,,,insurer_premiums_2026-08.xlsx#메리츠!C139,2026-08-17
MERITZ,실속플랜,0,F,69,13510,1,DIRECT_QUOTE,13510,1,,,insurer_premiums_2026-08.xlsx#메리츠!C141,2026-08-17
MERITZ,실속플랜,0,F,70,13880,1,DIRECT_QUOTE,13880,1,,,insurer_premiums_2026-08.xlsx#메리츠!C143,2026-08-17
MERITZ,실속플랜,0,F,71,14270,1,DIRECT_QUOTE,14270,1,,,insurer_premiums_2026-08.xlsx#메리츠!C145,2026-08-17
MERITZ,실속플랜,0,F,72,14880,1,DIRECT_QUOTE,14880,1,,,insurer_premiums_2026-08.xlsx#메리츠!C147,2026-08-17
MERITZ,실속플랜,0,F,73,15470,1,DIRECT_QUOTE,15470,1,,,insurer_premiums_2026-08.xlsx#메리츠!C149,2026-08-17
MERITZ,실속플랜,0,F,74,16080,1,DIRECT_QUOTE,16080,1,,,insurer_premiums_2026-08.xlsx#메리츠!C151,2026-08-17
MERITZ,실속플랜,0,F,75,16690,1,DIRECT_QUOTE,16690,1,,,insurer_premiums_2026-08.xlsx#메리츠!C153,2026-08-17
MERITZ,실속플랜,0,F,76,17330,1,DIRECT_QUOTE,17330,1,,,insurer_premiums_2026-08.xlsx#메리츠!C155,2026-08-17
MERITZ,실속플랜,0,F,77,17650,1,DIRECT_QUOTE,17650,1,,,insurer_premiums_2026-08.xlsx#메리츠!C157,2026-08-17
MERITZ,실속플랜,0,F,78,17960,1,DIRECT_QUOTE,17960,1,,,insurer_premiums_2026-08.xlsx#메리츠!C159,2026-08-17
MERITZ,실속플랜,0,F,79,18290,1,DIRECT_QUOTE,18290,1,,,insurer_premiums_2026-08.xlsx#메리츠!C161,2026-08-17
MERITZ,실속플랜,0,M,19,3540,1,DIRECT_QUOTE,3540,1,,,insurer_premiums_2026-08.xlsx#메리츠!C40,2026-08-17
MERITZ,실속플랜,0,M,20,3530,1,DIRECT_QUOTE,3530,1,,,insurer_premiums_2026-08.xlsx#메리츠!C42,2026-08-17
MERITZ,실속플랜,0,M,21,3520,1,DIRECT_QUOTE,3520,1,,,insurer_premiums_2026-08.xlsx#메리츠!C44,2026-08-17
MERITZ,실속플랜,0,M,22,3520,1,DIRECT_QUOTE,3520,1,,,insurer_premiums_2026-08.xlsx#메리츠!C46,2026-08-17
MERITZ,실속플랜,0,M,23,3560,1,DIRECT_QUOTE,3560,1,,,insurer_premiums_2026-08.xlsx#메리츠!C48,2026-08-17
MERITZ,실속플랜,0,M,24,3570,1,DIRECT_QUOTE,3570,1,,,insurer_premiums_2026-08.xlsx#메리츠!C50,2026-08-17
MERITZ,실속플랜,0,M,25,3600,1,DIRECT_QUOTE,3600,1,,,insurer_premiums_2026-08.xlsx#메리츠!C52,2026-08-17
MERITZ,실속플랜,0,M,26,3610,1,DIRECT_QUOTE,3610,1,,,insurer_premiums_2026-08.xlsx#메리츠!C54,2026-08-17
MERITZ,실속플랜,0,M,27,3640,1,DIRECT_QUOTE,3640,1,,,insurer_premiums_2026-08.xlsx#메리츠!C56,2026-08-17
MERITZ,실속플랜,0,M,28,3660,1,DIRECT_QUOTE,3660,1,,,insurer_premiums_2026-08.xlsx#메리츠!C58,2026-08-17
MERITZ,실속플랜,0,M,29,3680,1,DIRECT_QUOTE,3680,1,,,insurer_premiums_2026-08.xlsx#메리츠!C60,2026-08-17
MERITZ,실속플랜,0,M,30,3700,1,DIRECT_QUOTE,3700,1,,,insurer_premiums_2026-08.xlsx#메리츠!C62,2026-08-17
MERITZ,실속플랜,0,M,31,3730,1,DIRECT_QUOTE,3730,1,,,insurer_premiums_2026-08.xlsx#메리츠!C64,2026-08-17
MERITZ,실속플랜,0,M,32,3730,1,DIRECT_QUOTE,3730,1,,,insurer_premiums_2026-08.xlsx#메리츠!C66,2026-08-17
MERITZ,실속플랜,0,M,33,3840,1,DIRECT_QUOTE,3840,1,,,insurer_premiums_2026-08.xlsx#메리츠!C68,2026-08-17
MERITZ,실속플랜,0,M,34,3910,1,DIRECT_QUOTE,3910,1,,,insurer_premiums_2026-08.xlsx#메리츠!C70,2026-08-17
MERITZ,실속플랜,0,M,35,3980,1,DIRECT_QUOTE,3980,1,,,insurer_premiums_2026-08.xlsx#메리츠!C72,2026-08-17
MERITZ,실속플랜,0,M,36,4020,1,DIRECT_QUOTE,4020,1,,,insurer_premiums_2026-08.xlsx#메리츠!C74,2026-08-17
MERITZ,실속플랜,0,M,37,4150,1,DIRECT_QUOTE,4150,1,,,insurer_premiums_2026-08.xlsx#메리츠!C76,2026-08-17
MERITZ,실속플랜,0,M,38,4240,1,DIRECT_QUOTE,4240,1,,,insurer_premiums_2026-08.xlsx#메리츠!C78,2026-08-17
MERITZ,실속플랜,0,M,39,4340,1,DIRECT_QUOTE,4340,1,,,insurer_premiums_2026-08.xlsx#메리츠!C80,2026-08-17
MERITZ,실속플랜,0,M,40,4430,1,DIRECT_QUOTE,4430,1,,,insurer_premiums_2026-08.xlsx#메리츠!C82,2026-08-17
MERITZ,실속플랜,0,M,41,4500,1,DIRECT_QUOTE,4500,1,,,insurer_premiums_2026-08.xlsx#메리츠!C84,2026-08-17
MERITZ,실속플랜,0,M,42,4670,1,DIRECT_QUOTE,4670,1,,,insurer_premiums_2026-08.xlsx#메리츠!C86,2026-08-17
MERITZ,실속플랜,0,M,43,4800,1,DIRECT_QUOTE,4800,1,,,insurer_premiums_2026-08.xlsx#메리츠!C88,2026-08-17
MERITZ,실속플랜,0,M,44,4940,1,DIRECT_QUOTE,4940,1,,,insurer_premiums_2026-08.xlsx#메리츠!C90,2026-08-17
MERITZ,실속플랜,0,M,45,5080,1,DIRECT_QUOTE,5080,1,,,insurer_premiums_2026-08.xlsx#메리츠!C92,2026-08-17
MERITZ,실속플랜,0,M,46,5230,1,DIRECT_QUOTE,5230,1,,,insurer_premiums_2026-08.xlsx#메리츠!C94,2026-08-17
MERITZ,실속플랜,0,M,47,5450,1,DIRECT_QUOTE,5450,1,,,insurer_premiums_2026-08.xlsx#메리츠!C96,2026-08-17
MERITZ,실속플랜,0,M,48,5690,1,DIRECT_QUOTE,5690,1,,,insurer_premiums_2026-08.xlsx#메리츠!C98,2026-08-17
MERITZ,실속플랜,0,M,49,5860,1,DIRECT_QUOTE,5860,1,,,insurer_premiums_2026-08.xlsx#메리츠!C100,2026-08-17
MERITZ,실속플랜,0,M,50,6090,1,DIRECT_QUOTE,6090,1,,,insurer_premiums_2026-08.xlsx#메리츠!C102,2026-08-17
MERITZ,실속플랜,0,M,51,6320,1,DIRECT_QUOTE,6320,1,,,insurer_premiums_2026-08.xlsx#메리츠!C104,2026-08-17
MERITZ,실속플랜,0,M,52,6660,1,DIRECT_QUOTE,6660,1,,,insurer_premiums_2026-08.xlsx#메리츠!C106,2026-08-17
MERITZ,실속플랜,0,M,53,6980,1,DIRECT_QUOTE,6980,1,,,insurer_premiums_2026-08.xlsx#메리츠!C108,2026-08-17
MERITZ,실속플랜,0,M,54,7340,1,DIRECT_QUOTE,7340,1,,,insurer_premiums_2026-08.xlsx#메리츠!C110,2026-08-17
MERITZ,실속플랜,0,M,55,7670,1,DIRECT_QUOTE,7670,1,,,insurer_premiums_2026-08.xlsx#메리츠!C112,2026-08-17
MERITZ,실속플랜,0,M,56,7980,1,DIRECT_QUOTE,7980,1,,,insurer_premiums_2026-08.xlsx#메리츠!C114,2026-08-17
MERITZ,실속플랜,0,M,57,8430,1,DIRECT_QUOTE,8430,1,,,insurer_premiums_2026-08.xlsx#메리츠!C116,2026-08-17
MERITZ,실속플랜,0,M,58,8870,1,DIRECT_QUOTE,8870,1,,,insurer_premiums_2026-08.xlsx#메리츠!C118,2026-08-17
MERITZ,실속플랜,0,M,59,9330,1,DIRECT_QUOTE,9330,1,,,insurer_premiums_2026-08.xlsx#메리츠!C120,2026-08-17
MERITZ,실속플랜,0,M,60,9780,1,DIRECT_QUOTE,9780,1,,,insurer_premiums_2026-08.xlsx#메리츠!C122,2026-08-17
MERITZ,실속플랜,0,M,61,10220,1,DIRECT_QUOTE,10220,1,,,insurer_premiums_2026-08.xlsx#메리츠!C124,2026-08-17
MERITZ,실속플랜,0,M,62,10690,1,DIRECT_QUOTE,10690,1,,,insurer_premiums_2026-08.xlsx#메리츠!C126,2026-08-17
MERITZ,실속플랜,0,M,63,11160,1,DIRECT_QUOTE,11160,1,,,insurer_premiums_2026-08.xlsx#메리츠!C128,2026-08-17
MERITZ,실속플랜,0,M,64,11600,1,DIRECT_QUOTE,11600,1,,,insurer_premiums_2026-08.xlsx#메리츠!C130,2026-08-17
MERITZ,실속플랜,0,M,65,12070,1,DIRECT_QUOTE,12070,1,,,insurer_premiums_2026-08.xlsx#메리츠!C132,2026-08-17
MERITZ,실속플랜,0,M,66,12550,1,DIRECT_QUOTE,12550,1,,,insurer_premiums_2026-08.xlsx#메리츠!C134,2026-08-17
MERITZ,실속플랜,0,M,67,12910,1,DIRECT_QUOTE,12910,1,,,insurer_premiums_2026-08.xlsx#메리츠!C136,2026-08-17
MERITZ,실속플랜,0,M,68,13260,1,DIRECT_QUOTE,13260,1,,,insurer_premiums_2026-08.xlsx#메리츠!C138,2026-08-17
MERITZ,실속플랜,0,M,69,13650,1,DIRECT_QUOTE,13650,1,,,insurer_premiums_2026-08.xlsx#메리츠!C140,2026-08-17
MERITZ,실속플랜,0,M,70,13970,1,DIRECT_QUOTE,13970,1,,,insurer_premiums_2026-08.xlsx#메리츠!C142,2026-08-17
MERITZ,실속플랜,0,M,71,14300,1,DIRECT_QUOTE,14300,1,,,insurer_premiums_2026-08.xlsx#메리츠!C144,2026-08-17
MERITZ,실속플랜,0,M,72,14680,1,DIRECT_QUOTE,14680,1,,,insurer_premiums_2026-08.xlsx#메리츠!C146,2026-08-17
MERITZ,실속플랜,0,M,73,15050,1,DIRECT_QUOTE,15050,1,,,insurer_premiums_2026-08.xlsx#메리츠!C148,2026-08-17
MERITZ,실속플랜,0,M,74,15410,1,DIRECT_QUOTE,15410,1,,,insurer_premiums_2026-08.xlsx#메리츠!C150,2026-08-17
MERITZ,실속플랜,0,M,75,15770,1,DIRECT_QUOTE,15770,1,,,insurer_premiums_2026-08.xlsx#메리츠!C152,2026-08-17
MERITZ,실속플랜,0,M,76,16120,1,DIRECT_QUOTE,16120,1,,,insurer_premiums_2026-08.xlsx#메리츠!C154,2026-08-17
MERITZ,실속플랜,0,M,77,16430,1,DIRECT_QUOTE,16430,1,,,insurer_premiums_2026-08.xlsx#메리츠!C156,2026-08-17
MERITZ,실속플랜,0,M,78,16780,1,DIRECT_QUOTE,16780,1,,,insurer_premiums_2026-08.xlsx#메리츠!C158,2026-08-17
MERITZ,실속플랜,0,M,79,17120,1,DIRECT_QUOTE,17120,1,,,insurer_premiums_2026-08.xlsx#메리츠!C160,2026-08-17
MERITZ,추천플랜,1,F,19,4360,1,IMPUTED,,1,"ROUND((실속플랜 + 보장이큰플랜) / 2, 0)",두 직접 조회 플랜 사이의 산술평균으로 만든 중간값,"insurer_premiums_2026-08.xlsx#메리츠!C41,E41->D41",2026-08-17
MERITZ,추천플랜,1,F,20,4420,1,IMPUTED,,1,"ROUND((실속플랜 + 보장이큰플랜) / 2, 0)",두 직접 조회 플랜 사이의 산술평균으로 만든 중간값,"insurer_premiums_2026-08.xlsx#메리츠!C43,E43->D43",2026-08-17
MERITZ,추천플랜,1,F,21,4515,1,IMPUTED,,1,"ROUND((실속플랜 + 보장이큰플랜) / 2, 0)",두 직접 조회 플랜 사이의 산술평균으로 만든 중간값,"insurer_premiums_2026-08.xlsx#메리츠!C45,E45->D45",2026-08-17
MERITZ,추천플랜,1,F,22,4565,1,IMPUTED,,1,"ROUND((실속플랜 + 보장이큰플랜) / 2, 0)",두 직접 조회 플랜 사이의 산술평균으로 만든 중간값,"insurer_premiums_2026-08.xlsx#메리츠!C47,E47->D47",2026-08-17
MERITZ,추천플랜,1,F,23,4610,1,IMPUTED,,1,"ROUND((실속플랜 + 보장이큰플랜) / 2, 0)",두 직접 조회 플랜 사이의 산술평균으로 만든 중간값,"insurer_premiums_2026-08.xlsx#메리츠!C49,E49->D49",2026-08-17
MERITZ,추천플랜,1,F,24,4655,1,IMPUTED,,1,"ROUND((실속플랜 + 보장이큰플랜) / 2, 0)",두 직접 조회 플랜 사이의 산술평균으로 만든 중간값,"insurer_premiums_2026-08.xlsx#메리츠!C51,E51->D51",2026-08-17
MERITZ,추천플랜,1,F,25,4680,1,IMPUTED,,1,"ROUND((실속플랜 + 보장이큰플랜) / 2, 0)",두 직접 조회 플랜 사이의 산술평균으로 만든 중간값,"insurer_premiums_2026-08.xlsx#메리츠!C53,E53->D53",2026-08-17
MERITZ,추천플랜,1,F,26,4725,1,IMPUTED,,1,"ROUND((실속플랜 + 보장이큰플랜) / 2, 0)",두 직접 조회 플랜 사이의 산술평균으로 만든 중간값,"insurer_premiums_2026-08.xlsx#메리츠!C55,E55->D55",2026-08-17
MERITZ,추천플랜,1,F,27,4730,1,IMPUTED,,1,"ROUND((실속플랜 + 보장이큰플랜) / 2, 0)",두 직접 조회 플랜 사이의 산술평균으로 만든 중간값,"insurer_premiums_2026-08.xlsx#메리츠!C57,E57->D57",2026-08-17
MERITZ,추천플랜,1,F,28,4705,1,IMPUTED,,1,"ROUND((실속플랜 + 보장이큰플랜) / 2, 0)",두 직접 조회 플랜 사이의 산술평균으로 만든 중간값,"insurer_premiums_2026-08.xlsx#메리츠!C59,E59->D59",2026-08-17
MERITZ,추천플랜,1,F,29,4685,1,IMPUTED,,1,"ROUND((실속플랜 + 보장이큰플랜) / 2, 0)",두 직접 조회 플랜 사이의 산술평균으로 만든 중간값,"insurer_premiums_2026-08.xlsx#메리츠!C61,E61->D61",2026-08-17
MERITZ,추천플랜,1,F,30,4635,1,IMPUTED,,1,"ROUND((실속플랜 + 보장이큰플랜) / 2, 0)",두 직접 조회 플랜 사이의 산술평균으로 만든 중간값,"insurer_premiums_2026-08.xlsx#메리츠!C63,E63->D63",2026-08-17
MERITZ,추천플랜,1,F,31,4630,1,IMPUTED,,1,"ROUND((실속플랜 + 보장이큰플랜) / 2, 0)",두 직접 조회 플랜 사이의 산술평균으로 만든 중간값,"insurer_premiums_2026-08.xlsx#메리츠!C65,E65->D65",2026-08-17
MERITZ,추천플랜,1,F,32,4735,1,IMPUTED,,1,"ROUND((실속플랜 + 보장이큰플랜) / 2, 0)",두 직접 조회 플랜 사이의 산술평균으로 만든 중간값,"insurer_premiums_2026-08.xlsx#메리츠!C67,E67->D67",2026-08-17
MERITZ,추천플랜,1,F,33,4800,1,IMPUTED,,1,"ROUND((실속플랜 + 보장이큰플랜) / 2, 0)",두 직접 조회 플랜 사이의 산술평균으로 만든 중간값,"insurer_premiums_2026-08.xlsx#메리츠!C69,E69->D69",2026-08-17
MERITZ,추천플랜,1,F,34,4900,1,IMPUTED,,1,"ROUND((실속플랜 + 보장이큰플랜) / 2, 0)",두 직접 조회 플랜 사이의 산술평균으로 만든 중간값,"insurer_premiums_2026-08.xlsx#메리츠!C71,E71->D71",2026-08-17
MERITZ,추천플랜,1,F,35,4980,1,IMPUTED,,1,"ROUND((실속플랜 + 보장이큰플랜) / 2, 0)",두 직접 조회 플랜 사이의 산술평균으로 만든 중간값,"insurer_premiums_2026-08.xlsx#메리츠!C73,E73->D73",2026-08-17
MERITZ,추천플랜,1,F,36,5095,1,IMPUTED,,1,"ROUND((실속플랜 + 보장이큰플랜) / 2, 0)",두 직접 조회 플랜 사이의 산술평균으로 만든 중간값,"insurer_premiums_2026-08.xlsx#메리츠!C75,E75->D75",2026-08-17
MERITZ,추천플랜,1,F,37,5255,1,IMPUTED,,1,"ROUND((실속플랜 + 보장이큰플랜) / 2, 0)",두 직접 조회 플랜 사이의 산술평균으로 만든 중간값,"insurer_premiums_2026-08.xlsx#메리츠!C77,E77->D77",2026-08-17
MERITZ,추천플랜,1,F,38,5455,1,IMPUTED,,1,"ROUND((실속플랜 + 보장이큰플랜) / 2, 0)",두 직접 조회 플랜 사이의 산술평균으로 만든 중간값,"insurer_premiums_2026-08.xlsx#메리츠!C79,E79->D79",2026-08-17
MERITZ,추천플랜,1,F,39,5630,1,IMPUTED,,1,"ROUND((실속플랜 + 보장이큰플랜) / 2, 0)",두 직접 조회 플랜 사이의 산술평균으로 만든 중간값,"insurer_premiums_2026-08.xlsx#메리츠!C81,E81->D81",2026-08-17
MERITZ,추천플랜,1,F,40,5805,1,IMPUTED,,1,"ROUND((실속플랜 + 보장이큰플랜) / 2, 0)",두 직접 조회 플랜 사이의 산술평균으로 만든 중간값,"insurer_premiums_2026-08.xlsx#메리츠!C83,E83->D83",2026-08-17
MERITZ,추천플랜,1,F,41,5960,1,IMPUTED,,1,"ROUND((실속플랜 + 보장이큰플랜) / 2, 0)",두 직접 조회 플랜 사이의 산술평균으로 만든 중간값,"insurer_premiums_2026-08.xlsx#메리츠!C85,E85->D85",2026-08-17
MERITZ,추천플랜,1,F,42,6165,1,IMPUTED,,1,"ROUND((실속플랜 + 보장이큰플랜) / 2, 0)",두 직접 조회 플랜 사이의 산술평균으로 만든 중간값,"insurer_premiums_2026-08.xlsx#메리츠!C87,E87->D87",2026-08-17
MERITZ,추천플랜,1,F,43,6330,1,IMPUTED,,1,"ROUND((실속플랜 + 보장이큰플랜) / 2, 0)",두 직접 조회 플랜 사이의 산술평균으로 만든 중간값,"insurer_premiums_2026-08.xlsx#메리츠!C89,E89->D89",2026-08-17
MERITZ,추천플랜,1,F,44,6500,1,IMPUTED,,1,"ROUND((실속플랜 + 보장이큰플랜) / 2, 0)",두 직접 조회 플랜 사이의 산술평균으로 만든 중간값,"insurer_premiums_2026-08.xlsx#메리츠!C91,E91->D91",2026-08-17
MERITZ,추천플랜,1,F,45,6715,1,IMPUTED,,1,"ROUND((실속플랜 + 보장이큰플랜) / 2, 0)",두 직접 조회 플랜 사이의 산술평균으로 만든 중간값,"insurer_premiums_2026-08.xlsx#메리츠!C93,E93->D93",2026-08-17
MERITZ,추천플랜,1,F,46,6845,1,IMPUTED,,1,"ROUND((실속플랜 + 보장이큰플랜) / 2, 0)",두 직접 조회 플랜 사이의 산술평균으로 만든 중간값,"insurer_premiums_2026-08.xlsx#메리츠!C95,E95->D95",2026-08-17
MERITZ,추천플랜,1,F,47,7085,1,IMPUTED,,1,"ROUND((실속플랜 + 보장이큰플랜) / 2, 0)",두 직접 조회 플랜 사이의 산술평균으로 만든 중간값,"insurer_premiums_2026-08.xlsx#메리츠!C97,E97->D97",2026-08-17
MERITZ,추천플랜,1,F,48,7335,1,IMPUTED,,1,"ROUND((실속플랜 + 보장이큰플랜) / 2, 0)",두 직접 조회 플랜 사이의 산술평균으로 만든 중간값,"insurer_premiums_2026-08.xlsx#메리츠!C99,E99->D99",2026-08-17
MERITZ,추천플랜,1,F,49,7575,1,IMPUTED,,1,"ROUND((실속플랜 + 보장이큰플랜) / 2, 0)",두 직접 조회 플랜 사이의 산술평균으로 만든 중간값,"insurer_premiums_2026-08.xlsx#메리츠!C101,E101->D101",2026-08-17
MERITZ,추천플랜,1,F,50,7790,1,IMPUTED,,1,"ROUND((실속플랜 + 보장이큰플랜) / 2, 0)",두 직접 조회 플랜 사이의 산술평균으로 만든 중간값,"insurer_premiums_2026-08.xlsx#메리츠!C103,E103->D103",2026-08-17
MERITZ,추천플랜,1,F,51,8000,1,IMPUTED,,1,"ROUND((실속플랜 + 보장이큰플랜) / 2, 0)",두 직접 조회 플랜 사이의 산술평균으로 만든 중간값,"insurer_premiums_2026-08.xlsx#메리츠!C105,E105->D105",2026-08-17
MERITZ,추천플랜,1,F,52,8310,1,IMPUTED,,1,"ROUND((실속플랜 + 보장이큰플랜) / 2, 0)",두 직접 조회 플랜 사이의 산술평균으로 만든 중간값,"insurer_premiums_2026-08.xlsx#메리츠!C107,E107->D107",2026-08-17
MERITZ,추천플랜,1,F,53,8620,1,IMPUTED,,1,"ROUND((실속플랜 + 보장이큰플랜) / 2, 0)",두 직접 조회 플랜 사이의 산술평균으로 만든 중간값,"insurer_premiums_2026-08.xlsx#메리츠!C109,E109->D109",2026-08-17
MERITZ,추천플랜,1,F,54,8930,1,IMPUTED,,1,"ROUND((실속플랜 + 보장이큰플랜) / 2, 0)",두 직접 조회 플랜 사이의 산술평균으로 만든 중간값,"insurer_premiums_2026-08.xlsx#메리츠!C111,E111->D111",2026-08-17
MERITZ,추천플랜,1,F,55,9165,1,IMPUTED,,1,"ROUND((실속플랜 + 보장이큰플랜) / 2, 0)",두 직접 조회 플랜 사이의 산술평균으로 만든 중간값,"insurer_premiums_2026-08.xlsx#메리츠!C113,E113->D113",2026-08-17
MERITZ,추천플랜,1,F,56,9480,1,IMPUTED,,1,"ROUND((실속플랜 + 보장이큰플랜) / 2, 0)",두 직접 조회 플랜 사이의 산술평균으로 만든 중간값,"insurer_premiums_2026-08.xlsx#메리츠!C115,E115->D115",2026-08-17
MERITZ,추천플랜,1,F,57,10005,1,IMPUTED,,1,"ROUND((실속플랜 + 보장이큰플랜) / 2, 0)",두 직접 조회 플랜 사이의 산술평균으로 만든 중간값,"insurer_premiums_2026-08.xlsx#메리츠!C117,E117->D117",2026-08-17
MERITZ,추천플랜,1,F,58,10535,1,IMPUTED,,1,"ROUND((실속플랜 + 보장이큰플랜) / 2, 0)",두 직접 조회 플랜 사이의 산술평균으로 만든 중간값,"insurer_premiums_2026-08.xlsx#메리츠!C119,E119->D119",2026-08-17
MERITZ,추천플랜,1,F,59,11025,1,IMPUTED,,1,"ROUND((실속플랜 + 보장이큰플랜) / 2, 0)",두 직접 조회 플랜 사이의 산술평균으로 만든 중간값,"insurer_premiums_2026-08.xlsx#메리츠!C121,E121->D121",2026-08-17
MERITZ,추천플랜,1,F,60,11560,1,IMPUTED,,1,"ROUND((실속플랜 + 보장이큰플랜) / 2, 0)",두 직접 조회 플랜 사이의 산술평균으로 만든 중간값,"insurer_premiums_2026-08.xlsx#메리츠!C123,E123->D123",2026-08-17
MERITZ,추천플랜,1,F,61,12105,1,IMPUTED,,1,"ROUND((실속플랜 + 보장이큰플랜) / 2, 0)",두 직접 조회 플랜 사이의 산술평균으로 만든 중간값,"insurer_premiums_2026-08.xlsx#메리츠!C125,E125->D125",2026-08-17
MERITZ,추천플랜,1,F,62,12730,1,IMPUTED,,1,"ROUND((실속플랜 + 보장이큰플랜) / 2, 0)",두 직접 조회 플랜 사이의 산술평균으로 만든 중간값,"insurer_premiums_2026-08.xlsx#메리츠!C127,E127->D127",2026-08-17
MERITZ,추천플랜,1,F,63,13425,1,IMPUTED,,1,"ROUND((실속플랜 + 보장이큰플랜) / 2, 0)",두 직접 조회 플랜 사이의 산술평균으로 만든 중간값,"insurer_premiums_2026-08.xlsx#메리츠!C129,E129->D129",2026-08-17
MERITZ,추천플랜,1,F,64,14145,1,IMPUTED,,1,"ROUND((실속플랜 + 보장이큰플랜) / 2, 0)",두 직접 조회 플랜 사이의 산술평균으로 만든 중간값,"insurer_premiums_2026-08.xlsx#메리츠!C131,E131->D131",2026-08-17
MERITZ,추천플랜,1,F,65,14830,1,IMPUTED,,1,"ROUND((실속플랜 + 보장이큰플랜) / 2, 0)",두 직접 조회 플랜 사이의 산술평균으로 만든 중간값,"insurer_premiums_2026-08.xlsx#메리츠!C133,E133->D133",2026-08-17
MERITZ,추천플랜,1,F,66,15540,1,IMPUTED,,1,"ROUND((실속플랜 + 보장이큰플랜) / 2, 0)",두 직접 조회 플랜 사이의 산술평균으로 만든 중간값,"insurer_premiums_2026-08.xlsx#메리츠!C135,E135->D135",2026-08-17
MERITZ,추천플랜,1,F,67,15985,1,IMPUTED,,1,"ROUND((실속플랜 + 보장이큰플랜) / 2, 0)",두 직접 조회 플랜 사이의 산술평균으로 만든 중간값,"insurer_premiums_2026-08.xlsx#메리츠!C137,E137->D137",2026-08-17
MERITZ,추천플랜,1,F,68,16495,1,IMPUTED,,1,"ROUND((실속플랜 + 보장이큰플랜) / 2, 0)",두 직접 조회 플랜 사이의 산술평균으로 만든 중간값,"insurer_premiums_2026-08.xlsx#메리츠!C139,E139->D139",2026-08-17
MERITZ,추천플랜,1,F,69,16960,1,IMPUTED,,1,"ROUND((실속플랜 + 보장이큰플랜) / 2, 0)",두 직접 조회 플랜 사이의 산술평균으로 만든 중간값,"insurer_premiums_2026-08.xlsx#메리츠!C141,E141->D141",2026-08-17
MERITZ,추천플랜,1,F,70,17425,1,IMPUTED,,1,"ROUND((실속플랜 + 보장이큰플랜) / 2, 0)",두 직접 조회 플랜 사이의 산술평균으로 만든 중간값,"insurer_premiums_2026-08.xlsx#메리츠!C143,E143->D143",2026-08-17
MERITZ,추천플랜,1,F,71,17910,1,IMPUTED,,1,"ROUND((실속플랜 + 보장이큰플랜) / 2, 0)",두 직접 조회 플랜 사이의 산술평균으로 만든 중간값,"insurer_premiums_2026-08.xlsx#메리츠!C145,E145->D145",2026-08-17
MERITZ,추천플랜,1,F,72,18640,1,IMPUTED,,1,"ROUND((실속플랜 + 보장이큰플랜) / 2, 0)",두 직접 조회 플랜 사이의 산술평균으로 만든 중간값,"insurer_premiums_2026-08.xlsx#메리츠!C147,E147->D147",2026-08-17
MERITZ,추천플랜,1,F,73,19330,1,IMPUTED,,1,"ROUND((실속플랜 + 보장이큰플랜) / 2, 0)",두 직접 조회 플랜 사이의 산술평균으로 만든 중간값,"insurer_premiums_2026-08.xlsx#메리츠!C149,E149->D149",2026-08-17
MERITZ,추천플랜,1,F,74,20055,1,IMPUTED,,1,"ROUND((실속플랜 + 보장이큰플랜) / 2, 0)",두 직접 조회 플랜 사이의 산술평균으로 만든 중간값,"insurer_premiums_2026-08.xlsx#메리츠!C151,E151->D151",2026-08-17
MERITZ,추천플랜,1,F,75,20780,1,IMPUTED,,1,"ROUND((실속플랜 + 보장이큰플랜) / 2, 0)",두 직접 조회 플랜 사이의 산술평균으로 만든 중간값,"insurer_premiums_2026-08.xlsx#메리츠!C153,E153->D153",2026-08-17
MERITZ,추천플랜,1,F,76,21530,1,IMPUTED,,1,"ROUND((실속플랜 + 보장이큰플랜) / 2, 0)",두 직접 조회 플랜 사이의 산술평균으로 만든 중간값,"insurer_premiums_2026-08.xlsx#메리츠!C155,E155->D155",2026-08-17
MERITZ,추천플랜,1,F,77,21905,1,IMPUTED,,1,"ROUND((실속플랜 + 보장이큰플랜) / 2, 0)",두 직접 조회 플랜 사이의 산술평균으로 만든 중간값,"insurer_premiums_2026-08.xlsx#메리츠!C157,E157->D157",2026-08-17
MERITZ,추천플랜,1,F,78,22270,1,IMPUTED,,1,"ROUND((실속플랜 + 보장이큰플랜) / 2, 0)",두 직접 조회 플랜 사이의 산술평균으로 만든 중간값,"insurer_premiums_2026-08.xlsx#메리츠!C159,E159->D159",2026-08-17
MERITZ,추천플랜,1,F,79,22660,1,IMPUTED,,1,"ROUND((실속플랜 + 보장이큰플랜) / 2, 0)",두 직접 조회 플랜 사이의 산술평균으로 만든 중간값,"insurer_premiums_2026-08.xlsx#메리츠!C161,E161->D161",2026-08-17
MERITZ,추천플랜,1,M,19,4765,1,IMPUTED,,1,"ROUND((실속플랜 + 보장이큰플랜) / 2, 0)",두 직접 조회 플랜 사이의 산술평균으로 만든 중간값,"insurer_premiums_2026-08.xlsx#메리츠!C40,E40->D40",2026-08-17
MERITZ,추천플랜,1,M,20,4755,1,IMPUTED,,1,"ROUND((실속플랜 + 보장이큰플랜) / 2, 0)",두 직접 조회 플랜 사이의 산술평균으로 만든 중간값,"insurer_premiums_2026-08.xlsx#메리츠!C42,E42->D42",2026-08-17
MERITZ,추천플랜,1,M,21,4745,1,IMPUTED,,1,"ROUND((실속플랜 + 보장이큰플랜) / 2, 0)",두 직접 조회 플랜 사이의 산술평균으로 만든 중간값,"insurer_premiums_2026-08.xlsx#메리츠!C44,E44->D44",2026-08-17
MERITZ,추천플랜,1,M,22,4745,1,IMPUTED,,1,"ROUND((실속플랜 + 보장이큰플랜) / 2, 0)",두 직접 조회 플랜 사이의 산술평균으로 만든 중간값,"insurer_premiums_2026-08.xlsx#메리츠!C46,E46->D46",2026-08-17
MERITZ,추천플랜,1,M,23,4785,1,IMPUTED,,1,"ROUND((실속플랜 + 보장이큰플랜) / 2, 0)",두 직접 조회 플랜 사이의 산술평균으로 만든 중간값,"insurer_premiums_2026-08.xlsx#메리츠!C48,E48->D48",2026-08-17
MERITZ,추천플랜,1,M,24,4785,1,IMPUTED,,1,"ROUND((실속플랜 + 보장이큰플랜) / 2, 0)",두 직접 조회 플랜 사이의 산술평균으로 만든 중간값,"insurer_premiums_2026-08.xlsx#메리츠!C50,E50->D50",2026-08-17
MERITZ,추천플랜,1,M,25,4825,1,IMPUTED,,1,"ROUND((실속플랜 + 보장이큰플랜) / 2, 0)",두 직접 조회 플랜 사이의 산술평균으로 만든 중간값,"insurer_premiums_2026-08.xlsx#메리츠!C52,E52->D52",2026-08-17
MERITZ,추천플랜,1,M,26,4835,1,IMPUTED,,1,"ROUND((실속플랜 + 보장이큰플랜) / 2, 0)",두 직접 조회 플랜 사이의 산술평균으로 만든 중간값,"insurer_premiums_2026-08.xlsx#메리츠!C54,E54->D54",2026-08-17
MERITZ,추천플랜,1,M,27,4865,1,IMPUTED,,1,"ROUND((실속플랜 + 보장이큰플랜) / 2, 0)",두 직접 조회 플랜 사이의 산술평균으로 만든 중간값,"insurer_premiums_2026-08.xlsx#메리츠!C56,E56->D56",2026-08-17
MERITZ,추천플랜,1,M,28,4895,1,IMPUTED,,1,"ROUND((실속플랜 + 보장이큰플랜) / 2, 0)",두 직접 조회 플랜 사이의 산술평균으로 만든 중간값,"insurer_premiums_2026-08.xlsx#메리츠!C58,E58->D58",2026-08-17
MERITZ,추천플랜,1,M,29,4920,1,IMPUTED,,1,"ROUND((실속플랜 + 보장이큰플랜) / 2, 0)",두 직접 조회 플랜 사이의 산술평균으로 만든 중간값,"insurer_premiums_2026-08.xlsx#메리츠!C60,E60->D60",2026-08-17
MERITZ,추천플랜,1,M,30,4945,1,IMPUTED,,1,"ROUND((실속플랜 + 보장이큰플랜) / 2, 0)",두 직접 조회 플랜 사이의 산술평균으로 만든 중간값,"insurer_premiums_2026-08.xlsx#메리츠!C62,E62->D62",2026-08-17
MERITZ,추천플랜,1,M,31,4975,1,IMPUTED,,1,"ROUND((실속플랜 + 보장이큰플랜) / 2, 0)",두 직접 조회 플랜 사이의 산술평균으로 만든 중간값,"insurer_premiums_2026-08.xlsx#메리츠!C64,E64->D64",2026-08-17
MERITZ,추천플랜,1,M,32,5015,1,IMPUTED,,1,"ROUND((실속플랜 + 보장이큰플랜) / 2, 0)",두 직접 조회 플랜 사이의 산술평균으로 만든 중간값,"insurer_premiums_2026-08.xlsx#메리츠!C66,E66->D66",2026-08-17
MERITZ,추천플랜,1,M,33,5110,1,IMPUTED,,1,"ROUND((실속플랜 + 보장이큰플랜) / 2, 0)",두 직접 조회 플랜 사이의 산술평균으로 만든 중간값,"insurer_premiums_2026-08.xlsx#메리츠!C68,E68->D68",2026-08-17
MERITZ,추천플랜,1,M,34,5200,1,IMPUTED,,1,"ROUND((실속플랜 + 보장이큰플랜) / 2, 0)",두 직접 조회 플랜 사이의 산술평균으로 만든 중간값,"insurer_premiums_2026-08.xlsx#메리츠!C70,E70->D70",2026-08-17
MERITZ,추천플랜,1,M,35,5290,1,IMPUTED,,1,"ROUND((실속플랜 + 보장이큰플랜) / 2, 0)",두 직접 조회 플랜 사이의 산술평균으로 만든 중간값,"insurer_premiums_2026-08.xlsx#메리츠!C72,E72->D72",2026-08-17
MERITZ,추천플랜,1,M,36,5335,1,IMPUTED,,1,"ROUND((실속플랜 + 보장이큰플랜) / 2, 0)",두 직접 조회 플랜 사이의 산술평균으로 만든 중간값,"insurer_premiums_2026-08.xlsx#메리츠!C74,E74->D74",2026-08-17
MERITZ,추천플랜,1,M,37,5495,1,IMPUTED,,1,"ROUND((실속플랜 + 보장이큰플랜) / 2, 0)",두 직접 조회 플랜 사이의 산술평균으로 만든 중간값,"insurer_premiums_2026-08.xlsx#메리츠!C76,E76->D76",2026-08-17
MERITZ,추천플랜,1,M,38,5605,1,IMPUTED,,1,"ROUND((실속플랜 + 보장이큰플랜) / 2, 0)",두 직접 조회 플랜 사이의 산술평균으로 만든 중간값,"insurer_premiums_2026-08.xlsx#메리츠!C78,E78->D78",2026-08-17
MERITZ,추천플랜,1,M,39,5730,1,IMPUTED,,1,"ROUND((실속플랜 + 보장이큰플랜) / 2, 0)",두 직접 조회 플랜 사이의 산술평균으로 만든 중간값,"insurer_premiums_2026-08.xlsx#메리츠!C80,E80->D80",2026-08-17
MERITZ,추천플랜,1,M,40,5840,1,IMPUTED,,1,"ROUND((실속플랜 + 보장이큰플랜) / 2, 0)",두 직접 조회 플랜 사이의 산술평균으로 만든 중간값,"insurer_premiums_2026-08.xlsx#메리츠!C82,E82->D82",2026-08-17
MERITZ,추천플랜,1,M,41,5930,1,IMPUTED,,1,"ROUND((실속플랜 + 보장이큰플랜) / 2, 0)",두 직접 조회 플랜 사이의 산술평균으로 만든 중간값,"insurer_premiums_2026-08.xlsx#메리츠!C84,E84->D84",2026-08-17
MERITZ,추천플랜,1,M,42,6140,1,IMPUTED,,1,"ROUND((실속플랜 + 보장이큰플랜) / 2, 0)",두 직접 조회 플랜 사이의 산술평균으로 만든 중간값,"insurer_premiums_2026-08.xlsx#메리츠!C86,E86->D86",2026-08-17
MERITZ,추천플랜,1,M,43,6295,1,IMPUTED,,1,"ROUND((실속플랜 + 보장이큰플랜) / 2, 0)",두 직접 조회 플랜 사이의 산술평균으로 만든 중간값,"insurer_premiums_2026-08.xlsx#메리츠!C88,E88->D88",2026-08-17
MERITZ,추천플랜,1,M,44,6480,1,IMPUTED,,1,"ROUND((실속플랜 + 보장이큰플랜) / 2, 0)",두 직접 조회 플랜 사이의 산술평균으로 만든 중간값,"insurer_premiums_2026-08.xlsx#메리츠!C90,E90->D90",2026-08-17
MERITZ,추천플랜,1,M,45,6645,1,IMPUTED,,1,"ROUND((실속플랜 + 보장이큰플랜) / 2, 0)",두 직접 조회 플랜 사이의 산술평균으로 만든 중간값,"insurer_premiums_2026-08.xlsx#메리츠!C92,E92->D92",2026-08-17
MERITZ,추천플랜,1,M,46,6825,1,IMPUTED,,1,"ROUND((실속플랜 + 보장이큰플랜) / 2, 0)",두 직접 조회 플랜 사이의 산술평균으로 만든 중간값,"insurer_premiums_2026-08.xlsx#메리츠!C94,E94->D94",2026-08-17
MERITZ,추천플랜,1,M,47,7100,1,IMPUTED,,1,"ROUND((실속플랜 + 보장이큰플랜) / 2, 0)",두 직접 조회 플랜 사이의 산술평균으로 만든 중간값,"insurer_premiums_2026-08.xlsx#메리츠!C96,E96->D96",2026-08-17
MERITZ,추천플랜,1,M,48,7390,1,IMPUTED,,1,"ROUND((실속플랜 + 보장이큰플랜) / 2, 0)",두 직접 조회 플랜 사이의 산술평균으로 만든 중간값,"insurer_premiums_2026-08.xlsx#메리츠!C98,E98->D98",2026-08-17
MERITZ,추천플랜,1,M,49,7605,1,IMPUTED,,1,"ROUND((실속플랜 + 보장이큰플랜) / 2, 0)",두 직접 조회 플랜 사이의 산술평균으로 만든 중간값,"insurer_premiums_2026-08.xlsx#메리츠!C100,E100->D100",2026-08-17
MERITZ,추천플랜,1,M,50,7890,1,IMPUTED,,1,"ROUND((실속플랜 + 보장이큰플랜) / 2, 0)",두 직접 조회 플랜 사이의 산술평균으로 만든 중간값,"insurer_premiums_2026-08.xlsx#메리츠!C102,E102->D102",2026-08-17
MERITZ,추천플랜,1,M,51,8170,1,IMPUTED,,1,"ROUND((실속플랜 + 보장이큰플랜) / 2, 0)",두 직접 조회 플랜 사이의 산술평균으로 만든 중간값,"insurer_premiums_2026-08.xlsx#메리츠!C104,E104->D104",2026-08-17
MERITZ,추천플랜,1,M,52,8595,1,IMPUTED,,1,"ROUND((실속플랜 + 보장이큰플랜) / 2, 0)",두 직접 조회 플랜 사이의 산술평균으로 만든 중간값,"insurer_premiums_2026-08.xlsx#메리츠!C106,E106->D106",2026-08-17
MERITZ,추천플랜,1,M,53,8995,1,IMPUTED,,1,"ROUND((실속플랜 + 보장이큰플랜) / 2, 0)",두 직접 조회 플랜 사이의 산술평균으로 만든 중간값,"insurer_premiums_2026-08.xlsx#메리츠!C108,E108->D108",2026-08-17
MERITZ,추천플랜,1,M,54,9435,1,IMPUTED,,1,"ROUND((실속플랜 + 보장이큰플랜) / 2, 0)",두 직접 조회 플랜 사이의 산술평균으로 만든 중간값,"insurer_premiums_2026-08.xlsx#메리츠!C110,E110->D110",2026-08-17
MERITZ,추천플랜,1,M,55,9845,1,IMPUTED,,1,"ROUND((실속플랜 + 보장이큰플랜) / 2, 0)",두 직접 조회 플랜 사이의 산술평균으로 만든 중간값,"insurer_premiums_2026-08.xlsx#메리츠!C112,E112->D112",2026-08-17
MERITZ,추천플랜,1,M,56,10235,1,IMPUTED,,1,"ROUND((실속플랜 + 보장이큰플랜) / 2, 0)",두 직접 조회 플랜 사이의 산술평균으로 만든 중간값,"insurer_premiums_2026-08.xlsx#메리츠!C114,E114->D114",2026-08-17
MERITZ,추천플랜,1,M,57,10790,1,IMPUTED,,1,"ROUND((실속플랜 + 보장이큰플랜) / 2, 0)",두 직접 조회 플랜 사이의 산술평균으로 만든 중간값,"insurer_premiums_2026-08.xlsx#메리츠!C116,E116->D116",2026-08-17
MERITZ,추천플랜,1,M,58,11345,1,IMPUTED,,1,"ROUND((실속플랜 + 보장이큰플랜) / 2, 0)",두 직접 조회 플랜 사이의 산술평균으로 만든 중간값,"insurer_premiums_2026-08.xlsx#메리츠!C118,E118->D118",2026-08-17
MERITZ,추천플랜,1,M,59,11895,1,IMPUTED,,1,"ROUND((실속플랜 + 보장이큰플랜) / 2, 0)",두 직접 조회 플랜 사이의 산술평균으로 만든 중간값,"insurer_premiums_2026-08.xlsx#메리츠!C120,E120->D120",2026-08-17
MERITZ,추천플랜,1,M,60,12450,1,IMPUTED,,1,"ROUND((실속플랜 + 보장이큰플랜) / 2, 0)",두 직접 조회 플랜 사이의 산술평균으로 만든 중간값,"insurer_premiums_2026-08.xlsx#메리츠!C122,E122->D122",2026-08-17
MERITZ,추천플랜,1,M,61,12990,1,IMPUTED,,1,"ROUND((실속플랜 + 보장이큰플랜) / 2, 0)",두 직접 조회 플랜 사이의 산술평균으로 만든 중간값,"insurer_premiums_2026-08.xlsx#메리츠!C124,E124->D124",2026-08-17
MERITZ,추천플랜,1,M,62,13580,1,IMPUTED,,1,"ROUND((실속플랜 + 보장이큰플랜) / 2, 0)",두 직접 조회 플랜 사이의 산술평균으로 만든 중간값,"insurer_premiums_2026-08.xlsx#메리츠!C126,E126->D126",2026-08-17
MERITZ,추천플랜,1,M,63,14175,1,IMPUTED,,1,"ROUND((실속플랜 + 보장이큰플랜) / 2, 0)",두 직접 조회 플랜 사이의 산술평균으로 만든 중간값,"insurer_premiums_2026-08.xlsx#메리츠!C128,E128->D128",2026-08-17
MERITZ,추천플랜,1,M,64,14765,1,IMPUTED,,1,"ROUND((실속플랜 + 보장이큰플랜) / 2, 0)",두 직접 조회 플랜 사이의 산술평균으로 만든 중간값,"insurer_premiums_2026-08.xlsx#메리츠!C130,E130->D130",2026-08-17
MERITZ,추천플랜,1,M,65,15345,1,IMPUTED,,1,"ROUND((실속플랜 + 보장이큰플랜) / 2, 0)",두 직접 조회 플랜 사이의 산술평균으로 만든 중간값,"insurer_premiums_2026-08.xlsx#메리츠!C132,E132->D132",2026-08-17
MERITZ,추천플랜,1,M,66,15935,1,IMPUTED,,1,"ROUND((실속플랜 + 보장이큰플랜) / 2, 0)",두 직접 조회 플랜 사이의 산술평균으로 만든 중간값,"insurer_premiums_2026-08.xlsx#메리츠!C134,E134->D134",2026-08-17
MERITZ,추천플랜,1,M,67,16390,1,IMPUTED,,1,"ROUND((실속플랜 + 보장이큰플랜) / 2, 0)",두 직접 조회 플랜 사이의 산술평균으로 만든 중간값,"insurer_premiums_2026-08.xlsx#메리츠!C136,E136->D136",2026-08-17
MERITZ,추천플랜,1,M,68,16830,1,IMPUTED,,1,"ROUND((실속플랜 + 보장이큰플랜) / 2, 0)",두 직접 조회 플랜 사이의 산술평균으로 만든 중간값,"insurer_premiums_2026-08.xlsx#메리츠!C138,E138->D138",2026-08-17
MERITZ,추천플랜,1,M,69,17290,1,IMPUTED,,1,"ROUND((실속플랜 + 보장이큰플랜) / 2, 0)",두 직접 조회 플랜 사이의 산술평균으로 만든 중간값,"insurer_premiums_2026-08.xlsx#메리츠!C140,E140->D140",2026-08-17
MERITZ,추천플랜,1,M,70,17695,1,IMPUTED,,1,"ROUND((실속플랜 + 보장이큰플랜) / 2, 0)",두 직접 조회 플랜 사이의 산술평균으로 만든 중간값,"insurer_premiums_2026-08.xlsx#메리츠!C142,E142->D142",2026-08-17
MERITZ,추천플랜,1,M,71,18120,1,IMPUTED,,1,"ROUND((실속플랜 + 보장이큰플랜) / 2, 0)",두 직접 조회 플랜 사이의 산술평균으로 만든 중간값,"insurer_premiums_2026-08.xlsx#메리츠!C144,E144->D144",2026-08-17
MERITZ,추천플랜,1,M,72,18585,1,IMPUTED,,1,"ROUND((실속플랜 + 보장이큰플랜) / 2, 0)",두 직접 조회 플랜 사이의 산술평균으로 만든 중간값,"insurer_premiums_2026-08.xlsx#메리츠!C146,E146->D146",2026-08-17
MERITZ,추천플랜,1,M,73,19040,1,IMPUTED,,1,"ROUND((실속플랜 + 보장이큰플랜) / 2, 0)",두 직접 조회 플랜 사이의 산술평균으로 만든 중간값,"insurer_premiums_2026-08.xlsx#메리츠!C148,E148->D148",2026-08-17
MERITZ,추천플랜,1,M,74,19435,1,IMPUTED,,1,"ROUND((실속플랜 + 보장이큰플랜) / 2, 0)",두 직접 조회 플랜 사이의 산술평균으로 만든 중간값,"insurer_premiums_2026-08.xlsx#메리츠!C150,E150->D150",2026-08-17
MERITZ,추천플랜,1,M,75,19870,1,IMPUTED,,1,"ROUND((실속플랜 + 보장이큰플랜) / 2, 0)",두 직접 조회 플랜 사이의 산술평균으로 만든 중간값,"insurer_premiums_2026-08.xlsx#메리츠!C152,E152->D152",2026-08-17
MERITZ,추천플랜,1,M,76,20300,1,IMPUTED,,1,"ROUND((실속플랜 + 보장이큰플랜) / 2, 0)",두 직접 조회 플랜 사이의 산술평균으로 만든 중간값,"insurer_premiums_2026-08.xlsx#메리츠!C154,E154->D154",2026-08-17
MERITZ,추천플랜,1,M,77,20680,1,IMPUTED,,1,"ROUND((실속플랜 + 보장이큰플랜) / 2, 0)",두 직접 조회 플랜 사이의 산술평균으로 만든 중간값,"insurer_premiums_2026-08.xlsx#메리츠!C156,E156->D156",2026-08-17
MERITZ,추천플랜,1,M,78,21110,1,IMPUTED,,1,"ROUND((실속플랜 + 보장이큰플랜) / 2, 0)",두 직접 조회 플랜 사이의 산술평균으로 만든 중간값,"insurer_premiums_2026-08.xlsx#메리츠!C158,E158->D158",2026-08-17
MERITZ,추천플랜,1,M,79,21525,1,IMPUTED,,1,"ROUND((실속플랜 + 보장이큰플랜) / 2, 0)",두 직접 조회 플랜 사이의 산술평균으로 만든 중간값,"insurer_premiums_2026-08.xlsx#메리츠!C160,E160->D160",2026-08-17
SAMSUNG,고급플랜,2,F,0,11550,1,DIRECT_QUOTE,11550,1,,,insurer_premiums_2026-08.xlsx#삼성!E4,2026-08-17
SAMSUNG,고급플랜,2,F,1,10050,1,DIRECT_QUOTE,10050,1,,,insurer_premiums_2026-08.xlsx#삼성!E6,2026-08-17
SAMSUNG,고급플랜,2,F,2,9160,1,DIRECT_QUOTE,9160,1,,,insurer_premiums_2026-08.xlsx#삼성!E8,2026-08-17
SAMSUNG,고급플랜,2,F,3,9080,1,DIRECT_QUOTE,9080,1,,,insurer_premiums_2026-08.xlsx#삼성!E10,2026-08-17
SAMSUNG,고급플랜,2,F,4,8960,1,DIRECT_QUOTE,8960,1,,,insurer_premiums_2026-08.xlsx#삼성!E12,2026-08-17
SAMSUNG,고급플랜,2,F,5,9410,1,DIRECT_QUOTE,9410,1,,,insurer_premiums_2026-08.xlsx#삼성!E14,2026-08-17
SAMSUNG,고급플랜,2,F,6,9120,1,DIRECT_QUOTE,9120,1,,,insurer_premiums_2026-08.xlsx#삼성!E16,2026-08-17
SAMSUNG,고급플랜,2,F,7,9070,1,DIRECT_QUOTE,9070,1,,,insurer_premiums_2026-08.xlsx#삼성!E18,2026-08-17
SAMSUNG,고급플랜,2,F,8,8980,1,DIRECT_QUOTE,8980,1,,,insurer_premiums_2026-08.xlsx#삼성!E20,2026-08-17
SAMSUNG,고급플랜,2,F,9,8930,1,DIRECT_QUOTE,8930,1,,,insurer_premiums_2026-08.xlsx#삼성!E22,2026-08-17
SAMSUNG,고급플랜,2,F,10,8920,1,DIRECT_QUOTE,8920,1,,,insurer_premiums_2026-08.xlsx#삼성!E24,2026-08-17
SAMSUNG,고급플랜,2,F,11,8830,1,DIRECT_QUOTE,8830,1,,,insurer_premiums_2026-08.xlsx#삼성!E26,2026-08-17
SAMSUNG,고급플랜,2,F,12,8920,1,DIRECT_QUOTE,8920,1,,,insurer_premiums_2026-08.xlsx#삼성!E28,2026-08-17
SAMSUNG,고급플랜,2,F,13,8960,1,DIRECT_QUOTE,8960,1,,,insurer_premiums_2026-08.xlsx#삼성!E30,2026-08-17
SAMSUNG,고급플랜,2,F,14,9030,1,DIRECT_QUOTE,9030,1,,,insurer_premiums_2026-08.xlsx#삼성!E32,2026-08-17
SAMSUNG,고급플랜,2,F,15,9120,1,DIRECT_QUOTE,9120,1,,,insurer_premiums_2026-08.xlsx#삼성!E34,2026-08-17
SAMSUNG,고급플랜,2,F,16,9200,1,DIRECT_QUOTE,9200,1,,,insurer_premiums_2026-08.xlsx#삼성!E36,2026-08-17
SAMSUNG,고급플랜,2,F,17,9290,1,DIRECT_QUOTE,9290,1,,,insurer_premiums_2026-08.xlsx#삼성!E38,2026-08-17
SAMSUNG,고급플랜,2,F,18,9390,1,DIRECT_QUOTE,9390,1,,,insurer_premiums_2026-08.xlsx#삼성!E40,2026-08-17
SAMSUNG,고급플랜,2,F,19,12120,1,DIRECT_QUOTE,12120,1,,,insurer_premiums_2026-08.xlsx#삼성!E42,2026-08-17
SAMSUNG,고급플랜,2,F,20,12210,1,DIRECT_QUOTE,12210,1,,,insurer_premiums_2026-08.xlsx#삼성!E44,2026-08-17
SAMSUNG,고급플랜,2,F,21,12330,1,DIRECT_QUOTE,12330,1,,,insurer_premiums_2026-08.xlsx#삼성!E46,2026-08-17
SAMSUNG,고급플랜,2,F,22,12400,1,DIRECT_QUOTE,12400,1,,,insurer_premiums_2026-08.xlsx#삼성!E48,2026-08-17
SAMSUNG,고급플랜,2,F,23,12420,1,DIRECT_QUOTE,12420,1,,,insurer_premiums_2026-08.xlsx#삼성!E50,2026-08-17
SAMSUNG,고급플랜,2,F,24,12530,1,DIRECT_QUOTE,12530,1,,,insurer_premiums_2026-08.xlsx#삼성!E52,2026-08-17
SAMSUNG,고급플랜,2,F,25,12610,1,DIRECT_QUOTE,12610,1,,,insurer_premiums_2026-08.xlsx#삼성!E54,2026-08-17
SAMSUNG,고급플랜,2,F,26,12640,1,DIRECT_QUOTE,12640,1,,,insurer_premiums_2026-08.xlsx#삼성!E56,2026-08-17
SAMSUNG,고급플랜,2,F,27,12610,1,DIRECT_QUOTE,12610,1,,,insurer_premiums_2026-08.xlsx#삼성!E58,2026-08-17
SAMSUNG,고급플랜,2,F,28,12590,1,DIRECT_QUOTE,12590,1,,,insurer_premiums_2026-08.xlsx#삼성!E60,2026-08-17
SAMSUNG,고급플랜,2,F,29,12550,1,DIRECT_QUOTE,12550,1,,,insurer_premiums_2026-08.xlsx#삼성!E62,2026-08-17
SAMSUNG,고급플랜,2,F,30,12510,1,DIRECT_QUOTE,12510,1,,,insurer_premiums_2026-08.xlsx#삼성!E64,2026-08-17
SAMSUNG,고급플랜,2,F,31,12500,1,DIRECT_QUOTE,12500,1,,,insurer_premiums_2026-08.xlsx#삼성!E66,2026-08-17
SAMSUNG,고급플랜,2,F,32,12650,1,DIRECT_QUOTE,12650,1,,,insurer_premiums_2026-08.xlsx#삼성!E68,2026-08-17
SAMSUNG,고급플랜,2,F,33,12720,1,DIRECT_QUOTE,12720,1,,,insurer_premiums_2026-08.xlsx#삼성!E70,2026-08-17
SAMSUNG,고급플랜,2,F,34,12850,1,DIRECT_QUOTE,12850,1,,,insurer_premiums_2026-08.xlsx#삼성!E72,2026-08-17
SAMSUNG,고급플랜,2,F,35,13100,1,DIRECT_QUOTE,13100,1,,,insurer_premiums_2026-08.xlsx#삼성!E74,2026-08-17
SAMSUNG,고급플랜,2,F,36,13190,1,DIRECT_QUOTE,13190,1,,,insurer_premiums_2026-08.xlsx#삼성!E76,2026-08-17
SAMSUNG,고급플랜,2,F,37,13470,1,DIRECT_QUOTE,13470,1,,,insurer_premiums_2026-08.xlsx#삼성!E78,2026-08-17
SAMSUNG,고급플랜,2,F,38,13730,1,DIRECT_QUOTE,13730,1,,,insurer_premiums_2026-08.xlsx#삼성!E80,2026-08-17
SAMSUNG,고급플랜,2,F,39,13970,1,DIRECT_QUOTE,13970,1,,,insurer_premiums_2026-08.xlsx#삼성!E82,2026-08-17
SAMSUNG,고급플랜,2,F,40,14240,1,DIRECT_QUOTE,14240,1,,,insurer_premiums_2026-08.xlsx#삼성!E84,2026-08-17
SAMSUNG,고급플랜,2,F,41,14540,1,DIRECT_QUOTE,14540,1,,,insurer_premiums_2026-08.xlsx#삼성!E86,2026-08-17
SAMSUNG,고급플랜,2,F,42,14740,1,DIRECT_QUOTE,14740,1,,,insurer_premiums_2026-08.xlsx#삼성!E88,2026-08-17
SAMSUNG,고급플랜,2,F,43,15080,1,DIRECT_QUOTE,15080,1,,,insurer_premiums_2026-08.xlsx#삼성!E90,2026-08-17
SAMSUNG,고급플랜,2,F,44,15310,1,DIRECT_QUOTE,15310,1,,,insurer_premiums_2026-08.xlsx#삼성!E92,2026-08-17
SAMSUNG,고급플랜,2,F,45,15560,1,DIRECT_QUOTE,15560,1,,,insurer_premiums_2026-08.xlsx#삼성!E94,2026-08-17
SAMSUNG,고급플랜,2,F,46,15850,1,DIRECT_QUOTE,15850,1,,,insurer_premiums_2026-08.xlsx#삼성!E96,2026-08-17
SAMSUNG,고급플랜,2,F,47,16180,1,DIRECT_QUOTE,16180,1,,,insurer_premiums_2026-08.xlsx#삼성!E98,2026-08-17
SAMSUNG,고급플랜,2,F,48,16530,1,DIRECT_QUOTE,16530,1,,,insurer_premiums_2026-08.xlsx#삼성!E100,2026-08-17
SAMSUNG,고급플랜,2,F,49,16830,1,DIRECT_QUOTE,16830,1,,,insurer_premiums_2026-08.xlsx#삼성!E102,2026-08-17
SAMSUNG,고급플랜,2,F,50,17110,1,DIRECT_QUOTE,17110,1,,,insurer_premiums_2026-08.xlsx#삼성!E104,2026-08-17
SAMSUNG,고급플랜,2,F,51,17480,1,DIRECT_QUOTE,17480,1,,,insurer_premiums_2026-08.xlsx#삼성!E106,2026-08-17
SAMSUNG,고급플랜,2,F,52,17910,1,DIRECT_QUOTE,17910,1,,,insurer_premiums_2026-08.xlsx#삼성!E108,2026-08-17
SAMSUNG,고급플랜,2,F,53,18320,1,DIRECT_QUOTE,18320,1,,,insurer_premiums_2026-08.xlsx#삼성!E110,2026-08-17
SAMSUNG,고급플랜,2,F,54,18720,1,DIRECT_QUOTE,18720,1,,,insurer_premiums_2026-08.xlsx#삼성!E112,2026-08-17
SAMSUNG,고급플랜,2,F,55,19150,1,DIRECT_QUOTE,19150,1,,,insurer_premiums_2026-08.xlsx#삼성!E114,2026-08-17
SAMSUNG,고급플랜,2,F,56,19620,1,DIRECT_QUOTE,19620,1,,,insurer_premiums_2026-08.xlsx#삼성!E116,2026-08-17
SAMSUNG,고급플랜,2,F,57,20370,1,DIRECT_QUOTE,20370,1,,,insurer_premiums_2026-08.xlsx#삼성!E118,2026-08-17
SAMSUNG,고급플랜,2,F,58,21080,1,DIRECT_QUOTE,21080,1,,,insurer_premiums_2026-08.xlsx#삼성!E120,2026-08-17
SAMSUNG,고급플랜,2,F,59,21850,1,DIRECT_QUOTE,21850,1,,,insurer_premiums_2026-08.xlsx#삼성!E122,2026-08-17
SAMSUNG,고급플랜,2,F,60,22560,1,DIRECT_QUOTE,22560,1,,,insurer_premiums_2026-08.xlsx#삼성!E124,2026-08-17
SAMSUNG,고급플랜,2,F,61,23330,1,DIRECT_QUOTE,23330,1,,,insurer_premiums_2026-08.xlsx#삼성!E126,2026-08-17
SAMSUNG,고급플랜,2,F,62,24270,1,DIRECT_QUOTE,24270,1,,,insurer_premiums_2026-08.xlsx#삼성!E128,2026-08-17
SAMSUNG,고급플랜,2,F,63,25210,1,DIRECT_QUOTE,25210,1,,,insurer_premiums_2026-08.xlsx#삼성!E130,2026-08-17
SAMSUNG,고급플랜,2,F,64,26190,1,DIRECT_QUOTE,26190,1,,,insurer_premiums_2026-08.xlsx#삼성!E132,2026-08-17
SAMSUNG,고급플랜,2,F,65,27200,1,DIRECT_QUOTE,27200,1,,,insurer_premiums_2026-08.xlsx#삼성!E134,2026-08-17
SAMSUNG,고급플랜,2,F,66,28180,1,DIRECT_QUOTE,28180,1,,,insurer_premiums_2026-08.xlsx#삼성!E136,2026-08-17
SAMSUNG,고급플랜,2,F,67,28880,1,DIRECT_QUOTE,28880,1,,,insurer_premiums_2026-08.xlsx#삼성!E138,2026-08-17
SAMSUNG,고급플랜,2,F,68,29640,1,DIRECT_QUOTE,29640,1,,,insurer_premiums_2026-08.xlsx#삼성!E140,2026-08-17
SAMSUNG,고급플랜,2,F,69,30360,1,DIRECT_QUOTE,30360,1,,,insurer_premiums_2026-08.xlsx#삼성!E142,2026-08-17
SAMSUNG,고급플랜,2,F,70,28200,1,DIRECT_QUOTE,28200,1,,,insurer_premiums_2026-08.xlsx#삼성!E144,2026-08-17
SAMSUNG,고급플랜,2,F,71,28940,1,DIRECT_QUOTE,28940,1,,,insurer_premiums_2026-08.xlsx#삼성!E146,2026-08-17
SAMSUNG,고급플랜,2,F,72,30160,1,DIRECT_QUOTE,30160,1,,,insurer_premiums_2026-08.xlsx#삼성!E148,2026-08-17
SAMSUNG,고급플랜,2,F,73,31350,1,DIRECT_QUOTE,31350,1,,,insurer_premiums_2026-08.xlsx#삼성!E150,2026-08-17
SAMSUNG,고급플랜,2,F,74,32630,1,DIRECT_QUOTE,32630,1,,,insurer_premiums_2026-08.xlsx#삼성!E152,2026-08-17
SAMSUNG,고급플랜,2,F,75,33860,1,DIRECT_QUOTE,33860,1,,,insurer_premiums_2026-08.xlsx#삼성!E154,2026-08-17
SAMSUNG,고급플랜,2,F,76,35190,1,DIRECT_QUOTE,35190,1,,,insurer_premiums_2026-08.xlsx#삼성!E156,2026-08-17
SAMSUNG,고급플랜,2,F,77,35780,1,DIRECT_QUOTE,35780,1,,,insurer_premiums_2026-08.xlsx#삼성!E158,2026-08-17
SAMSUNG,고급플랜,2,F,78,36380,1,DIRECT_QUOTE,36380,1,,,insurer_premiums_2026-08.xlsx#삼성!E160,2026-08-17
SAMSUNG,고급플랜,2,F,79,36980,1,DIRECT_QUOTE,36980,1,,,insurer_premiums_2026-08.xlsx#삼성!E162,2026-08-17
SAMSUNG,고급플랜,2,F,80,37560,1,DIRECT_QUOTE,37560,1,,,insurer_premiums_2026-08.xlsx#삼성!E164,2026-08-17
SAMSUNG,고급플랜,2,M,0,11050,1,DIRECT_QUOTE,11050,1,,,insurer_premiums_2026-08.xlsx#삼성!E3,2026-08-17
SAMSUNG,고급플랜,2,M,1,9640,1,DIRECT_QUOTE,9640,1,,,insurer_premiums_2026-08.xlsx#삼성!E5,2026-08-17
SAMSUNG,고급플랜,2,M,2,8930,1,DIRECT_QUOTE,8930,1,,,insurer_premiums_2026-08.xlsx#삼성!E7,2026-08-17
SAMSUNG,고급플랜,2,M,3,8890,1,DIRECT_QUOTE,8890,1,,,insurer_premiums_2026-08.xlsx#삼성!E9,2026-08-17
SAMSUNG,고급플랜,2,M,4,8730,1,DIRECT_QUOTE,8730,1,,,insurer_premiums_2026-08.xlsx#삼성!E11,2026-08-17
SAMSUNG,고급플랜,2,M,5,9160,1,DIRECT_QUOTE,9160,1,,,insurer_premiums_2026-08.xlsx#삼성!E13,2026-08-17
SAMSUNG,고급플랜,2,M,6,8890,1,DIRECT_QUOTE,8890,1,,,insurer_premiums_2026-08.xlsx#삼성!E15,2026-08-17
SAMSUNG,고급플랜,2,M,7,8910,1,DIRECT_QUOTE,8910,1,,,insurer_premiums_2026-08.xlsx#삼성!E17,2026-08-17
SAMSUNG,고급플랜,2,M,8,8910,1,DIRECT_QUOTE,8910,1,,,insurer_premiums_2026-08.xlsx#삼성!E19,2026-08-17
SAMSUNG,고급플랜,2,M,9,8910,1,DIRECT_QUOTE,8910,1,,,insurer_premiums_2026-08.xlsx#삼성!E21,2026-08-17
SAMSUNG,고급플랜,2,M,10,8890,1,DIRECT_QUOTE,8890,1,,,insurer_premiums_2026-08.xlsx#삼성!E23,2026-08-17
SAMSUNG,고급플랜,2,M,11,8950,1,DIRECT_QUOTE,8950,1,,,insurer_premiums_2026-08.xlsx#삼성!E25,2026-08-17
SAMSUNG,고급플랜,2,M,12,9060,1,DIRECT_QUOTE,9060,1,,,insurer_premiums_2026-08.xlsx#삼성!E27,2026-08-17
SAMSUNG,고급플랜,2,M,13,9140,1,DIRECT_QUOTE,9140,1,,,insurer_premiums_2026-08.xlsx#삼성!E29,2026-08-17
SAMSUNG,고급플랜,2,M,14,9290,1,DIRECT_QUOTE,9290,1,,,insurer_premiums_2026-08.xlsx#삼성!E31,2026-08-17
SAMSUNG,고급플랜,2,M,15,9420,1,DIRECT_QUOTE,9420,1,,,insurer_premiums_2026-08.xlsx#삼성!E33,2026-08-17
SAMSUNG,고급플랜,2,M,16,9560,1,DIRECT_QUOTE,9560,1,,,insurer_premiums_2026-08.xlsx#삼성!E35,2026-08-17
SAMSUNG,고급플랜,2,M,17,9560,1,DIRECT_QUOTE,9560,1,,,insurer_premiums_2026-08.xlsx#삼성!E37,2026-08-17
SAMSUNG,고급플랜,2,M,18,9530,1,DIRECT_QUOTE,9530,1,,,insurer_premiums_2026-08.xlsx#삼성!E39,2026-08-17
SAMSUNG,고급플랜,2,M,19,12170,1,DIRECT_QUOTE,12170,1,,,insurer_premiums_2026-08.xlsx#삼성!E41,2026-08-17
SAMSUNG,고급플랜,2,M,20,12130,1,DIRECT_QUOTE,12130,1,,,insurer_premiums_2026-08.xlsx#삼성!E43,2026-08-17
SAMSUNG,고급플랜,2,M,21,12130,1,DIRECT_QUOTE,12130,1,,,insurer_premiums_2026-08.xlsx#삼성!E45,2026-08-17
SAMSUNG,고급플랜,2,M,22,12130,1,DIRECT_QUOTE,12130,1,,,insurer_premiums_2026-08.xlsx#삼성!E47,2026-08-17
SAMSUNG,고급플랜,2,M,23,12170,1,DIRECT_QUOTE,12170,1,,,insurer_premiums_2026-08.xlsx#삼성!E49,2026-08-17
SAMSUNG,고급플랜,2,M,24,12170,1,DIRECT_QUOTE,12170,1,,,insurer_premiums_2026-08.xlsx#삼성!E51,2026-08-17
SAMSUNG,고급플랜,2,M,25,12250,1,DIRECT_QUOTE,12250,1,,,insurer_premiums_2026-08.xlsx#삼성!E53,2026-08-17
SAMSUNG,고급플랜,2,M,26,12250,1,DIRECT_QUOTE,12250,1,,,insurer_premiums_2026-08.xlsx#삼성!E55,2026-08-17
SAMSUNG,고급플랜,2,M,27,12270,1,DIRECT_QUOTE,12270,1,,,insurer_premiums_2026-08.xlsx#삼성!E57,2026-08-17
SAMSUNG,고급플랜,2,M,28,12310,1,DIRECT_QUOTE,12310,1,,,insurer_premiums_2026-08.xlsx#삼성!E59,2026-08-17
SAMSUNG,고급플랜,2,M,29,12350,1,DIRECT_QUOTE,12350,1,,,insurer_premiums_2026-08.xlsx#삼성!E61,2026-08-17
SAMSUNG,고급플랜,2,M,30,12390,1,DIRECT_QUOTE,12390,1,,,insurer_premiums_2026-08.xlsx#삼성!E63,2026-08-17
SAMSUNG,고급플랜,2,M,31,12380,1,DIRECT_QUOTE,12380,1,,,insurer_premiums_2026-08.xlsx#삼성!E65,2026-08-17
SAMSUNG,고급플랜,2,M,32,12470,1,DIRECT_QUOTE,12470,1,,,insurer_premiums_2026-08.xlsx#삼성!E67,2026-08-17
SAMSUNG,고급플랜,2,M,33,12540,1,DIRECT_QUOTE,12540,1,,,insurer_premiums_2026-08.xlsx#삼성!E69,2026-08-17
SAMSUNG,고급플랜,2,M,34,12570,1,DIRECT_QUOTE,12570,1,,,insurer_premiums_2026-08.xlsx#삼성!E71,2026-08-17
SAMSUNG,고급플랜,2,M,35,12720,1,DIRECT_QUOTE,12720,1,,,insurer_premiums_2026-08.xlsx#삼성!E73,2026-08-17
SAMSUNG,고급플랜,2,M,36,12790,1,DIRECT_QUOTE,12790,1,,,insurer_premiums_2026-08.xlsx#삼성!E75,2026-08-17
SAMSUNG,고급플랜,2,M,37,12900,1,DIRECT_QUOTE,12900,1,,,insurer_premiums_2026-08.xlsx#삼성!E77,2026-08-17
SAMSUNG,고급플랜,2,M,38,12990,1,DIRECT_QUOTE,12990,1,,,insurer_premiums_2026-08.xlsx#삼성!E79,2026-08-17
SAMSUNG,고급플랜,2,M,39,13180,1,DIRECT_QUOTE,13180,1,,,insurer_premiums_2026-08.xlsx#삼성!E81,2026-08-17
SAMSUNG,고급플랜,2,M,40,13280,1,DIRECT_QUOTE,13280,1,,,insurer_premiums_2026-08.xlsx#삼성!E83,2026-08-17
SAMSUNG,고급플랜,2,M,41,13410,1,DIRECT_QUOTE,13410,1,,,insurer_premiums_2026-08.xlsx#삼성!E85,2026-08-17
SAMSUNG,고급플랜,2,M,42,13580,1,DIRECT_QUOTE,13580,1,,,insurer_premiums_2026-08.xlsx#삼성!E87,2026-08-17
SAMSUNG,고급플랜,2,M,43,13750,1,DIRECT_QUOTE,13750,1,,,insurer_premiums_2026-08.xlsx#삼성!E89,2026-08-17
SAMSUNG,고급플랜,2,M,44,13910,1,DIRECT_QUOTE,13910,1,,,insurer_premiums_2026-08.xlsx#삼성!E91,2026-08-17
SAMSUNG,고급플랜,2,M,45,14120,1,DIRECT_QUOTE,14120,1,,,insurer_premiums_2026-08.xlsx#삼성!E93,2026-08-17
SAMSUNG,고급플랜,2,M,46,14260,1,DIRECT_QUOTE,14260,1,,,insurer_premiums_2026-08.xlsx#삼성!E95,2026-08-17
SAMSUNG,고급플랜,2,M,47,14530,1,DIRECT_QUOTE,14530,1,,,insurer_premiums_2026-08.xlsx#삼성!E97,2026-08-17
SAMSUNG,고급플랜,2,M,48,14820,1,DIRECT_QUOTE,14820,1,,,insurer_premiums_2026-08.xlsx#삼성!E99,2026-08-17
SAMSUNG,고급플랜,2,M,49,15050,1,DIRECT_QUOTE,15050,1,,,insurer_premiums_2026-08.xlsx#삼성!E101,2026-08-17
SAMSUNG,고급플랜,2,M,50,15340,1,DIRECT_QUOTE,15340,1,,,insurer_premiums_2026-08.xlsx#삼성!E103,2026-08-17
SAMSUNG,고급플랜,2,M,51,15600,1,DIRECT_QUOTE,15600,1,,,insurer_premiums_2026-08.xlsx#삼성!E105,2026-08-17
SAMSUNG,고급플랜,2,M,52,16030,1,DIRECT_QUOTE,16030,1,,,insurer_premiums_2026-08.xlsx#삼성!E107,2026-08-17
SAMSUNG,고급플랜,2,M,53,16360,1,DIRECT_QUOTE,16360,1,,,insurer_premiums_2026-08.xlsx#삼성!E109,2026-08-17
SAMSUNG,고급플랜,2,M,54,16820,1,DIRECT_QUOTE,16820,1,,,insurer_premiums_2026-08.xlsx#삼성!E111,2026-08-17
SAMSUNG,고급플랜,2,M,55,17180,1,DIRECT_QUOTE,17180,1,,,insurer_premiums_2026-08.xlsx#삼성!E113,2026-08-17
SAMSUNG,고급플랜,2,M,56,17640,1,DIRECT_QUOTE,17640,1,,,insurer_premiums_2026-08.xlsx#삼성!E115,2026-08-17
SAMSUNG,고급플랜,2,M,57,18130,1,DIRECT_QUOTE,18130,1,,,insurer_premiums_2026-08.xlsx#삼성!E117,2026-08-17
SAMSUNG,고급플랜,2,M,58,18700,1,DIRECT_QUOTE,18700,1,,,insurer_premiums_2026-08.xlsx#삼성!E119,2026-08-17
SAMSUNG,고급플랜,2,M,59,19240,1,DIRECT_QUOTE,19240,1,,,insurer_premiums_2026-08.xlsx#삼성!E121,2026-08-17
SAMSUNG,고급플랜,2,M,60,19770,1,DIRECT_QUOTE,19770,1,,,insurer_premiums_2026-08.xlsx#삼성!E123,2026-08-17
SAMSUNG,고급플랜,2,M,61,20300,1,DIRECT_QUOTE,20300,1,,,insurer_premiums_2026-08.xlsx#삼성!E125,2026-08-17
SAMSUNG,고급플랜,2,M,62,20820,1,DIRECT_QUOTE,20820,1,,,insurer_premiums_2026-08.xlsx#삼성!E127,2026-08-17
SAMSUNG,고급플랜,2,M,63,21390,1,DIRECT_QUOTE,21390,1,,,insurer_premiums_2026-08.xlsx#삼성!E129,2026-08-17
SAMSUNG,고급플랜,2,M,64,21990,1,DIRECT_QUOTE,21990,1,,,insurer_premiums_2026-08.xlsx#삼성!E131,2026-08-17
SAMSUNG,고급플랜,2,M,65,22590,1,DIRECT_QUOTE,22590,1,,,insurer_premiums_2026-08.xlsx#삼성!E133,2026-08-17
SAMSUNG,고급플랜,2,M,66,23140,1,DIRECT_QUOTE,23140,1,,,insurer_premiums_2026-08.xlsx#삼성!E135,2026-08-17
SAMSUNG,고급플랜,2,M,67,23610,1,DIRECT_QUOTE,23610,1,,,insurer_premiums_2026-08.xlsx#삼성!E137,2026-08-17
SAMSUNG,고급플랜,2,M,68,24010,1,DIRECT_QUOTE,24010,1,,,insurer_premiums_2026-08.xlsx#삼성!E139,2026-08-17
SAMSUNG,고급플랜,2,M,69,24470,1,DIRECT_QUOTE,24470,1,,,insurer_premiums_2026-08.xlsx#삼성!E141,2026-08-17
SAMSUNG,고급플랜,2,M,70,21930,1,DIRECT_QUOTE,21930,1,,,insurer_premiums_2026-08.xlsx#삼성!E143,2026-08-17
SAMSUNG,고급플랜,2,M,71,22330,1,DIRECT_QUOTE,22330,1,,,insurer_premiums_2026-08.xlsx#삼성!E145,2026-08-17
SAMSUNG,고급플랜,2,M,72,22840,1,DIRECT_QUOTE,22840,1,,,insurer_premiums_2026-08.xlsx#삼성!E147,2026-08-17
SAMSUNG,고급플랜,2,M,73,23290,1,DIRECT_QUOTE,23290,1,,,insurer_premiums_2026-08.xlsx#삼성!E149,2026-08-17
SAMSUNG,고급플랜,2,M,74,23770,1,DIRECT_QUOTE,23770,1,,,insurer_premiums_2026-08.xlsx#삼성!E151,2026-08-17
SAMSUNG,고급플랜,2,M,75,24220,1,DIRECT_QUOTE,24220,1,,,insurer_premiums_2026-08.xlsx#삼성!E153,2026-08-17
SAMSUNG,고급플랜,2,M,76,24710,1,DIRECT_QUOTE,24710,1,,,insurer_premiums_2026-08.xlsx#삼성!E155,2026-08-17
SAMSUNG,고급플랜,2,M,77,25090,1,DIRECT_QUOTE,25090,1,,,insurer_premiums_2026-08.xlsx#삼성!E157,2026-08-17
SAMSUNG,고급플랜,2,M,78,25490,1,DIRECT_QUOTE,25490,1,,,insurer_premiums_2026-08.xlsx#삼성!E159,2026-08-17
SAMSUNG,고급플랜,2,M,79,25900,1,DIRECT_QUOTE,25900,1,,,insurer_premiums_2026-08.xlsx#삼성!E161,2026-08-17
SAMSUNG,고급플랜,2,M,80,26280,1,DIRECT_QUOTE,26280,1,,,insurer_premiums_2026-08.xlsx#삼성!E163,2026-08-17
SAMSUNG,실속플랜,0,F,0,6910,1,DIRECT_QUOTE,6910,1,,,insurer_premiums_2026-08.xlsx#삼성!C4,2026-08-17
SAMSUNG,실속플랜,0,F,1,6260,1,DIRECT_QUOTE,6260,1,,,insurer_premiums_2026-08.xlsx#삼성!C6,2026-08-17
SAMSUNG,실속플랜,0,F,2,5860,1,DIRECT_QUOTE,5860,1,,,insurer_premiums_2026-08.xlsx#삼성!C8,2026-08-17
SAMSUNG,실속플랜,0,F,3,5820,1,DIRECT_QUOTE,5820,1,,,insurer_premiums_2026-08.xlsx#삼성!C10,2026-08-17
SAMSUNG,실속플랜,0,F,4,5750,1,DIRECT_QUOTE,5750,1,,,insurer_premiums_2026-08.xlsx#삼성!C12,2026-08-17
SAMSUNG,실속플랜,0,F,5,5920,1,DIRECT_QUOTE,5920,1,,,insurer_premiums_2026-08.xlsx#삼성!C14,2026-08-17
SAMSUNG,실속플랜,0,F,6,5800,1,DIRECT_QUOTE,5800,1,,,insurer_premiums_2026-08.xlsx#삼성!C16,2026-08-17
SAMSUNG,실속플랜,0,F,7,5790,1,DIRECT_QUOTE,5790,1,,,insurer_premiums_2026-08.xlsx#삼성!C18,2026-08-17
SAMSUNG,실속플랜,0,F,8,5750,1,DIRECT_QUOTE,5750,1,,,insurer_premiums_2026-08.xlsx#삼성!C20,2026-08-17
SAMSUNG,실속플랜,0,F,9,5730,1,DIRECT_QUOTE,5730,1,,,insurer_premiums_2026-08.xlsx#삼성!C22,2026-08-17
SAMSUNG,실속플랜,0,F,10,5720,1,DIRECT_QUOTE,5720,1,,,insurer_premiums_2026-08.xlsx#삼성!C24,2026-08-17
SAMSUNG,실속플랜,0,F,11,5690,1,DIRECT_QUOTE,5690,1,,,insurer_premiums_2026-08.xlsx#삼성!C26,2026-08-17
SAMSUNG,실속플랜,0,F,12,5720,1,DIRECT_QUOTE,5720,1,,,insurer_premiums_2026-08.xlsx#삼성!C28,2026-08-17
SAMSUNG,실속플랜,0,F,13,5750,1,DIRECT_QUOTE,5750,1,,,insurer_premiums_2026-08.xlsx#삼성!C30,2026-08-17
SAMSUNG,실속플랜,0,F,14,5780,1,DIRECT_QUOTE,5780,1,,,insurer_premiums_2026-08.xlsx#삼성!C32,2026-08-17
SAMSUNG,실속플랜,0,F,15,5830,1,DIRECT_QUOTE,5830,1,,,insurer_premiums_2026-08.xlsx#삼성!C34,2026-08-17
SAMSUNG,실속플랜,0,F,16,5860,1,DIRECT_QUOTE,5860,1,,,insurer_premiums_2026-08.xlsx#삼성!C36,2026-08-17
SAMSUNG,실속플랜,0,F,17,5900,1,DIRECT_QUOTE,5900,1,,,insurer_premiums_2026-08.xlsx#삼성!C38,2026-08-17
SAMSUNG,실속플랜,0,F,18,5950,1,DIRECT_QUOTE,5950,1,,,insurer_premiums_2026-08.xlsx#삼성!C40,2026-08-17
SAMSUNG,실속플랜,0,F,19,6550,1,DIRECT_QUOTE,6550,1,,,insurer_premiums_2026-08.xlsx#삼성!C42,2026-08-17
SAMSUNG,실속플랜,0,F,20,6600,1,DIRECT_QUOTE,6600,1,,,insurer_premiums_2026-08.xlsx#삼성!C44,2026-08-17
SAMSUNG,실속플랜,0,F,21,6640,1,DIRECT_QUOTE,6640,1,,,insurer_premiums_2026-08.xlsx#삼성!C46,2026-08-17
SAMSUNG,실속플랜,0,F,22,6670,1,DIRECT_QUOTE,6670,1,,,insurer_premiums_2026-08.xlsx#삼성!C48,2026-08-17
SAMSUNG,실속플랜,0,F,23,6680,1,DIRECT_QUOTE,6680,1,,,insurer_premiums_2026-08.xlsx#삼성!C50,2026-08-17
SAMSUNG,실속플랜,0,F,24,6730,1,DIRECT_QUOTE,6730,1,,,insurer_premiums_2026-08.xlsx#삼성!C52,2026-08-17
SAMSUNG,실속플랜,0,F,25,6760,1,DIRECT_QUOTE,6760,1,,,insurer_premiums_2026-08.xlsx#삼성!C54,2026-08-17
SAMSUNG,실속플랜,0,F,26,6790,1,DIRECT_QUOTE,6790,1,,,insurer_premiums_2026-08.xlsx#삼성!C56,2026-08-17
SAMSUNG,실속플랜,0,F,27,6780,1,DIRECT_QUOTE,6780,1,,,insurer_premiums_2026-08.xlsx#삼성!C58,2026-08-17
SAMSUNG,실속플랜,0,F,28,6770,1,DIRECT_QUOTE,6770,1,,,insurer_premiums_2026-08.xlsx#삼성!C60,2026-08-17
SAMSUNG,실속플랜,0,F,29,6760,1,DIRECT_QUOTE,6760,1,,,insurer_premiums_2026-08.xlsx#삼성!C62,2026-08-17
SAMSUNG,실속플랜,0,F,30,6750,1,DIRECT_QUOTE,6750,1,,,insurer_premiums_2026-08.xlsx#삼성!C64,2026-08-17
SAMSUNG,실속플랜,0,F,31,6750,1,DIRECT_QUOTE,6750,1,,,insurer_premiums_2026-08.xlsx#삼성!C66,2026-08-17
SAMSUNG,실속플랜,0,F,32,6820,1,DIRECT_QUOTE,6820,1,,,insurer_premiums_2026-08.xlsx#삼성!C68,2026-08-17
SAMSUNG,실속플랜,0,F,33,6850,1,DIRECT_QUOTE,6850,1,,,insurer_premiums_2026-08.xlsx#삼성!C70,2026-08-17
SAMSUNG,실속플랜,0,F,34,6900,1,DIRECT_QUOTE,6900,1,,,insurer_premiums_2026-08.xlsx#삼성!C72,2026-08-17
SAMSUNG,실속플랜,0,F,35,7020,1,DIRECT_QUOTE,7020,1,,,insurer_premiums_2026-08.xlsx#삼성!C74,2026-08-17
SAMSUNG,실속플랜,0,F,36,7060,1,DIRECT_QUOTE,7060,1,,,insurer_premiums_2026-08.xlsx#삼성!C76,2026-08-17
SAMSUNG,실속플랜,0,F,37,7180,1,DIRECT_QUOTE,7180,1,,,insurer_premiums_2026-08.xlsx#삼성!C78,2026-08-17
SAMSUNG,실속플랜,0,F,38,7290,1,DIRECT_QUOTE,7290,1,,,insurer_premiums_2026-08.xlsx#삼성!C80,2026-08-17
SAMSUNG,실속플랜,0,F,39,7400,1,DIRECT_QUOTE,7400,1,,,insurer_premiums_2026-08.xlsx#삼성!C82,2026-08-17
SAMSUNG,실속플랜,0,F,40,7510,1,DIRECT_QUOTE,7510,1,,,insurer_premiums_2026-08.xlsx#삼성!C84,2026-08-17
SAMSUNG,실속플랜,0,F,41,7640,1,DIRECT_QUOTE,7640,1,,,insurer_premiums_2026-08.xlsx#삼성!C86,2026-08-17
SAMSUNG,실속플랜,0,F,42,7740,1,DIRECT_QUOTE,7740,1,,,insurer_premiums_2026-08.xlsx#삼성!C88,2026-08-17
SAMSUNG,실속플랜,0,F,43,7890,1,DIRECT_QUOTE,7890,1,,,insurer_premiums_2026-08.xlsx#삼성!C90,2026-08-17
SAMSUNG,실속플랜,0,F,44,7990,1,DIRECT_QUOTE,7990,1,,,insurer_premiums_2026-08.xlsx#삼성!C92,2026-08-17
SAMSUNG,실속플랜,0,F,45,8120,1,DIRECT_QUOTE,8120,1,,,insurer_premiums_2026-08.xlsx#삼성!C94,2026-08-17
SAMSUNG,실속플랜,0,F,46,8250,1,DIRECT_QUOTE,8250,1,,,insurer_premiums_2026-08.xlsx#삼성!C96,2026-08-17
SAMSUNG,실속플랜,0,F,47,8400,1,DIRECT_QUOTE,8400,1,,,insurer_premiums_2026-08.xlsx#삼성!C98,2026-08-17
SAMSUNG,실속플랜,0,F,48,8570,1,DIRECT_QUOTE,8570,1,,,insurer_premiums_2026-08.xlsx#삼성!C100,2026-08-17
SAMSUNG,실속플랜,0,F,49,8710,1,DIRECT_QUOTE,8710,1,,,insurer_premiums_2026-08.xlsx#삼성!C102,2026-08-17
SAMSUNG,실속플랜,0,F,50,8840,1,DIRECT_QUOTE,8840,1,,,insurer_premiums_2026-08.xlsx#삼성!C104,2026-08-17
SAMSUNG,실속플랜,0,F,51,9010,1,DIRECT_QUOTE,9010,1,,,insurer_premiums_2026-08.xlsx#삼성!C106,2026-08-17
SAMSUNG,실속플랜,0,F,52,9190,1,DIRECT_QUOTE,9190,1,,,insurer_premiums_2026-08.xlsx#삼성!C108,2026-08-17
SAMSUNG,실속플랜,0,F,53,9370,1,DIRECT_QUOTE,9370,1,,,insurer_premiums_2026-08.xlsx#삼성!C110,2026-08-17
SAMSUNG,실속플랜,0,F,54,9540,1,DIRECT_QUOTE,9540,1,,,insurer_premiums_2026-08.xlsx#삼성!C112,2026-08-17
SAMSUNG,실속플랜,0,F,55,9730,1,DIRECT_QUOTE,9730,1,,,insurer_premiums_2026-08.xlsx#삼성!C114,2026-08-17
SAMSUNG,실속플랜,0,F,56,9930,1,DIRECT_QUOTE,9930,1,,,insurer_premiums_2026-08.xlsx#삼성!C116,2026-08-17
SAMSUNG,실속플랜,0,F,57,10250,1,DIRECT_QUOTE,10250,1,,,insurer_premiums_2026-08.xlsx#삼성!C118,2026-08-17
SAMSUNG,실속플랜,0,F,58,10550,1,DIRECT_QUOTE,10550,1,,,insurer_premiums_2026-08.xlsx#삼성!C120,2026-08-17
SAMSUNG,실속플랜,0,F,59,10870,1,DIRECT_QUOTE,10870,1,,,insurer_premiums_2026-08.xlsx#삼성!C122,2026-08-17
SAMSUNG,실속플랜,0,F,60,11160,1,DIRECT_QUOTE,11160,1,,,insurer_premiums_2026-08.xlsx#삼성!C124,2026-08-17
SAMSUNG,실속플랜,0,F,61,11490,1,DIRECT_QUOTE,11490,1,,,insurer_premiums_2026-08.xlsx#삼성!C126,2026-08-17
SAMSUNG,실속플랜,0,F,62,11880,1,DIRECT_QUOTE,11880,1,,,insurer_premiums_2026-08.xlsx#삼성!C128,2026-08-17
SAMSUNG,실속플랜,0,F,63,12270,1,DIRECT_QUOTE,12270,1,,,insurer_premiums_2026-08.xlsx#삼성!C130,2026-08-17
SAMSUNG,실속플랜,0,F,64,12690,1,DIRECT_QUOTE,12690,1,,,insurer_premiums_2026-08.xlsx#삼성!C132,2026-08-17
SAMSUNG,실속플랜,0,F,65,13120,1,DIRECT_QUOTE,13120,1,,,insurer_premiums_2026-08.xlsx#삼성!C134,2026-08-17
SAMSUNG,실속플랜,0,F,66,13530,1,DIRECT_QUOTE,13530,1,,,insurer_premiums_2026-08.xlsx#삼성!C136,2026-08-17
SAMSUNG,실속플랜,0,F,67,13840,1,DIRECT_QUOTE,13840,1,,,insurer_premiums_2026-08.xlsx#삼성!C138,2026-08-17
SAMSUNG,실속플랜,0,F,68,14160,1,DIRECT_QUOTE,14160,1,,,insurer_premiums_2026-08.xlsx#삼성!C140,2026-08-17
SAMSUNG,실속플랜,0,F,69,14470,1,DIRECT_QUOTE,14470,1,,,insurer_premiums_2026-08.xlsx#삼성!C142,2026-08-17
SAMSUNG,실속플랜,0,F,70,14240,1,DIRECT_QUOTE,14240,1,,,insurer_premiums_2026-08.xlsx#삼성!C144,2026-08-17
SAMSUNG,실속플랜,0,F,71,14550,1,DIRECT_QUOTE,14550,1,,,insurer_premiums_2026-08.xlsx#삼성!C146,2026-08-17
SAMSUNG,실속플랜,0,F,72,15050,1,DIRECT_QUOTE,15050,1,,,insurer_premiums_2026-08.xlsx#삼성!C148,2026-08-17
SAMSUNG,실속플랜,0,F,73,15520,1,DIRECT_QUOTE,15520,1,,,insurer_premiums_2026-08.xlsx#삼성!C150,2026-08-17
SAMSUNG,실속플랜,0,F,74,16050,1,DIRECT_QUOTE,16050,1,,,insurer_premiums_2026-08.xlsx#삼성!C152,2026-08-17
SAMSUNG,실속플랜,0,F,75,16550,1,DIRECT_QUOTE,16550,1,,,insurer_premiums_2026-08.xlsx#삼성!C154,2026-08-17
SAMSUNG,실속플랜,0,F,76,17080,1,DIRECT_QUOTE,17080,1,,,insurer_premiums_2026-08.xlsx#삼성!C156,2026-08-17
SAMSUNG,실속플랜,0,F,77,17320,1,DIRECT_QUOTE,17320,1,,,insurer_premiums_2026-08.xlsx#삼성!C158,2026-08-17
SAMSUNG,실속플랜,0,F,78,17570,1,DIRECT_QUOTE,17570,1,,,insurer_premiums_2026-08.xlsx#삼성!C160,2026-08-17
SAMSUNG,실속플랜,0,F,79,17810,1,DIRECT_QUOTE,17810,1,,,insurer_premiums_2026-08.xlsx#삼성!C162,2026-08-17
SAMSUNG,실속플랜,0,F,80,18040,1,DIRECT_QUOTE,18040,1,,,insurer_premiums_2026-08.xlsx#삼성!C164,2026-08-17
SAMSUNG,실속플랜,0,M,0,6730,1,DIRECT_QUOTE,6730,1,,,insurer_premiums_2026-08.xlsx#삼성!C3,2026-08-17
SAMSUNG,실속플랜,0,M,1,6100,1,DIRECT_QUOTE,6100,1,,,insurer_premiums_2026-08.xlsx#삼성!C5,2026-08-17
SAMSUNG,실속플랜,0,M,2,5780,1,DIRECT_QUOTE,5780,1,,,insurer_premiums_2026-08.xlsx#삼성!C7,2026-08-17
SAMSUNG,실속플랜,0,M,3,5750,1,DIRECT_QUOTE,5750,1,,,insurer_premiums_2026-08.xlsx#삼성!C9,2026-08-17
SAMSUNG,실속플랜,0,M,4,5670,1,DIRECT_QUOTE,5670,1,,,insurer_premiums_2026-08.xlsx#삼성!C11,2026-08-17
SAMSUNG,실속플랜,0,M,5,5840,1,DIRECT_QUOTE,5840,1,,,insurer_premiums_2026-08.xlsx#삼성!C13,2026-08-17
SAMSUNG,실속플랜,0,M,6,5730,1,DIRECT_QUOTE,5730,1,,,insurer_premiums_2026-08.xlsx#삼성!C15,2026-08-17
SAMSUNG,실속플랜,0,M,7,5740,1,DIRECT_QUOTE,5740,1,,,insurer_premiums_2026-08.xlsx#삼성!C17,2026-08-17
SAMSUNG,실속플랜,0,M,8,5750,1,DIRECT_QUOTE,5750,1,,,insurer_premiums_2026-08.xlsx#삼성!C19,2026-08-17
SAMSUNG,실속플랜,0,M,9,5750,1,DIRECT_QUOTE,5750,1,,,insurer_premiums_2026-08.xlsx#삼성!C21,2026-08-17
SAMSUNG,실속플랜,0,M,10,5750,1,DIRECT_QUOTE,5750,1,,,insurer_premiums_2026-08.xlsx#삼성!C23,2026-08-17
SAMSUNG,실속플랜,0,M,11,5780,1,DIRECT_QUOTE,5780,1,,,insurer_premiums_2026-08.xlsx#삼성!C25,2026-08-17
SAMSUNG,실속플랜,0,M,12,5830,1,DIRECT_QUOTE,5830,1,,,insurer_premiums_2026-08.xlsx#삼성!C27,2026-08-17
SAMSUNG,실속플랜,0,M,13,5870,1,DIRECT_QUOTE,5870,1,,,insurer_premiums_2026-08.xlsx#삼성!C29,2026-08-17
SAMSUNG,실속플랜,0,M,14,5950,1,DIRECT_QUOTE,5950,1,,,insurer_premiums_2026-08.xlsx#삼성!C31,2026-08-17
SAMSUNG,실속플랜,0,M,15,6010,1,DIRECT_QUOTE,6010,1,,,insurer_premiums_2026-08.xlsx#삼성!C33,2026-08-17
SAMSUNG,실속플랜,0,M,16,6080,1,DIRECT_QUOTE,6080,1,,,insurer_premiums_2026-08.xlsx#삼성!C35,2026-08-17
SAMSUNG,실속플랜,0,M,17,6080,1,DIRECT_QUOTE,6080,1,,,insurer_premiums_2026-08.xlsx#삼성!C37,2026-08-17
SAMSUNG,실속플랜,0,M,18,6070,1,DIRECT_QUOTE,6070,1,,,insurer_premiums_2026-08.xlsx#삼성!C39,2026-08-17
SAMSUNG,실속플랜,0,M,19,6630,1,DIRECT_QUOTE,6630,1,,,insurer_premiums_2026-08.xlsx#삼성!C41,2026-08-17
SAMSUNG,실속플랜,0,M,20,6630,1,DIRECT_QUOTE,6630,1,,,insurer_premiums_2026-08.xlsx#삼성!C43,2026-08-17
SAMSUNG,실속플랜,0,M,21,6630,1,DIRECT_QUOTE,6630,1,,,insurer_premiums_2026-08.xlsx#삼성!C45,2026-08-17
SAMSUNG,실속플랜,0,M,22,6630,1,DIRECT_QUOTE,6630,1,,,insurer_premiums_2026-08.xlsx#삼성!C47,2026-08-17
SAMSUNG,실속플랜,0,M,23,6650,1,DIRECT_QUOTE,6650,1,,,insurer_premiums_2026-08.xlsx#삼성!C49,2026-08-17
SAMSUNG,실속플랜,0,M,24,6650,1,DIRECT_QUOTE,6650,1,,,insurer_premiums_2026-08.xlsx#삼성!C51,2026-08-17
SAMSUNG,실속플랜,0,M,25,6680,1,DIRECT_QUOTE,6680,1,,,insurer_premiums_2026-08.xlsx#삼성!C53,2026-08-17
SAMSUNG,실속플랜,0,M,26,6680,1,DIRECT_QUOTE,6680,1,,,insurer_premiums_2026-08.xlsx#삼성!C55,2026-08-17
SAMSUNG,실속플랜,0,M,27,6690,1,DIRECT_QUOTE,6690,1,,,insurer_premiums_2026-08.xlsx#삼성!C57,2026-08-17
SAMSUNG,실속플랜,0,M,28,6710,1,DIRECT_QUOTE,6710,1,,,insurer_premiums_2026-08.xlsx#삼성!C59,2026-08-17
SAMSUNG,실속플랜,0,M,29,6720,1,DIRECT_QUOTE,6720,1,,,insurer_premiums_2026-08.xlsx#삼성!C61,2026-08-17
SAMSUNG,실속플랜,0,M,30,6740,1,DIRECT_QUOTE,6740,1,,,insurer_premiums_2026-08.xlsx#삼성!C63,2026-08-17
SAMSUNG,실속플랜,0,M,31,6740,1,DIRECT_QUOTE,6740,1,,,insurer_premiums_2026-08.xlsx#삼성!C65,2026-08-17
SAMSUNG,실속플랜,0,M,32,6780,1,DIRECT_QUOTE,6780,1,,,insurer_premiums_2026-08.xlsx#삼성!C67,2026-08-17
SAMSUNG,실속플랜,0,M,33,6810,1,DIRECT_QUOTE,6810,1,,,insurer_premiums_2026-08.xlsx#삼성!C69,2026-08-17
SAMSUNG,실속플랜,0,M,34,6830,1,DIRECT_QUOTE,6830,1,,,insurer_premiums_2026-08.xlsx#삼성!C71,2026-08-17
SAMSUNG,실속플랜,0,M,35,6900,1,DIRECT_QUOTE,6900,1,,,insurer_premiums_2026-08.xlsx#삼성!C73,2026-08-17
SAMSUNG,실속플랜,0,M,36,6920,1,DIRECT_QUOTE,6920,1,,,insurer_premiums_2026-08.xlsx#삼성!C75,2026-08-17
SAMSUNG,실속플랜,0,M,37,6970,1,DIRECT_QUOTE,6970,1,,,insurer_premiums_2026-08.xlsx#삼성!C77,2026-08-17
SAMSUNG,실속플랜,0,M,38,7010,1,DIRECT_QUOTE,7010,1,,,insurer_premiums_2026-08.xlsx#삼성!C79,2026-08-17
SAMSUNG,실속플랜,0,M,39,7100,1,DIRECT_QUOTE,7100,1,,,insurer_premiums_2026-08.xlsx#삼성!C81,2026-08-17
SAMSUNG,실속플랜,0,M,40,7140,1,DIRECT_QUOTE,7140,1,,,insurer_premiums_2026-08.xlsx#삼성!C83,2026-08-17
SAMSUNG,실속플랜,0,M,41,7200,1,DIRECT_QUOTE,7200,1,,,insurer_premiums_2026-08.xlsx#삼성!C85,2026-08-17
SAMSUNG,실속플랜,0,M,42,7270,1,DIRECT_QUOTE,7270,1,,,insurer_premiums_2026-08.xlsx#삼성!C87,2026-08-17
SAMSUNG,실속플랜,0,M,43,7350,1,DIRECT_QUOTE,7350,1,,,insurer_premiums_2026-08.xlsx#삼성!C89,2026-08-17
SAMSUNG,실속플랜,0,M,44,7430,1,DIRECT_QUOTE,7430,1,,,insurer_premiums_2026-08.xlsx#삼성!C91,2026-08-17
SAMSUNG,실속플랜,0,M,45,7520,1,DIRECT_QUOTE,7520,1,,,insurer_premiums_2026-08.xlsx#삼성!C93,2026-08-17
SAMSUNG,실속플랜,0,M,46,7580,1,DIRECT_QUOTE,7580,1,,,insurer_premiums_2026-08.xlsx#삼성!C95,2026-08-17
SAMSUNG,실속플랜,0,M,47,7710,1,DIRECT_QUOTE,7710,1,,,insurer_premiums_2026-08.xlsx#삼성!C97,2026-08-17
SAMSUNG,실속플랜,0,M,48,7840,1,DIRECT_QUOTE,7840,1,,,insurer_premiums_2026-08.xlsx#삼성!C99,2026-08-17
SAMSUNG,실속플랜,0,M,49,7940,1,DIRECT_QUOTE,7940,1,,,insurer_premiums_2026-08.xlsx#삼성!C101,2026-08-17
SAMSUNG,실속플랜,0,M,50,8070,1,DIRECT_QUOTE,8070,1,,,insurer_premiums_2026-08.xlsx#삼성!C103,2026-08-17
SAMSUNG,실속플랜,0,M,51,8190,1,DIRECT_QUOTE,8190,1,,,insurer_premiums_2026-08.xlsx#삼성!C105,2026-08-17
SAMSUNG,실속플랜,0,M,52,8380,1,DIRECT_QUOTE,8380,1,,,insurer_premiums_2026-08.xlsx#삼성!C107,2026-08-17
SAMSUNG,실속플랜,0,M,53,8530,1,DIRECT_QUOTE,8530,1,,,insurer_premiums_2026-08.xlsx#삼성!C109,2026-08-17
SAMSUNG,실속플랜,0,M,54,8730,1,DIRECT_QUOTE,8730,1,,,insurer_premiums_2026-08.xlsx#삼성!C111,2026-08-17
SAMSUNG,실속플랜,0,M,55,8890,1,DIRECT_QUOTE,8890,1,,,insurer_premiums_2026-08.xlsx#삼성!C113,2026-08-17
SAMSUNG,실속플랜,0,M,56,9100,1,DIRECT_QUOTE,9100,1,,,insurer_premiums_2026-08.xlsx#삼성!C115,2026-08-17
SAMSUNG,실속플랜,0,M,57,9310,1,DIRECT_QUOTE,9310,1,,,insurer_premiums_2026-08.xlsx#삼성!C117,2026-08-17
SAMSUNG,실속플랜,0,M,58,9550,1,DIRECT_QUOTE,9550,1,,,insurer_premiums_2026-08.xlsx#삼성!C119,2026-08-17
SAMSUNG,실속플랜,0,M,59,9790,1,DIRECT_QUOTE,9790,1,,,insurer_premiums_2026-08.xlsx#삼성!C121,2026-08-17
SAMSUNG,실속플랜,0,M,60,10010,1,DIRECT_QUOTE,10010,1,,,insurer_premiums_2026-08.xlsx#삼성!C123,2026-08-17
SAMSUNG,실속플랜,0,M,61,10240,1,DIRECT_QUOTE,10240,1,,,insurer_premiums_2026-08.xlsx#삼성!C125,2026-08-17
SAMSUNG,실속플랜,0,M,62,10470,1,DIRECT_QUOTE,10470,1,,,insurer_premiums_2026-08.xlsx#삼성!C127,2026-08-17
SAMSUNG,실속플랜,0,M,63,10720,1,DIRECT_QUOTE,10720,1,,,insurer_premiums_2026-08.xlsx#삼성!C129,2026-08-17
SAMSUNG,실속플랜,0,M,64,10990,1,DIRECT_QUOTE,10990,1,,,insurer_premiums_2026-08.xlsx#삼성!C131,2026-08-17
SAMSUNG,실속플랜,0,M,65,11260,1,DIRECT_QUOTE,11260,1,,,insurer_premiums_2026-08.xlsx#삼성!C133,2026-08-17
SAMSUNG,실속플랜,0,M,66,11510,1,DIRECT_QUOTE,11510,1,,,insurer_premiums_2026-08.xlsx#삼성!C135,2026-08-17
SAMSUNG,실속플랜,0,M,67,11730,1,DIRECT_QUOTE,11730,1,,,insurer_premiums_2026-08.xlsx#삼성!C137,2026-08-17
SAMSUNG,실속플랜,0,M,68,11910,1,DIRECT_QUOTE,11910,1,,,insurer_premiums_2026-08.xlsx#삼성!C139,2026-08-17
SAMSUNG,실속플랜,0,M,69,12110,1,DIRECT_QUOTE,12110,1,,,insurer_premiums_2026-08.xlsx#삼성!C141,2026-08-17
SAMSUNG,실속플랜,0,M,70,11730,1,DIRECT_QUOTE,11730,1,,,insurer_premiums_2026-08.xlsx#삼성!C143,2026-08-17
SAMSUNG,실속플랜,0,M,71,11900,1,DIRECT_QUOTE,11900,1,,,insurer_premiums_2026-08.xlsx#삼성!C145,2026-08-17
SAMSUNG,실속플랜,0,M,72,12110,1,DIRECT_QUOTE,12110,1,,,insurer_premiums_2026-08.xlsx#삼성!C147,2026-08-17
SAMSUNG,실속플랜,0,M,73,12300,1,DIRECT_QUOTE,12300,1,,,insurer_premiums_2026-08.xlsx#삼성!C149,2026-08-17
SAMSUNG,실속플랜,0,M,74,12500,1,DIRECT_QUOTE,12500,1,,,insurer_premiums_2026-08.xlsx#삼성!C151,2026-08-17
SAMSUNG,실속플랜,0,M,75,12680,1,DIRECT_QUOTE,12680,1,,,insurer_premiums_2026-08.xlsx#삼성!C153,2026-08-17
SAMSUNG,실속플랜,0,M,76,12870,1,DIRECT_QUOTE,12870,1,,,insurer_premiums_2026-08.xlsx#삼성!C155,2026-08-17
SAMSUNG,실속플랜,0,M,77,13040,1,DIRECT_QUOTE,13040,1,,,insurer_premiums_2026-08.xlsx#삼성!C157,2026-08-17
SAMSUNG,실속플랜,0,M,78,13200,1,DIRECT_QUOTE,13200,1,,,insurer_premiums_2026-08.xlsx#삼성!C159,2026-08-17
SAMSUNG,실속플랜,0,M,79,13360,1,DIRECT_QUOTE,13360,1,,,insurer_premiums_2026-08.xlsx#삼성!C161,2026-08-17
SAMSUNG,실속플랜,0,M,80,13520,1,DIRECT_QUOTE,13520,1,,,insurer_premiums_2026-08.xlsx#삼성!C163,2026-08-17
SAMSUNG,표준플랜,1,F,0,8630,1,DIRECT_QUOTE,8630,1,,,insurer_premiums_2026-08.xlsx#삼성!D4,2026-08-17
SAMSUNG,표준플랜,1,F,1,7690,1,DIRECT_QUOTE,7690,1,,,insurer_premiums_2026-08.xlsx#삼성!D6,2026-08-17
SAMSUNG,표준플랜,1,F,2,7130,1,DIRECT_QUOTE,7130,1,,,insurer_premiums_2026-08.xlsx#삼성!D8,2026-08-17
SAMSUNG,표준플랜,1,F,3,7080,1,DIRECT_QUOTE,7080,1,,,insurer_premiums_2026-08.xlsx#삼성!D10,2026-08-17
SAMSUNG,표준플랜,1,F,4,6990,1,DIRECT_QUOTE,6990,1,,,insurer_premiums_2026-08.xlsx#삼성!D12,2026-08-17
SAMSUNG,표준플랜,1,F,5,7250,1,DIRECT_QUOTE,7250,1,,,insurer_premiums_2026-08.xlsx#삼성!D14,2026-08-17
SAMSUNG,표준플랜,1,F,6,7080,1,DIRECT_QUOTE,7080,1,,,insurer_premiums_2026-08.xlsx#삼성!D16,2026-08-17
SAMSUNG,표준플랜,1,F,7,7050,1,DIRECT_QUOTE,7050,1,,,insurer_premiums_2026-08.xlsx#삼성!D18,2026-08-17
SAMSUNG,표준플랜,1,F,8,7000,1,DIRECT_QUOTE,7000,1,,,insurer_premiums_2026-08.xlsx#삼성!D20,2026-08-17
SAMSUNG,표준플랜,1,F,9,6970,1,DIRECT_QUOTE,6970,1,,,insurer_premiums_2026-08.xlsx#삼성!D22,2026-08-17
SAMSUNG,표준플랜,1,F,10,6960,1,DIRECT_QUOTE,6960,1,,,insurer_premiums_2026-08.xlsx#삼성!D24,2026-08-17
SAMSUNG,표준플랜,1,F,11,6910,1,DIRECT_QUOTE,6910,1,,,insurer_premiums_2026-08.xlsx#삼성!D26,2026-08-17
SAMSUNG,표준플랜,1,F,12,6960,1,DIRECT_QUOTE,6960,1,,,insurer_premiums_2026-08.xlsx#삼성!D28,2026-08-17
SAMSUNG,표준플랜,1,F,13,6990,1,DIRECT_QUOTE,6990,1,,,insurer_premiums_2026-08.xlsx#삼성!D30,2026-08-17
SAMSUNG,표준플랜,1,F,14,7040,1,DIRECT_QUOTE,7040,1,,,insurer_premiums_2026-08.xlsx#삼성!D32,2026-08-17
SAMSUNG,표준플랜,1,F,15,7100,1,DIRECT_QUOTE,7100,1,,,insurer_premiums_2026-08.xlsx#삼성!D34,2026-08-17
SAMSUNG,표준플랜,1,F,16,7140,1,DIRECT_QUOTE,7140,1,,,insurer_premiums_2026-08.xlsx#삼성!D36,2026-08-17
SAMSUNG,표준플랜,1,F,17,7200,1,DIRECT_QUOTE,7200,1,,,insurer_premiums_2026-08.xlsx#삼성!D38,2026-08-17
SAMSUNG,표준플랜,1,F,18,7270,1,DIRECT_QUOTE,7270,1,,,insurer_premiums_2026-08.xlsx#삼성!D40,2026-08-17
SAMSUNG,표준플랜,1,F,19,8620,1,DIRECT_QUOTE,8620,1,,,insurer_premiums_2026-08.xlsx#삼성!D42,2026-08-17
SAMSUNG,표준플랜,1,F,20,8680,1,DIRECT_QUOTE,8680,1,,,insurer_premiums_2026-08.xlsx#삼성!D44,2026-08-17
SAMSUNG,표준플랜,1,F,21,8740,1,DIRECT_QUOTE,8740,1,,,insurer_premiums_2026-08.xlsx#삼성!D46,2026-08-17
SAMSUNG,표준플랜,1,F,22,8790,1,DIRECT_QUOTE,8790,1,,,insurer_premiums_2026-08.xlsx#삼성!D48,2026-08-17
SAMSUNG,표준플랜,1,F,23,8800,1,DIRECT_QUOTE,8800,1,,,insurer_premiums_2026-08.xlsx#삼성!D50,2026-08-17
SAMSUNG,표준플랜,1,F,24,8870,1,DIRECT_QUOTE,8870,1,,,insurer_premiums_2026-08.xlsx#삼성!D52,2026-08-17
SAMSUNG,표준플랜,1,F,25,8920,1,DIRECT_QUOTE,8920,1,,,insurer_premiums_2026-08.xlsx#삼성!D54,2026-08-17
SAMSUNG,표준플랜,1,F,26,8950,1,DIRECT_QUOTE,8950,1,,,insurer_premiums_2026-08.xlsx#삼성!D56,2026-08-17
SAMSUNG,표준플랜,1,F,27,8930,1,DIRECT_QUOTE,8930,1,,,insurer_premiums_2026-08.xlsx#삼성!D58,2026-08-17
SAMSUNG,표준플랜,1,F,28,8920,1,DIRECT_QUOTE,8920,1,,,insurer_premiums_2026-08.xlsx#삼성!D60,2026-08-17
SAMSUNG,표준플랜,1,F,29,8900,1,DIRECT_QUOTE,8900,1,,,insurer_premiums_2026-08.xlsx#삼성!D62,2026-08-17
SAMSUNG,표준플랜,1,F,30,8880,1,DIRECT_QUOTE,8880,1,,,insurer_premiums_2026-08.xlsx#삼성!D64,2026-08-17
SAMSUNG,표준플랜,1,F,31,8880,1,DIRECT_QUOTE,8880,1,,,insurer_premiums_2026-08.xlsx#삼성!D66,2026-08-17
SAMSUNG,표준플랜,1,F,32,8970,1,DIRECT_QUOTE,8970,1,,,insurer_premiums_2026-08.xlsx#삼성!D68,2026-08-17
SAMSUNG,표준플랜,1,F,33,9020,1,DIRECT_QUOTE,9020,1,,,insurer_premiums_2026-08.xlsx#삼성!D70,2026-08-17
SAMSUNG,표준플랜,1,F,34,9090,1,DIRECT_QUOTE,9090,1,,,insurer_premiums_2026-08.xlsx#삼성!D72,2026-08-17
SAMSUNG,표준플랜,1,F,35,9260,1,DIRECT_QUOTE,9260,1,,,insurer_premiums_2026-08.xlsx#삼성!D74,2026-08-17
SAMSUNG,표준플랜,1,F,36,9310,1,DIRECT_QUOTE,9310,1,,,insurer_premiums_2026-08.xlsx#삼성!D76,2026-08-17
SAMSUNG,표준플랜,1,F,37,9490,1,DIRECT_QUOTE,9490,1,,,insurer_premiums_2026-08.xlsx#삼성!D78,2026-08-17
SAMSUNG,표준플랜,1,F,38,9640,1,DIRECT_QUOTE,9640,1,,,insurer_premiums_2026-08.xlsx#삼성!D80,2026-08-17
SAMSUNG,표준플랜,1,F,39,9800,1,DIRECT_QUOTE,9800,1,,,insurer_premiums_2026-08.xlsx#삼성!D82,2026-08-17
SAMSUNG,표준플랜,1,F,40,9960,1,DIRECT_QUOTE,9960,1,,,insurer_premiums_2026-08.xlsx#삼성!D84,2026-08-17
SAMSUNG,표준플랜,1,F,41,10150,1,DIRECT_QUOTE,10150,1,,,insurer_premiums_2026-08.xlsx#삼성!D86,2026-08-17
SAMSUNG,표준플랜,1,F,42,10280,1,DIRECT_QUOTE,10280,1,,,insurer_premiums_2026-08.xlsx#삼성!D88,2026-08-17
SAMSUNG,표준플랜,1,F,43,10500,1,DIRECT_QUOTE,10500,1,,,insurer_premiums_2026-08.xlsx#삼성!D90,2026-08-17
SAMSUNG,표준플랜,1,F,44,10640,1,DIRECT_QUOTE,10640,1,,,insurer_premiums_2026-08.xlsx#삼성!D92,2026-08-17
SAMSUNG,표준플랜,1,F,45,10810,1,DIRECT_QUOTE,10810,1,,,insurer_premiums_2026-08.xlsx#삼성!D94,2026-08-17
SAMSUNG,표준플랜,1,F,46,10990,1,DIRECT_QUOTE,10990,1,,,insurer_premiums_2026-08.xlsx#삼성!D96,2026-08-17
SAMSUNG,표준플랜,1,F,47,11200,1,DIRECT_QUOTE,11200,1,,,insurer_premiums_2026-08.xlsx#삼성!D98,2026-08-17
SAMSUNG,표준플랜,1,F,48,11440,1,DIRECT_QUOTE,11440,1,,,insurer_premiums_2026-08.xlsx#삼성!D100,2026-08-17
SAMSUNG,표준플랜,1,F,49,11630,1,DIRECT_QUOTE,11630,1,,,insurer_premiums_2026-08.xlsx#삼성!D102,2026-08-17
SAMSUNG,표준플랜,1,F,50,11800,1,DIRECT_QUOTE,11800,1,,,insurer_premiums_2026-08.xlsx#삼성!D104,2026-08-17
SAMSUNG,표준플랜,1,F,51,12040,1,DIRECT_QUOTE,12040,1,,,insurer_premiums_2026-08.xlsx#삼성!D106,2026-08-17
SAMSUNG,표준플랜,1,F,52,12310,1,DIRECT_QUOTE,12310,1,,,insurer_premiums_2026-08.xlsx#삼성!D108,2026-08-17
SAMSUNG,표준플랜,1,F,53,12560,1,DIRECT_QUOTE,12560,1,,,insurer_premiums_2026-08.xlsx#삼성!D110,2026-08-17
SAMSUNG,표준플랜,1,F,54,12810,1,DIRECT_QUOTE,12810,1,,,insurer_premiums_2026-08.xlsx#삼성!D112,2026-08-17
SAMSUNG,표준플랜,1,F,55,13080,1,DIRECT_QUOTE,13080,1,,,insurer_premiums_2026-08.xlsx#삼성!D114,2026-08-17
SAMSUNG,표준플랜,1,F,56,13370,1,DIRECT_QUOTE,13370,1,,,insurer_premiums_2026-08.xlsx#삼성!D116,2026-08-17
SAMSUNG,표준플랜,1,F,57,13840,1,DIRECT_QUOTE,13840,1,,,insurer_premiums_2026-08.xlsx#삼성!D118,2026-08-17
SAMSUNG,표준플랜,1,F,58,14270,1,DIRECT_QUOTE,14270,1,,,insurer_premiums_2026-08.xlsx#삼성!D120,2026-08-17
SAMSUNG,표준플랜,1,F,59,14740,1,DIRECT_QUOTE,14740,1,,,insurer_premiums_2026-08.xlsx#삼성!D122,2026-08-17
SAMSUNG,표준플랜,1,F,60,15170,1,DIRECT_QUOTE,15170,1,,,insurer_premiums_2026-08.xlsx#삼성!D124,2026-08-17
SAMSUNG,표준플랜,1,F,61,15650,1,DIRECT_QUOTE,15650,1,,,insurer_premiums_2026-08.xlsx#삼성!D126,2026-08-17
SAMSUNG,표준플랜,1,F,62,16220,1,DIRECT_QUOTE,16220,1,,,insurer_premiums_2026-08.xlsx#삼성!D128,2026-08-17
SAMSUNG,표준플랜,1,F,63,16790,1,DIRECT_QUOTE,16790,1,,,insurer_premiums_2026-08.xlsx#삼성!D130,2026-08-17
SAMSUNG,표준플랜,1,F,64,17400,1,DIRECT_QUOTE,17400,1,,,insurer_premiums_2026-08.xlsx#삼성!D132,2026-08-17
SAMSUNG,표준플랜,1,F,65,18020,1,DIRECT_QUOTE,18020,1,,,insurer_premiums_2026-08.xlsx#삼성!D134,2026-08-17
SAMSUNG,표준플랜,1,F,66,18620,1,DIRECT_QUOTE,18620,1,,,insurer_premiums_2026-08.xlsx#삼성!D136,2026-08-17
SAMSUNG,표준플랜,1,F,67,19060,1,DIRECT_QUOTE,19060,1,,,insurer_premiums_2026-08.xlsx#삼성!D138,2026-08-17
SAMSUNG,표준플랜,1,F,68,19530,1,DIRECT_QUOTE,19530,1,,,insurer_premiums_2026-08.xlsx#삼성!D140,2026-08-17
SAMSUNG,표준플랜,1,F,69,19970,1,DIRECT_QUOTE,19970,1,,,insurer_premiums_2026-08.xlsx#삼성!D142,2026-08-17
SAMSUNG,표준플랜,1,F,70,19020,1,DIRECT_QUOTE,19020,1,,,insurer_premiums_2026-08.xlsx#삼성!D144,2026-08-17
SAMSUNG,표준플랜,1,F,71,19480,1,DIRECT_QUOTE,19480,1,,,insurer_premiums_2026-08.xlsx#삼성!D146,2026-08-17
SAMSUNG,표준플랜,1,F,72,20220,1,DIRECT_QUOTE,20220,1,,,insurer_premiums_2026-08.xlsx#삼성!D148,2026-08-17
SAMSUNG,표준플랜,1,F,73,20930,1,DIRECT_QUOTE,20930,1,,,insurer_premiums_2026-08.xlsx#삼성!D150,2026-08-17
SAMSUNG,표준플랜,1,F,74,21710,1,DIRECT_QUOTE,21710,1,,,insurer_premiums_2026-08.xlsx#삼성!D152,2026-08-17
SAMSUNG,표준플랜,1,F,75,22450,1,DIRECT_QUOTE,22450,1,,,insurer_premiums_2026-08.xlsx#삼성!D154,2026-08-17
SAMSUNG,표준플랜,1,F,76,23250,1,DIRECT_QUOTE,23250,1,,,insurer_premiums_2026-08.xlsx#삼성!D156,2026-08-17
SAMSUNG,표준플랜,1,F,77,23610,1,DIRECT_QUOTE,23610,1,,,insurer_premiums_2026-08.xlsx#삼성!D158,2026-08-17
SAMSUNG,표준플랜,1,F,78,23970,1,DIRECT_QUOTE,23970,1,,,insurer_premiums_2026-08.xlsx#삼성!D160,2026-08-17
SAMSUNG,표준플랜,1,F,79,24330,1,DIRECT_QUOTE,24330,1,,,insurer_premiums_2026-08.xlsx#삼성!D162,2026-08-17
SAMSUNG,표준플랜,1,F,80,24680,1,DIRECT_QUOTE,24680,1,,,insurer_premiums_2026-08.xlsx#삼성!D164,2026-08-17
SAMSUNG,표준플랜,1,M,0,8340,1,DIRECT_QUOTE,8340,1,,,insurer_premiums_2026-08.xlsx#삼성!D3,2026-08-17
SAMSUNG,표준플랜,1,M,1,7450,1,DIRECT_QUOTE,7450,1,,,insurer_premiums_2026-08.xlsx#삼성!D5,2026-08-17
SAMSUNG,표준플랜,1,M,2,7000,1,DIRECT_QUOTE,7000,1,,,insurer_premiums_2026-08.xlsx#삼성!D7,2026-08-17
SAMSUNG,표준플랜,1,M,3,6970,1,DIRECT_QUOTE,6970,1,,,insurer_premiums_2026-08.xlsx#삼성!D9,2026-08-17
SAMSUNG,표준플랜,1,M,4,6860,1,DIRECT_QUOTE,6860,1,,,insurer_premiums_2026-08.xlsx#삼성!D11,2026-08-17
SAMSUNG,표준플랜,1,M,5,7120,1,DIRECT_QUOTE,7120,1,,,insurer_premiums_2026-08.xlsx#삼성!D13,2026-08-17
SAMSUNG,표준플랜,1,M,6,6950,1,DIRECT_QUOTE,6950,1,,,insurer_premiums_2026-08.xlsx#삼성!D15,2026-08-17
SAMSUNG,표준플랜,1,M,7,6970,1,DIRECT_QUOTE,6970,1,,,insurer_premiums_2026-08.xlsx#삼성!D17,2026-08-17
SAMSUNG,표준플랜,1,M,8,6980,1,DIRECT_QUOTE,6980,1,,,insurer_premiums_2026-08.xlsx#삼성!D19,2026-08-17
SAMSUNG,표준플랜,1,M,9,6980,1,DIRECT_QUOTE,6980,1,,,insurer_premiums_2026-08.xlsx#삼성!D21,2026-08-17
SAMSUNG,표준플랜,1,M,10,6970,1,DIRECT_QUOTE,6970,1,,,insurer_premiums_2026-08.xlsx#삼성!D23,2026-08-17
SAMSUNG,표준플랜,1,M,11,7010,1,DIRECT_QUOTE,7010,1,,,insurer_premiums_2026-08.xlsx#삼성!D25,2026-08-17
SAMSUNG,표준플랜,1,M,12,7080,1,DIRECT_QUOTE,7080,1,,,insurer_premiums_2026-08.xlsx#삼성!D27,2026-08-17
SAMSUNG,표준플랜,1,M,13,7130,1,DIRECT_QUOTE,7130,1,,,insurer_premiums_2026-08.xlsx#삼성!D29,2026-08-17
SAMSUNG,표준플랜,1,M,14,7240,1,DIRECT_QUOTE,7240,1,,,insurer_premiums_2026-08.xlsx#삼성!D31,2026-08-17
SAMSUNG,표준플랜,1,M,15,7320,1,DIRECT_QUOTE,7320,1,,,insurer_premiums_2026-08.xlsx#삼성!D33,2026-08-17
SAMSUNG,표준플랜,1,M,16,7410,1,DIRECT_QUOTE,7410,1,,,insurer_premiums_2026-08.xlsx#삼성!D35,2026-08-17
SAMSUNG,표준플랜,1,M,17,7410,1,DIRECT_QUOTE,7410,1,,,insurer_premiums_2026-08.xlsx#삼성!D37,2026-08-17
SAMSUNG,표준플랜,1,M,18,7390,1,DIRECT_QUOTE,7390,1,,,insurer_premiums_2026-08.xlsx#삼성!D39,2026-08-17
SAMSUNG,표준플랜,1,M,19,8680,1,DIRECT_QUOTE,8680,1,,,insurer_premiums_2026-08.xlsx#삼성!D41,2026-08-17
SAMSUNG,표준플랜,1,M,20,8670,1,DIRECT_QUOTE,8670,1,,,insurer_premiums_2026-08.xlsx#삼성!D43,2026-08-17
SAMSUNG,표준플랜,1,M,21,8670,1,DIRECT_QUOTE,8670,1,,,insurer_premiums_2026-08.xlsx#삼성!D45,2026-08-17
SAMSUNG,표준플랜,1,M,22,8670,1,DIRECT_QUOTE,8670,1,,,insurer_premiums_2026-08.xlsx#삼성!D47,2026-08-17
SAMSUNG,표준플랜,1,M,23,8700,1,DIRECT_QUOTE,8700,1,,,insurer_premiums_2026-08.xlsx#삼성!D49,2026-08-17
SAMSUNG,표준플랜,1,M,24,8700,1,DIRECT_QUOTE,8700,1,,,insurer_premiums_2026-08.xlsx#삼성!D51,2026-08-17
SAMSUNG,표준플랜,1,M,25,8750,1,DIRECT_QUOTE,8750,1,,,insurer_premiums_2026-08.xlsx#삼성!D53,2026-08-17
SAMSUNG,표준플랜,1,M,26,8750,1,DIRECT_QUOTE,8750,1,,,insurer_premiums_2026-08.xlsx#삼성!D55,2026-08-17
SAMSUNG,표준플랜,1,M,27,8760,1,DIRECT_QUOTE,8760,1,,,insurer_premiums_2026-08.xlsx#삼성!D57,2026-08-17
SAMSUNG,표준플랜,1,M,28,8780,1,DIRECT_QUOTE,8780,1,,,insurer_premiums_2026-08.xlsx#삼성!D59,2026-08-17
SAMSUNG,표준플랜,1,M,29,8800,1,DIRECT_QUOTE,8800,1,,,insurer_premiums_2026-08.xlsx#삼성!D61,2026-08-17
SAMSUNG,표준플랜,1,M,30,8830,1,DIRECT_QUOTE,8830,1,,,insurer_premiums_2026-08.xlsx#삼성!D63,2026-08-17
SAMSUNG,표준플랜,1,M,31,8830,1,DIRECT_QUOTE,8830,1,,,insurer_premiums_2026-08.xlsx#삼성!D65,2026-08-17
SAMSUNG,표준플랜,1,M,32,8880,1,DIRECT_QUOTE,8880,1,,,insurer_premiums_2026-08.xlsx#삼성!D67,2026-08-17
SAMSUNG,표준플랜,1,M,33,8930,1,DIRECT_QUOTE,8930,1,,,insurer_premiums_2026-08.xlsx#삼성!D69,2026-08-17
SAMSUNG,표준플랜,1,M,34,8950,1,DIRECT_QUOTE,8950,1,,,insurer_premiums_2026-08.xlsx#삼성!D71,2026-08-17
SAMSUNG,표준플랜,1,M,35,9050,1,DIRECT_QUOTE,9050,1,,,insurer_premiums_2026-08.xlsx#삼성!D73,2026-08-17
SAMSUNG,표준플랜,1,M,36,9080,1,DIRECT_QUOTE,9080,1,,,insurer_premiums_2026-08.xlsx#삼성!D75,2026-08-17
SAMSUNG,표준플랜,1,M,37,9160,1,DIRECT_QUOTE,9160,1,,,insurer_premiums_2026-08.xlsx#삼성!D77,2026-08-17
SAMSUNG,표준플랜,1,M,38,9210,1,DIRECT_QUOTE,9210,1,,,insurer_premiums_2026-08.xlsx#삼성!D79,2026-08-17
SAMSUNG,표준플랜,1,M,39,9340,1,DIRECT_QUOTE,9340,1,,,insurer_premiums_2026-08.xlsx#삼성!D81,2026-08-17
SAMSUNG,표준플랜,1,M,40,9400,1,DIRECT_QUOTE,9400,1,,,insurer_premiums_2026-08.xlsx#삼성!D83,2026-08-17
SAMSUNG,표준플랜,1,M,41,9480,1,DIRECT_QUOTE,9480,1,,,insurer_premiums_2026-08.xlsx#삼성!D85,2026-08-17
SAMSUNG,표준플랜,1,M,42,9580,1,DIRECT_QUOTE,9580,1,,,insurer_premiums_2026-08.xlsx#삼성!D87,2026-08-17
SAMSUNG,표준플랜,1,M,43,9690,1,DIRECT_QUOTE,9690,1,,,insurer_premiums_2026-08.xlsx#삼성!D89,2026-08-17
SAMSUNG,표준플랜,1,M,44,9800,1,DIRECT_QUOTE,9800,1,,,insurer_premiums_2026-08.xlsx#삼성!D91,2026-08-17
SAMSUNG,표준플랜,1,M,45,9930,1,DIRECT_QUOTE,9930,1,,,insurer_premiums_2026-08.xlsx#삼성!D93,2026-08-17
SAMSUNG,표준플랜,1,M,46,10020,1,DIRECT_QUOTE,10020,1,,,insurer_premiums_2026-08.xlsx#삼성!D95,2026-08-17
SAMSUNG,표준플랜,1,M,47,10190,1,DIRECT_QUOTE,10190,1,,,insurer_premiums_2026-08.xlsx#삼성!D97,2026-08-17
SAMSUNG,표준플랜,1,M,48,10380,1,DIRECT_QUOTE,10380,1,,,insurer_premiums_2026-08.xlsx#삼성!D99,2026-08-17
SAMSUNG,표준플랜,1,M,49,10520,1,DIRECT_QUOTE,10520,1,,,insurer_premiums_2026-08.xlsx#삼성!D101,2026-08-17
SAMSUNG,표준플랜,1,M,50,10700,1,DIRECT_QUOTE,10700,1,,,insurer_premiums_2026-08.xlsx#삼성!D103,2026-08-17
SAMSUNG,표준플랜,1,M,51,10870,1,DIRECT_QUOTE,10870,1,,,insurer_premiums_2026-08.xlsx#삼성!D105,2026-08-17
SAMSUNG,표준플랜,1,M,52,11140,1,DIRECT_QUOTE,11140,1,,,insurer_premiums_2026-08.xlsx#삼성!D107,2026-08-17
SAMSUNG,표준플랜,1,M,53,11350,1,DIRECT_QUOTE,11350,1,,,insurer_premiums_2026-08.xlsx#삼성!D109,2026-08-17
SAMSUNG,표준플랜,1,M,54,11640,1,DIRECT_QUOTE,11640,1,,,insurer_premiums_2026-08.xlsx#삼성!D111,2026-08-17
SAMSUNG,표준플랜,1,M,55,11860,1,DIRECT_QUOTE,11860,1,,,insurer_premiums_2026-08.xlsx#삼성!D113,2026-08-17
SAMSUNG,표준플랜,1,M,56,12160,1,DIRECT_QUOTE,12160,1,,,insurer_premiums_2026-08.xlsx#삼성!D115,2026-08-17
SAMSUNG,표준플랜,1,M,57,12460,1,DIRECT_QUOTE,12460,1,,,insurer_premiums_2026-08.xlsx#삼성!D117,2026-08-17
SAMSUNG,표준플랜,1,M,58,12810,1,DIRECT_QUOTE,12810,1,,,insurer_premiums_2026-08.xlsx#삼성!D119,2026-08-17
SAMSUNG,표준플랜,1,M,59,13150,1,DIRECT_QUOTE,13150,1,,,insurer_premiums_2026-08.xlsx#삼성!D121,2026-08-17
SAMSUNG,표준플랜,1,M,60,13470,1,DIRECT_QUOTE,13470,1,,,insurer_premiums_2026-08.xlsx#삼성!D123,2026-08-17
SAMSUNG,표준플랜,1,M,61,13800,1,DIRECT_QUOTE,13800,1,,,insurer_premiums_2026-08.xlsx#삼성!D125,2026-08-17
SAMSUNG,표준플랜,1,M,62,14130,1,DIRECT_QUOTE,14130,1,,,insurer_premiums_2026-08.xlsx#삼성!D127,2026-08-17
SAMSUNG,표준플랜,1,M,63,14480,1,DIRECT_QUOTE,14480,1,,,insurer_premiums_2026-08.xlsx#삼성!D129,2026-08-17
SAMSUNG,표준플랜,1,M,64,14870,1,DIRECT_QUOTE,14870,1,,,insurer_premiums_2026-08.xlsx#삼성!D131,2026-08-17
SAMSUNG,표준플랜,1,M,65,15250,1,DIRECT_QUOTE,15250,1,,,insurer_premiums_2026-08.xlsx#삼성!D133,2026-08-17
SAMSUNG,표준플랜,1,M,66,15600,1,DIRECT_QUOTE,15600,1,,,insurer_premiums_2026-08.xlsx#삼성!D135,2026-08-17
SAMSUNG,표준플랜,1,M,67,15900,1,DIRECT_QUOTE,15900,1,,,insurer_premiums_2026-08.xlsx#삼성!D137,2026-08-17
SAMSUNG,표준플랜,1,M,68,16150,1,DIRECT_QUOTE,16150,1,,,insurer_premiums_2026-08.xlsx#삼성!D139,2026-08-17
SAMSUNG,표준플랜,1,M,69,16440,1,DIRECT_QUOTE,16440,1,,,insurer_premiums_2026-08.xlsx#삼성!D141,2026-08-17
SAMSUNG,표준플랜,1,M,70,15260,1,DIRECT_QUOTE,15260,1,,,insurer_premiums_2026-08.xlsx#삼성!D143,2026-08-17
SAMSUNG,표준플랜,1,M,71,15510,1,DIRECT_QUOTE,15510,1,,,insurer_premiums_2026-08.xlsx#삼성!D145,2026-08-17
SAMSUNG,표준플랜,1,M,72,15820,1,DIRECT_QUOTE,15820,1,,,insurer_premiums_2026-08.xlsx#삼성!D147,2026-08-17
SAMSUNG,표준플랜,1,M,73,16100,1,DIRECT_QUOTE,16100,1,,,insurer_premiums_2026-08.xlsx#삼성!D149,2026-08-17
SAMSUNG,표준플랜,1,M,74,16390,1,DIRECT_QUOTE,16390,1,,,insurer_premiums_2026-08.xlsx#삼성!D151,2026-08-17
SAMSUNG,표준플랜,1,M,75,16660,1,DIRECT_QUOTE,16660,1,,,insurer_premiums_2026-08.xlsx#삼성!D153,2026-08-17
SAMSUNG,표준플랜,1,M,76,16950,1,DIRECT_QUOTE,16950,1,,,insurer_premiums_2026-08.xlsx#삼성!D155,2026-08-17
SAMSUNG,표준플랜,1,M,77,17190,1,DIRECT_QUOTE,17190,1,,,insurer_premiums_2026-08.xlsx#삼성!D157,2026-08-17
SAMSUNG,표준플랜,1,M,78,17430,1,DIRECT_QUOTE,17430,1,,,insurer_premiums_2026-08.xlsx#삼성!D159,2026-08-17
SAMSUNG,표준플랜,1,M,79,17670,1,DIRECT_QUOTE,17670,1,,,insurer_premiums_2026-08.xlsx#삼성!D161,2026-08-17
SAMSUNG,표준플랜,1,M,80,17910,1,DIRECT_QUOTE,17910,1,,,insurer_premiums_2026-08.xlsx#삼성!D163,2026-08-17
SHINHAN,실속케어,0,F,19,2180,1,DIRECT_QUOTE,2180,1,,,insurer_premiums_shinhan_2026-08.xlsx#신한!C41,2026-08-25
SHINHAN,실속케어,0,F,20,2230,1,DIRECT_QUOTE,2230,1,,,insurer_premiums_shinhan_2026-08.xlsx#신한!C43,2026-08-25
SHINHAN,실속케어,0,F,21,2230,1,DIRECT_QUOTE,2230,1,,,insurer_premiums_shinhan_2026-08.xlsx#신한!C45,2026-08-25
SHINHAN,실속케어,0,F,22,2270,1,DIRECT_QUOTE,2270,1,,,insurer_premiums_shinhan_2026-08.xlsx#신한!C47,2026-08-25
SHINHAN,실속케어,0,F,23,2280,1,DIRECT_QUOTE,2280,1,,,insurer_premiums_shinhan_2026-08.xlsx#신한!C49,2026-08-25
SHINHAN,실속케어,0,F,24,2310,1,DIRECT_QUOTE,2310,1,,,insurer_premiums_shinhan_2026-08.xlsx#신한!C51,2026-08-25
SHINHAN,실속케어,0,F,25,2330,1,DIRECT_QUOTE,2330,1,,,insurer_premiums_shinhan_2026-08.xlsx#신한!C53,2026-08-25
SHINHAN,실속케어,0,F,26,2350,1,DIRECT_QUOTE,2350,1,,,insurer_premiums_shinhan_2026-08.xlsx#신한!C55,2026-08-25
SHINHAN,실속케어,0,F,27,2330,1,DIRECT_QUOTE,2330,1,,,insurer_premiums_shinhan_2026-08.xlsx#신한!C57,2026-08-25
SHINHAN,실속케어,0,F,28,2330,1,DIRECT_QUOTE,2330,1,,,insurer_premiums_shinhan_2026-08.xlsx#신한!C59,2026-08-25
SHINHAN,실속케어,0,F,29,2330,1,DIRECT_QUOTE,2330,1,,,insurer_premiums_shinhan_2026-08.xlsx#신한!C61,2026-08-25
SHINHAN,실속케어,0,F,30,2300,1,DIRECT_QUOTE,2300,1,,,insurer_premiums_shinhan_2026-08.xlsx#신한!C63,2026-08-25
SHINHAN,실속케어,0,F,31,2300,1,DIRECT_QUOTE,2300,1,,,insurer_premiums_shinhan_2026-08.xlsx#신한!C65,2026-08-25
SHINHAN,실속케어,0,F,32,2340,1,DIRECT_QUOTE,2340,1,,,insurer_premiums_shinhan_2026-08.xlsx#신한!C67,2026-08-25
SHINHAN,실속케어,0,F,33,2360,1,DIRECT_QUOTE,2360,1,,,insurer_premiums_shinhan_2026-08.xlsx#신한!C69,2026-08-25
SHINHAN,실속케어,0,F,34,2400,1,DIRECT_QUOTE,2400,1,,,insurer_premiums_shinhan_2026-08.xlsx#신한!C71,2026-08-25
SHINHAN,실속케어,0,F,35,2430,1,DIRECT_QUOTE,2430,1,,,insurer_premiums_shinhan_2026-08.xlsx#신한!C73,2026-08-25
SHINHAN,실속케어,0,F,36,2430,1,DIRECT_QUOTE,2430,1,,,insurer_premiums_shinhan_2026-08.xlsx#신한!C75,2026-08-25
SHINHAN,실속케어,0,F,37,2570,1,DIRECT_QUOTE,2570,1,,,insurer_premiums_shinhan_2026-08.xlsx#신한!C77,2026-08-25
SHINHAN,실속케어,0,F,38,2630,1,DIRECT_QUOTE,2630,1,,,insurer_premiums_shinhan_2026-08.xlsx#신한!C79,2026-08-25
SHINHAN,실속케어,0,F,39,2720,1,DIRECT_QUOTE,2720,1,,,insurer_premiums_shinhan_2026-08.xlsx#신한!C81,2026-08-25
SHINHAN,실속케어,0,F,40,2800,1,DIRECT_QUOTE,2800,1,,,insurer_premiums_shinhan_2026-08.xlsx#신한!C83,2026-08-25
SHINHAN,실속케어,0,F,41,2920,1,DIRECT_QUOTE,2920,1,,,insurer_premiums_shinhan_2026-08.xlsx#신한!C85,2026-08-25
SHINHAN,실속케어,0,F,42,2950,1,DIRECT_QUOTE,2950,1,,,insurer_premiums_shinhan_2026-08.xlsx#신한!C87,2026-08-25
SHINHAN,실속케어,0,F,43,3020,1,DIRECT_QUOTE,3020,1,,,insurer_premiums_shinhan_2026-08.xlsx#신한!C89,2026-08-25
SHINHAN,실속케어,0,F,44,3130,1,DIRECT_QUOTE,3130,1,,,insurer_premiums_shinhan_2026-08.xlsx#신한!C91,2026-08-25
SHINHAN,실속케어,0,F,45,3190,1,DIRECT_QUOTE,3190,1,,,insurer_premiums_shinhan_2026-08.xlsx#신한!C93,2026-08-25
SHINHAN,실속케어,0,F,46,3280,1,DIRECT_QUOTE,3280,1,,,insurer_premiums_shinhan_2026-08.xlsx#신한!C95,2026-08-25
SHINHAN,실속케어,0,F,47,3360,1,DIRECT_QUOTE,3360,1,,,insurer_premiums_shinhan_2026-08.xlsx#신한!C97,2026-08-25
SHINHAN,실속케어,0,F,48,3440,1,DIRECT_QUOTE,3440,1,,,insurer_premiums_shinhan_2026-08.xlsx#신한!C99,2026-08-25
SHINHAN,실속케어,0,F,49,3520,1,DIRECT_QUOTE,3520,1,,,insurer_premiums_shinhan_2026-08.xlsx#신한!C101,2026-08-25
SHINHAN,실속케어,0,F,50,3630,1,DIRECT_QUOTE,3630,1,,,insurer_premiums_shinhan_2026-08.xlsx#신한!C103,2026-08-25
SHINHAN,실속케어,0,F,51,3660,1,DIRECT_QUOTE,3660,1,,,insurer_premiums_shinhan_2026-08.xlsx#신한!C105,2026-08-25
SHINHAN,실속케어,0,F,52,3710,1,DIRECT_QUOTE,3710,1,,,insurer_premiums_shinhan_2026-08.xlsx#신한!C107,2026-08-25
SHINHAN,실속케어,0,F,53,3750,1,DIRECT_QUOTE,3750,1,,,insurer_premiums_shinhan_2026-08.xlsx#신한!C109,2026-08-25
SHINHAN,실속케어,0,F,54,3770,1,DIRECT_QUOTE,3770,1,,,insurer_premiums_shinhan_2026-08.xlsx#신한!C111,2026-08-25
SHINHAN,실속케어,0,F,55,3870,1,DIRECT_QUOTE,3870,1,,,insurer_premiums_shinhan_2026-08.xlsx#신한!C113,2026-08-25
SHINHAN,실속케어,0,F,56,4000,1,DIRECT_QUOTE,4000,1,,,insurer_premiums_shinhan_2026-08.xlsx#신한!C115,2026-08-25
SHINHAN,실속케어,0,F,57,4210,1,DIRECT_QUOTE,4210,1,,,insurer_premiums_shinhan_2026-08.xlsx#신한!C117,2026-08-25
SHINHAN,실속케어,0,F,58,4370,1,DIRECT_QUOTE,4370,1,,,insurer_premiums_shinhan_2026-08.xlsx#신한!C119,2026-08-25
SHINHAN,실속케어,0,F,59,4560,1,DIRECT_QUOTE,4560,1,,,insurer_premiums_shinhan_2026-08.xlsx#신한!C121,2026-08-25
SHINHAN,실속케어,0,F,60,4750,1,DIRECT_QUOTE,4750,1,,,insurer_premiums_shinhan_2026-08.xlsx#신한!C123,2026-08-25
SHINHAN,실속케어,0,F,61,4920,1,DIRECT_QUOTE,4920,1,,,insurer_premiums_shinhan_2026-08.xlsx#신한!C125,2026-08-25
SHINHAN,실속케어,0,F,62,5190,1,DIRECT_QUOTE,5190,1,,,insurer_premiums_shinhan_2026-08.xlsx#신한!C127,2026-08-25
SHINHAN,실속케어,0,F,63,5410,1,DIRECT_QUOTE,5410,1,,,insurer_premiums_shinhan_2026-08.xlsx#신한!C129,2026-08-25
SHINHAN,실속케어,0,F,64,5700,1,DIRECT_QUOTE,5700,1,,,insurer_premiums_shinhan_2026-08.xlsx#신한!C131,2026-08-25
SHINHAN,실속케어,0,F,65,5910,1,DIRECT_QUOTE,5910,1,,,insurer_premiums_shinhan_2026-08.xlsx#신한!C133,2026-08-25
SHINHAN,실속케어,0,F,66,6180,1,DIRECT_QUOTE,6180,1,,,insurer_premiums_shinhan_2026-08.xlsx#신한!C135,2026-08-25
SHINHAN,실속케어,0,F,67,6350,1,DIRECT_QUOTE,6350,1,,,insurer_premiums_shinhan_2026-08.xlsx#신한!C137,2026-08-25
SHINHAN,실속케어,0,F,68,6520,1,DIRECT_QUOTE,6520,1,,,insurer_premiums_shinhan_2026-08.xlsx#신한!C139,2026-08-25
SHINHAN,실속케어,0,F,69,6740,1,DIRECT_QUOTE,6740,1,,,insurer_premiums_shinhan_2026-08.xlsx#신한!C141,2026-08-25
SHINHAN,실속케어,0,F,70,6890,1,DIRECT_QUOTE,6890,1,,,insurer_premiums_shinhan_2026-08.xlsx#신한!C143,2026-08-25
SHINHAN,실속케어,0,F,71,7100,1,DIRECT_QUOTE,7100,1,,,insurer_premiums_shinhan_2026-08.xlsx#신한!C145,2026-08-25
SHINHAN,실속케어,0,F,72,7410,1,DIRECT_QUOTE,7410,1,,,insurer_premiums_shinhan_2026-08.xlsx#신한!C147,2026-08-25
SHINHAN,실속케어,0,F,73,7690,1,DIRECT_QUOTE,7690,1,,,insurer_premiums_shinhan_2026-08.xlsx#신한!C149,2026-08-25
SHINHAN,실속케어,0,F,74,8010,1,DIRECT_QUOTE,8010,1,,,insurer_premiums_shinhan_2026-08.xlsx#신한!C151,2026-08-25
SHINHAN,실속케어,0,F,75,8280,1,DIRECT_QUOTE,8280,1,,,insurer_premiums_shinhan_2026-08.xlsx#신한!C153,2026-08-25
SHINHAN,실속케어,0,F,76,8630,1,DIRECT_QUOTE,8630,1,,,insurer_premiums_shinhan_2026-08.xlsx#신한!C155,2026-08-25
SHINHAN,실속케어,0,F,77,8780,1,DIRECT_QUOTE,8780,1,,,insurer_premiums_shinhan_2026-08.xlsx#신한!C157,2026-08-25
SHINHAN,실속케어,0,F,78,8920,1,DIRECT_QUOTE,8920,1,,,insurer_premiums_shinhan_2026-08.xlsx#신한!C159,2026-08-25
SHINHAN,실속케어,0,F,79,9050,1,DIRECT_QUOTE,9050,1,,,insurer_premiums_shinhan_2026-08.xlsx#신한!C161,2026-08-25
SHINHAN,실속케어,0,M,19,2420,1,DIRECT_QUOTE,2420,1,,,insurer_premiums_shinhan_2026-08.xlsx#신한!C40,2026-08-25
SHINHAN,실속케어,0,M,20,2410,1,DIRECT_QUOTE,2410,1,,,insurer_premiums_shinhan_2026-08.xlsx#신한!C42,2026-08-25
SHINHAN,실속케어,0,M,21,2390,1,DIRECT_QUOTE,2390,1,,,insurer_premiums_shinhan_2026-08.xlsx#신한!C44,2026-08-25
SHINHAN,실속케어,0,M,22,2390,1,DIRECT_QUOTE,2390,1,,,insurer_premiums_shinhan_2026-08.xlsx#신한!C46,2026-08-25
SHINHAN,실속케어,0,M,23,2420,1,DIRECT_QUOTE,2420,1,,,insurer_premiums_shinhan_2026-08.xlsx#신한!C48,2026-08-25
SHINHAN,실속케어,0,M,24,2450,1,DIRECT_QUOTE,2450,1,,,insurer_premiums_shinhan_2026-08.xlsx#신한!C50,2026-08-25
SHINHAN,실속케어,0,M,25,2470,1,DIRECT_QUOTE,2470,1,,,insurer_premiums_shinhan_2026-08.xlsx#신한!C52,2026-08-25
SHINHAN,실속케어,0,M,26,2480,1,DIRECT_QUOTE,2480,1,,,insurer_premiums_shinhan_2026-08.xlsx#신한!C54,2026-08-25
SHINHAN,실속케어,0,M,27,2490,1,DIRECT_QUOTE,2490,1,,,insurer_premiums_shinhan_2026-08.xlsx#신한!C56,2026-08-25
SHINHAN,실속케어,0,M,28,2510,1,DIRECT_QUOTE,2510,1,,,insurer_premiums_shinhan_2026-08.xlsx#신한!C58,2026-08-25
SHINHAN,실속케어,0,M,29,2520,1,DIRECT_QUOTE,2520,1,,,insurer_premiums_shinhan_2026-08.xlsx#신한!C60,2026-08-25
SHINHAN,실속케어,0,M,30,2520,1,DIRECT_QUOTE,2520,1,,,insurer_premiums_shinhan_2026-08.xlsx#신한!C62,2026-08-25
SHINHAN,실속케어,0,M,31,2550,1,DIRECT_QUOTE,2550,1,,,insurer_premiums_shinhan_2026-08.xlsx#신한!C64,2026-08-25
SHINHAN,실속케어,0,M,32,2570,1,DIRECT_QUOTE,2570,1,,,insurer_premiums_shinhan_2026-08.xlsx#신한!C66,2026-08-25
SHINHAN,실속케어,0,M,33,2570,1,DIRECT_QUOTE,2570,1,,,insurer_premiums_shinhan_2026-08.xlsx#신한!C68,2026-08-25
SHINHAN,실속케어,0,M,34,2590,1,DIRECT_QUOTE,2590,1,,,insurer_premiums_shinhan_2026-08.xlsx#신한!C70,2026-08-25
SHINHAN,실속케어,0,M,35,2600,1,DIRECT_QUOTE,2600,1,,,insurer_premiums_shinhan_2026-08.xlsx#신한!C72,2026-08-25
SHINHAN,실속케어,0,M,36,2600,1,DIRECT_QUOTE,2600,1,,,insurer_premiums_shinhan_2026-08.xlsx#신한!C74,2026-08-25
SHINHAN,실속케어,0,M,37,2620,1,DIRECT_QUOTE,2620,1,,,insurer_premiums_shinhan_2026-08.xlsx#신한!C76,2026-08-25
SHINHAN,실속케어,0,M,38,2650,1,DIRECT_QUOTE,2650,1,,,insurer_premiums_shinhan_2026-08.xlsx#신한!C78,2026-08-25
SHINHAN,실속케어,0,M,39,2650,1,DIRECT_QUOTE,2650,1,,,insurer_premiums_shinhan_2026-08.xlsx#신한!C80,2026-08-25
SHINHAN,실속케어,0,M,40,2680,1,DIRECT_QUOTE,2680,1,,,insurer_premiums_shinhan_2026-08.xlsx#신한!C82,2026-08-25
SHINHAN,실속케어,0,M,41,2680,1,DIRECT_QUOTE,2680,1,,,insurer_premiums_shinhan_2026-08.xlsx#신한!C84,2026-08-25
SHINHAN,실속케어,0,M,42,2720,1,DIRECT_QUOTE,2720,1,,,insurer_premiums_shinhan_2026-08.xlsx#신한!C86,2026-08-25
SHINHAN,실속케어,0,M,43,2760,1,DIRECT_QUOTE,2760,1,,,insurer_premiums_shinhan_2026-08.xlsx#신한!C88,2026-08-25
SHINHAN,실속케어,0,M,44,2820,1,DIRECT_QUOTE,2820,1,,,insurer_premiums_shinhan_2026-08.xlsx#신한!C90,2026-08-25
SHINHAN,실속케어,0,M,45,2890,1,DIRECT_QUOTE,2890,1,,,insurer_premiums_shinhan_2026-08.xlsx#신한!C92,2026-08-25
SHINHAN,실속케어,0,M,46,2950,1,DIRECT_QUOTE,2950,1,,,insurer_premiums_shinhan_2026-08.xlsx#신한!C94,2026-08-25
SHINHAN,실속케어,0,M,47,3060,1,DIRECT_QUOTE,3060,1,,,insurer_premiums_shinhan_2026-08.xlsx#신한!C96,2026-08-25
SHINHAN,실속케어,0,M,48,3140,1,DIRECT_QUOTE,3140,1,,,insurer_premiums_shinhan_2026-08.xlsx#신한!C98,2026-08-25
SHINHAN,실속케어,0,M,49,3220,1,DIRECT_QUOTE,3220,1,,,insurer_premiums_shinhan_2026-08.xlsx#신한!C100,2026-08-25
SHINHAN,실속케어,0,M,50,3310,1,DIRECT_QUOTE,3310,1,,,insurer_premiums_shinhan_2026-08.xlsx#신한!C102,2026-08-25
SHINHAN,실속케어,0,M,51,3430,1,DIRECT_QUOTE,3430,1,,,insurer_premiums_shinhan_2026-08.xlsx#신한!C104,2026-08-25
SHINHAN,실속케어,0,M,52,3540,1,DIRECT_QUOTE,3540,1,,,insurer_premiums_shinhan_2026-08.xlsx#신한!C106,2026-08-25
SHINHAN,실속케어,0,M,53,3650,1,DIRECT_QUOTE,3650,1,,,insurer_premiums_shinhan_2026-08.xlsx#신한!C108,2026-08-25
SHINHAN,실속케어,0,M,54,3780,1,DIRECT_QUOTE,3780,1,,,insurer_premiums_shinhan_2026-08.xlsx#신한!C110,2026-08-25
SHINHAN,실속케어,0,M,55,3890,1,DIRECT_QUOTE,3890,1,,,insurer_premiums_shinhan_2026-08.xlsx#신한!C112,2026-08-25
SHINHAN,실속케어,0,M,56,4040,1,DIRECT_QUOTE,4040,1,,,insurer_premiums_shinhan_2026-08.xlsx#신한!C114,2026-08-25
SHINHAN,실속케어,0,M,57,4180,1,DIRECT_QUOTE,4180,1,,,insurer_premiums_shinhan_2026-08.xlsx#신한!C116,2026-08-25
SHINHAN,실속케어,0,M,58,4340,1,DIRECT_QUOTE,4340,1,,,insurer_premiums_shinhan_2026-08.xlsx#신한!C118,2026-08-25
SHINHAN,실속케어,0,M,59,4500,1,DIRECT_QUOTE,4500,1,,,insurer_premiums_shinhan_2026-08.xlsx#신한!C120,2026-08-25
SHINHAN,실속케어,0,M,60,4650,1,DIRECT_QUOTE,4650,1,,,insurer_premiums_shinhan_2026-08.xlsx#신한!C122,2026-08-25
SHINHAN,실속케어,0,M,61,4810,1,DIRECT_QUOTE,4810,1,,,insurer_premiums_shinhan_2026-08.xlsx#신한!C124,2026-08-25
SHINHAN,실속케어,0,M,62,5000,1,DIRECT_QUOTE,5000,1,,,insurer_premiums_shinhan_2026-08.xlsx#신한!C126,2026-08-25
SHINHAN,실속케어,0,M,63,5160,1,DIRECT_QUOTE,5160,1,,,insurer_premiums_shinhan_2026-08.xlsx#신한!C128,2026-08-25
SHINHAN,실속케어,0,M,64,5340,1,DIRECT_QUOTE,5340,1,,,insurer_premiums_shinhan_2026-08.xlsx#신한!C130,2026-08-25
SHINHAN,실속케어,0,M,65,5520,1,DIRECT_QUOTE,5520,1,,,insurer_premiums_shinhan_2026-08.xlsx#신한!C132,2026-08-25
SHINHAN,실속케어,0,M,66,5730,1,DIRECT_QUOTE,5730,1,,,insurer_premiums_shinhan_2026-08.xlsx#신한!C134,2026-08-25
SHINHAN,실속케어,0,M,67,5820,1,DIRECT_QUOTE,5820,1,,,insurer_premiums_shinhan_2026-08.xlsx#신한!C136,2026-08-25
SHINHAN,실속케어,0,M,68,5990,1,DIRECT_QUOTE,5990,1,,,insurer_premiums_shinhan_2026-08.xlsx#신한!C138,2026-08-25
SHINHAN,실속케어,0,M,69,6130,1,DIRECT_QUOTE,6130,1,,,insurer_premiums_shinhan_2026-08.xlsx#신한!C140,2026-08-25
SHINHAN,실속케어,0,M,70,6280,1,DIRECT_QUOTE,6280,1,,,insurer_premiums_shinhan_2026-08.xlsx#신한!C142,2026-08-25
SHINHAN,실속케어,0,M,71,6420,1,DIRECT_QUOTE,6420,1,,,insurer_premiums_shinhan_2026-08.xlsx#신한!C144,2026-08-25
SHINHAN,실속케어,0,M,72,6550,1,DIRECT_QUOTE,6550,1,,,insurer_premiums_shinhan_2026-08.xlsx#신한!C146,2026-08-25
SHINHAN,실속케어,0,M,73,6700,1,DIRECT_QUOTE,6700,1,,,insurer_premiums_shinhan_2026-08.xlsx#신한!C148,2026-08-25
SHINHAN,실속케어,0,M,74,6810,1,DIRECT_QUOTE,6810,1,,,insurer_premiums_shinhan_2026-08.xlsx#신한!C150,2026-08-25
SHINHAN,실속케어,0,M,75,6940,1,DIRECT_QUOTE,6940,1,,,insurer_premiums_shinhan_2026-08.xlsx#신한!C152,2026-08-25
SHINHAN,실속케어,0,M,76,7090,1,DIRECT_QUOTE,7090,1,,,insurer_premiums_shinhan_2026-08.xlsx#신한!C154,2026-08-25
SHINHAN,실속케어,0,M,77,7240,1,DIRECT_QUOTE,7240,1,,,insurer_premiums_shinhan_2026-08.xlsx#신한!C156,2026-08-25
SHINHAN,실속케어,0,M,78,7360,1,DIRECT_QUOTE,7360,1,,,insurer_premiums_shinhan_2026-08.xlsx#신한!C158,2026-08-25
SHINHAN,실속케어,0,M,79,7520,1,DIRECT_QUOTE,7520,1,,,insurer_premiums_shinhan_2026-08.xlsx#신한!C160,2026-08-25
SHINHAN,안심케어,1,F,19,4050,1,DIRECT_QUOTE,4050,1,,,insurer_premiums_shinhan_2026-08.xlsx#신한!D41,2026-08-25
SHINHAN,안심케어,1,F,20,4140,1,DIRECT_QUOTE,4140,1,,,insurer_premiums_shinhan_2026-08.xlsx#신한!D43,2026-08-25
SHINHAN,안심케어,1,F,21,4140,1,DIRECT_QUOTE,4140,1,,,insurer_premiums_shinhan_2026-08.xlsx#신한!D45,2026-08-25
SHINHAN,안심케어,1,F,22,4200,1,DIRECT_QUOTE,4200,1,,,insurer_premiums_shinhan_2026-08.xlsx#신한!D47,2026-08-25
SHINHAN,안심케어,1,F,23,4220,1,DIRECT_QUOTE,4220,1,,,insurer_premiums_shinhan_2026-08.xlsx#신한!D49,2026-08-25
SHINHAN,안심케어,1,F,24,4260,1,DIRECT_QUOTE,4260,1,,,insurer_premiums_shinhan_2026-08.xlsx#신한!D51,2026-08-25
SHINHAN,안심케어,1,F,25,4300,1,DIRECT_QUOTE,4300,1,,,insurer_premiums_shinhan_2026-08.xlsx#신한!D53,2026-08-25
SHINHAN,안심케어,1,F,26,4330,1,DIRECT_QUOTE,4330,1,,,insurer_premiums_shinhan_2026-08.xlsx#신한!D55,2026-08-25
SHINHAN,안심케어,1,F,27,4310,1,DIRECT_QUOTE,4310,1,,,insurer_premiums_shinhan_2026-08.xlsx#신한!D57,2026-08-25
SHINHAN,안심케어,1,F,28,4310,1,DIRECT_QUOTE,4310,1,,,insurer_premiums_shinhan_2026-08.xlsx#신한!D59,2026-08-25
SHINHAN,안심케어,1,F,29,4310,1,DIRECT_QUOTE,4310,1,,,insurer_premiums_shinhan_2026-08.xlsx#신한!D61,2026-08-25
SHINHAN,안심케어,1,F,30,4250,1,DIRECT_QUOTE,4250,1,,,insurer_premiums_shinhan_2026-08.xlsx#신한!D63,2026-08-25
SHINHAN,안심케어,1,F,31,4250,1,DIRECT_QUOTE,4250,1,,,insurer_premiums_shinhan_2026-08.xlsx#신한!D65,2026-08-25
SHINHAN,안심케어,1,F,32,4310,1,DIRECT_QUOTE,4310,1,,,insurer_premiums_shinhan_2026-08.xlsx#신한!D67,2026-08-25
SHINHAN,안심케어,1,F,33,4350,1,DIRECT_QUOTE,4350,1,,,insurer_premiums_shinhan_2026-08.xlsx#신한!D69,2026-08-25
SHINHAN,안심케어,1,F,34,4420,1,DIRECT_QUOTE,4420,1,,,insurer_premiums_shinhan_2026-08.xlsx#신한!D71,2026-08-25
SHINHAN,안심케어,1,F,35,4460,1,DIRECT_QUOTE,4460,1,,,insurer_premiums_shinhan_2026-08.xlsx#신한!D73,2026-08-25
SHINHAN,안심케어,1,F,36,4460,1,DIRECT_QUOTE,4460,1,,,insurer_premiums_shinhan_2026-08.xlsx#신한!D75,2026-08-25
SHINHAN,안심케어,1,F,37,4690,1,DIRECT_QUOTE,4690,1,,,insurer_premiums_shinhan_2026-08.xlsx#신한!D77,2026-08-25
SHINHAN,안심케어,1,F,38,4790,1,DIRECT_QUOTE,4790,1,,,insurer_premiums_shinhan_2026-08.xlsx#신한!D79,2026-08-25
SHINHAN,안심케어,1,F,39,4940,1,DIRECT_QUOTE,4940,1,,,insurer_premiums_shinhan_2026-08.xlsx#신한!D81,2026-08-25
SHINHAN,안심케어,1,F,40,5080,1,DIRECT_QUOTE,5080,1,,,insurer_premiums_shinhan_2026-08.xlsx#신한!D83,2026-08-25
SHINHAN,안심케어,1,F,41,5270,1,DIRECT_QUOTE,5270,1,,,insurer_premiums_shinhan_2026-08.xlsx#신한!D85,2026-08-25
SHINHAN,안심케어,1,F,42,5320,1,DIRECT_QUOTE,5320,1,,,insurer_premiums_shinhan_2026-08.xlsx#신한!D87,2026-08-25
SHINHAN,안심케어,1,F,43,5450,1,DIRECT_QUOTE,5450,1,,,insurer_premiums_shinhan_2026-08.xlsx#신한!D89,2026-08-25
SHINHAN,안심케어,1,F,44,5620,1,DIRECT_QUOTE,5620,1,,,insurer_premiums_shinhan_2026-08.xlsx#신한!D91,2026-08-25
SHINHAN,안심케어,1,F,45,5730,1,DIRECT_QUOTE,5730,1,,,insurer_premiums_shinhan_2026-08.xlsx#신한!D93,2026-08-25
SHINHAN,안심케어,1,F,46,5880,1,DIRECT_QUOTE,5880,1,,,insurer_premiums_shinhan_2026-08.xlsx#신한!D95,2026-08-25
SHINHAN,안심케어,1,F,47,6000,1,DIRECT_QUOTE,6000,1,,,insurer_premiums_shinhan_2026-08.xlsx#신한!D97,2026-08-25
SHINHAN,안심케어,1,F,48,6130,1,DIRECT_QUOTE,6130,1,,,insurer_premiums_shinhan_2026-08.xlsx#신한!D99,2026-08-25
SHINHAN,안심케어,1,F,49,6270,1,DIRECT_QUOTE,6270,1,,,insurer_premiums_shinhan_2026-08.xlsx#신한!D101,2026-08-25
SHINHAN,안심케어,1,F,50,6450,1,DIRECT_QUOTE,6450,1,,,insurer_premiums_shinhan_2026-08.xlsx#신한!D103,2026-08-25
SHINHAN,안심케어,1,F,51,6500,1,DIRECT_QUOTE,6500,1,,,insurer_premiums_shinhan_2026-08.xlsx#신한!D105,2026-08-25
SHINHAN,안심케어,1,F,52,6570,1,DIRECT_QUOTE,6570,1,,,insurer_premiums_shinhan_2026-08.xlsx#신한!D107,2026-08-25
SHINHAN,안심케어,1,F,53,6640,1,DIRECT_QUOTE,6640,1,,,insurer_premiums_shinhan_2026-08.xlsx#신한!D109,2026-08-25
SHINHAN,안심케어,1,F,54,6670,1,DIRECT_QUOTE,6670,1,,,insurer_premiums_shinhan_2026-08.xlsx#신한!D111,2026-08-25
SHINHAN,안심케어,1,F,55,6840,1,DIRECT_QUOTE,6840,1,,,insurer_premiums_shinhan_2026-08.xlsx#신한!D113,2026-08-25
SHINHAN,안심케어,1,F,56,7050,1,DIRECT_QUOTE,7050,1,,,insurer_premiums_shinhan_2026-08.xlsx#신한!D115,2026-08-25
SHINHAN,안심케어,1,F,57,7400,1,DIRECT_QUOTE,7400,1,,,insurer_premiums_shinhan_2026-08.xlsx#신한!D117,2026-08-25
SHINHAN,안심케어,1,F,58,7680,1,DIRECT_QUOTE,7680,1,,,insurer_premiums_shinhan_2026-08.xlsx#신한!D119,2026-08-25
SHINHAN,안심케어,1,F,59,7990,1,DIRECT_QUOTE,7990,1,,,insurer_premiums_shinhan_2026-08.xlsx#신한!D121,2026-08-25
SHINHAN,안심케어,1,F,60,8300,1,DIRECT_QUOTE,8300,1,,,insurer_premiums_shinhan_2026-08.xlsx#신한!D123,2026-08-25
SHINHAN,안심케어,1,F,61,8590,1,DIRECT_QUOTE,8590,1,,,insurer_premiums_shinhan_2026-08.xlsx#신한!D125,2026-08-25
SHINHAN,안심케어,1,F,62,9020,1,DIRECT_QUOTE,9020,1,,,insurer_premiums_shinhan_2026-08.xlsx#신한!D127,2026-08-25
SHINHAN,안심케어,1,F,63,9400,1,DIRECT_QUOTE,9400,1,,,insurer_premiums_shinhan_2026-08.xlsx#신한!D129,2026-08-25
SHINHAN,안심케어,1,F,64,9870,1,DIRECT_QUOTE,9870,1,,,insurer_premiums_shinhan_2026-08.xlsx#신한!D131,2026-08-25
SHINHAN,안심케어,1,F,65,10230,1,DIRECT_QUOTE,10230,1,,,insurer_premiums_shinhan_2026-08.xlsx#신한!D133,2026-08-25
SHINHAN,안심케어,1,F,66,10670,1,DIRECT_QUOTE,10670,1,,,insurer_premiums_shinhan_2026-08.xlsx#신한!D135,2026-08-25
SHINHAN,안심케어,1,F,67,10940,1,DIRECT_QUOTE,10940,1,,,insurer_premiums_shinhan_2026-08.xlsx#신한!D137,2026-08-25
SHINHAN,안심케어,1,F,68,11230,1,DIRECT_QUOTE,11230,1,,,insurer_premiums_shinhan_2026-08.xlsx#신한!D139,2026-08-25
SHINHAN,안심케어,1,F,69,11600,1,DIRECT_QUOTE,11600,1,,,insurer_premiums_shinhan_2026-08.xlsx#신한!D141,2026-08-25
SHINHAN,안심케어,1,F,70,11850,1,DIRECT_QUOTE,11850,1,,,insurer_premiums_shinhan_2026-08.xlsx#신한!D143,2026-08-25
SHINHAN,안심케어,1,F,71,12200,1,DIRECT_QUOTE,12200,1,,,insurer_premiums_shinhan_2026-08.xlsx#신한!D145,2026-08-25
SHINHAN,안심케어,1,F,72,12710,1,DIRECT_QUOTE,12710,1,,,insurer_premiums_shinhan_2026-08.xlsx#신한!D147,2026-08-25
SHINHAN,안심케어,1,F,73,13170,1,DIRECT_QUOTE,13170,1,,,insurer_premiums_shinhan_2026-08.xlsx#신한!D149,2026-08-25
SHINHAN,안심케어,1,F,74,13710,1,DIRECT_QUOTE,13710,1,,,insurer_premiums_shinhan_2026-08.xlsx#신한!D151,2026-08-25
SHINHAN,안심케어,1,F,75,14160,1,DIRECT_QUOTE,14160,1,,,insurer_premiums_shinhan_2026-08.xlsx#신한!D153,2026-08-25
SHINHAN,안심케어,1,F,76,14740,1,DIRECT_QUOTE,14740,1,,,insurer_premiums_shinhan_2026-08.xlsx#신한!D155,2026-08-25
SHINHAN,안심케어,1,F,77,14990,1,DIRECT_QUOTE,14990,1,,,insurer_premiums_shinhan_2026-08.xlsx#신한!D157,2026-08-25
SHINHAN,안심케어,1,F,78,15230,1,DIRECT_QUOTE,15230,1,,,insurer_premiums_shinhan_2026-08.xlsx#신한!D159,2026-08-25
SHINHAN,안심케어,1,F,79,15430,1,DIRECT_QUOTE,15430,1,,,insurer_premiums_shinhan_2026-08.xlsx#신한!D161,2026-08-25
SHINHAN,안심케어,1,M,19,4440,1,DIRECT_QUOTE,4440,1,,,insurer_premiums_shinhan_2026-08.xlsx#신한!D40,2026-08-25
SHINHAN,안심케어,1,M,20,4420,1,DIRECT_QUOTE,4420,1,,,insurer_premiums_shinhan_2026-08.xlsx#신한!D42,2026-08-25
SHINHAN,안심케어,1,M,21,4380,1,DIRECT_QUOTE,4380,1,,,insurer_premiums_shinhan_2026-08.xlsx#신한!D44,2026-08-25
SHINHAN,안심케어,1,M,22,4380,1,DIRECT_QUOTE,4380,1,,,insurer_premiums_shinhan_2026-08.xlsx#신한!D46,2026-08-25
SHINHAN,안심케어,1,M,23,4440,1,DIRECT_QUOTE,4440,1,,,insurer_premiums_shinhan_2026-08.xlsx#신한!D48,2026-08-25
SHINHAN,안심케어,1,M,24,4480,1,DIRECT_QUOTE,4480,1,,,insurer_premiums_shinhan_2026-08.xlsx#신한!D50,2026-08-25
SHINHAN,안심케어,1,M,25,4520,1,DIRECT_QUOTE,4520,1,,,insurer_premiums_shinhan_2026-08.xlsx#신한!D52,2026-08-25
SHINHAN,안심케어,1,M,26,4540,1,DIRECT_QUOTE,4540,1,,,insurer_premiums_shinhan_2026-08.xlsx#신한!D54,2026-08-25
SHINHAN,안심케어,1,M,27,4560,1,DIRECT_QUOTE,4560,1,,,insurer_premiums_shinhan_2026-08.xlsx#신한!D56,2026-08-25
SHINHAN,안심케어,1,M,28,4600,1,DIRECT_QUOTE,4600,1,,,insurer_premiums_shinhan_2026-08.xlsx#신한!D58,2026-08-25
SHINHAN,안심케어,1,M,29,4610,1,DIRECT_QUOTE,4610,1,,,insurer_premiums_shinhan_2026-08.xlsx#신한!D60,2026-08-25
SHINHAN,안심케어,1,M,30,4610,1,DIRECT_QUOTE,4610,1,,,insurer_premiums_shinhan_2026-08.xlsx#신한!D62,2026-08-25
SHINHAN,안심케어,1,M,31,4650,1,DIRECT_QUOTE,4650,1,,,insurer_premiums_shinhan_2026-08.xlsx#신한!D64,2026-08-25
SHINHAN,안심케어,1,M,32,4690,1,DIRECT_QUOTE,4690,1,,,insurer_premiums_shinhan_2026-08.xlsx#신한!D66,2026-08-25
SHINHAN,안심케어,1,M,33,4690,1,DIRECT_QUOTE,4690,1,,,insurer_premiums_shinhan_2026-08.xlsx#신한!D68,2026-08-25
SHINHAN,안심케어,1,M,34,4710,1,DIRECT_QUOTE,4710,1,,,insurer_premiums_shinhan_2026-08.xlsx#신한!D70,2026-08-25
SHINHAN,안심케어,1,M,35,4730,1,DIRECT_QUOTE,4730,1,,,insurer_premiums_shinhan_2026-08.xlsx#신한!D72,2026-08-25
SHINHAN,안심케어,1,M,36,4730,1,DIRECT_QUOTE,4730,1,,,insurer_premiums_shinhan_2026-08.xlsx#신한!D74,2026-08-25
SHINHAN,안심케어,1,M,37,4780,1,DIRECT_QUOTE,4780,1,,,insurer_premiums_shinhan_2026-08.xlsx#신한!D76,2026-08-25
SHINHAN,안심케어,1,M,38,4820,1,DIRECT_QUOTE,4820,1,,,insurer_premiums_shinhan_2026-08.xlsx#신한!D78,2026-08-25
SHINHAN,안심케어,1,M,39,4820,1,DIRECT_QUOTE,4820,1,,,insurer_premiums_shinhan_2026-08.xlsx#신한!D80,2026-08-25
SHINHAN,안심케어,1,M,40,4860,1,DIRECT_QUOTE,4860,1,,,insurer_premiums_shinhan_2026-08.xlsx#신한!D82,2026-08-25
SHINHAN,안심케어,1,M,41,4870,1,DIRECT_QUOTE,4870,1,,,insurer_premiums_shinhan_2026-08.xlsx#신한!D84,2026-08-25
SHINHAN,안심케어,1,M,42,4930,1,DIRECT_QUOTE,4930,1,,,insurer_premiums_shinhan_2026-08.xlsx#신한!D86,2026-08-25
SHINHAN,안심케어,1,M,43,4990,1,DIRECT_QUOTE,4990,1,,,insurer_premiums_shinhan_2026-08.xlsx#신한!D88,2026-08-25
SHINHAN,안심케어,1,M,44,5100,1,DIRECT_QUOTE,5100,1,,,insurer_premiums_shinhan_2026-08.xlsx#신한!D90,2026-08-25
SHINHAN,안심케어,1,M,45,5230,1,DIRECT_QUOTE,5230,1,,,insurer_premiums_shinhan_2026-08.xlsx#신한!D92,2026-08-25
SHINHAN,안심케어,1,M,46,5310,1,DIRECT_QUOTE,5310,1,,,insurer_premiums_shinhan_2026-08.xlsx#신한!D94,2026-08-25
SHINHAN,안심케어,1,M,47,5500,1,DIRECT_QUOTE,5500,1,,,insurer_premiums_shinhan_2026-08.xlsx#신한!D96,2026-08-25
SHINHAN,안심케어,1,M,48,5630,1,DIRECT_QUOTE,5630,1,,,insurer_premiums_shinhan_2026-08.xlsx#신한!D98,2026-08-25
SHINHAN,안심케어,1,M,49,5770,1,DIRECT_QUOTE,5770,1,,,insurer_premiums_shinhan_2026-08.xlsx#신한!D100,2026-08-25
SHINHAN,안심케어,1,M,50,5920,1,DIRECT_QUOTE,5920,1,,,insurer_premiums_shinhan_2026-08.xlsx#신한!D102,2026-08-25
SHINHAN,안심케어,1,M,51,6110,1,DIRECT_QUOTE,6110,1,,,insurer_premiums_shinhan_2026-08.xlsx#신한!D104,2026-08-25
SHINHAN,안심케어,1,M,52,6300,1,DIRECT_QUOTE,6300,1,,,insurer_premiums_shinhan_2026-08.xlsx#신한!D106,2026-08-25
SHINHAN,안심케어,1,M,53,6490,1,DIRECT_QUOTE,6490,1,,,insurer_premiums_shinhan_2026-08.xlsx#신한!D108,2026-08-25
SHINHAN,안심케어,1,M,54,6700,1,DIRECT_QUOTE,6700,1,,,insurer_premiums_shinhan_2026-08.xlsx#신한!D110,2026-08-25
SHINHAN,안심케어,1,M,55,6890,1,DIRECT_QUOTE,6890,1,,,insurer_premiums_shinhan_2026-08.xlsx#신한!D112,2026-08-25
SHINHAN,안심케어,1,M,56,7140,1,DIRECT_QUOTE,7140,1,,,insurer_premiums_shinhan_2026-08.xlsx#신한!D114,2026-08-25
SHINHAN,안심케어,1,M,57,7370,1,DIRECT_QUOTE,7370,1,,,insurer_premiums_shinhan_2026-08.xlsx#신한!D116,2026-08-25
SHINHAN,안심케어,1,M,58,7630,1,DIRECT_QUOTE,7630,1,,,insurer_premiums_shinhan_2026-08.xlsx#신한!D118,2026-08-25
SHINHAN,안심케어,1,M,59,7900,1,DIRECT_QUOTE,7900,1,,,insurer_premiums_shinhan_2026-08.xlsx#신한!D120,2026-08-25
SHINHAN,안심케어,1,M,60,8140,1,DIRECT_QUOTE,8140,1,,,insurer_premiums_shinhan_2026-08.xlsx#신한!D122,2026-08-25
SHINHAN,안심케어,1,M,61,8410,1,DIRECT_QUOTE,8410,1,,,insurer_premiums_shinhan_2026-08.xlsx#신한!D124,2026-08-25
SHINHAN,안심케어,1,M,62,8720,1,DIRECT_QUOTE,8720,1,,,insurer_premiums_shinhan_2026-08.xlsx#신한!D126,2026-08-25
SHINHAN,안심케어,1,M,63,9000,1,DIRECT_QUOTE,9000,1,,,insurer_premiums_shinhan_2026-08.xlsx#신한!D128,2026-08-25
SHINHAN,안심케어,1,M,64,9290,1,DIRECT_QUOTE,9290,1,,,insurer_premiums_shinhan_2026-08.xlsx#신한!D130,2026-08-25
SHINHAN,안심케어,1,M,65,9590,1,DIRECT_QUOTE,9590,1,,,insurer_premiums_shinhan_2026-08.xlsx#신한!D132,2026-08-25
SHINHAN,안심케어,1,M,66,9930,1,DIRECT_QUOTE,9930,1,,,insurer_premiums_shinhan_2026-08.xlsx#신한!D134,2026-08-25
SHINHAN,안심케어,1,M,67,10090,1,DIRECT_QUOTE,10090,1,,,insurer_premiums_shinhan_2026-08.xlsx#신한!D136,2026-08-25
SHINHAN,안심케어,1,M,68,10360,1,DIRECT_QUOTE,10360,1,,,insurer_premiums_shinhan_2026-08.xlsx#신한!D138,2026-08-25
SHINHAN,안심케어,1,M,69,10600,1,DIRECT_QUOTE,10600,1,,,insurer_premiums_shinhan_2026-08.xlsx#신한!D140,2026-08-25
SHINHAN,안심케어,1,M,70,10850,1,DIRECT_QUOTE,10850,1,,,insurer_premiums_shinhan_2026-08.xlsx#신한!D142,2026-08-25
SHINHAN,안심케어,1,M,71,11070,1,DIRECT_QUOTE,11070,1,,,insurer_premiums_shinhan_2026-08.xlsx#신한!D144,2026-08-25
SHINHAN,안심케어,1,M,72,11300,1,DIRECT_QUOTE,11300,1,,,insurer_premiums_shinhan_2026-08.xlsx#신한!D146,2026-08-25
SHINHAN,안심케어,1,M,73,11540,1,DIRECT_QUOTE,11540,1,,,insurer_premiums_shinhan_2026-08.xlsx#신한!D148,2026-08-25
SHINHAN,안심케어,1,M,74,11730,1,DIRECT_QUOTE,11730,1,,,insurer_premiums_shinhan_2026-08.xlsx#신한!D150,2026-08-25
SHINHAN,안심케어,1,M,75,11950,1,DIRECT_QUOTE,11950,1,,,insurer_premiums_shinhan_2026-08.xlsx#신한!D152,2026-08-25
SHINHAN,안심케어,1,M,76,12200,1,DIRECT_QUOTE,12200,1,,,insurer_premiums_shinhan_2026-08.xlsx#신한!D154,2026-08-25
SHINHAN,안심케어,1,M,77,12440,1,DIRECT_QUOTE,12440,1,,,insurer_premiums_shinhan_2026-08.xlsx#신한!D156,2026-08-25
SHINHAN,안심케어,1,M,78,12640,1,DIRECT_QUOTE,12640,1,,,insurer_premiums_shinhan_2026-08.xlsx#신한!D158,2026-08-25
SHINHAN,안심케어,1,M,79,12910,1,DIRECT_QUOTE,12910,1,,,insurer_premiums_shinhan_2026-08.xlsx#신한!D160,2026-08-25
