scenario,kind,param,factor,run,ranking,top1_kept,top3_set_kept,top3_order_kept,mean_abs_rank_change,max_abs_rank_change,kendall_tau,spearman,per_insurer_change
plain,oat_heuristic,priority_multiplier,0.8,0,SHINHAN|KAKAOPAY|HYUNDAI|MERITZ|KB|DB|SAMSUNG,True,True,True,0.0,0,1.0,1.0,"{""SHINHAN"": 0, ""KAKAOPAY"": 0, ""HYUNDAI"": 0, ""MERITZ"": 0, ""KB"": 0, ""DB"": 0, ""SAMSUNG"": 0}"
plain,oat_heuristic,priority_multiplier,0.9,0,SHINHAN|KAKAOPAY|HYUNDAI|MERITZ|KB|DB|SAMSUNG,True,True,True,0.0,0,1.0,1.0,"{""SHINHAN"": 0, ""KAKAOPAY"": 0, ""HYUNDAI"": 0, ""MERITZ"": 0, ""KB"": 0, ""DB"": 0, ""SAMSUNG"": 0}"
plain,oat_heuristic,priority_multiplier,1.1,0,SHINHAN|KAKAOPAY|HYUNDAI|MERITZ|KB|DB|SAMSUNG,True,True,True,0.0,0,1.0,1.0,"{""SHINHAN"": 0, ""KAKAOPAY"": 0, ""HYUNDAI"": 0, ""MERITZ"": 0, ""KB"": 0, ""DB"": 0, ""SAMSUNG"": 0}"
plain,oat_heuristic,priority_multiplier,1.2,0,SHINHAN|KAKAOPAY|HYUNDAI|MERITZ|KB|DB|SAMSUNG,True,True,True,0.0,0,1.0,1.0,"{""SHINHAN"": 0, ""KAKAOPAY"": 0, ""HYUNDAI"": 0, ""MERITZ"": 0, ""KB"": 0, ""DB"": 0, ""SAMSUNG"": 0}"
plain,oat_heuristic,activity_bump,0.8,0,SHINHAN|KAKAOPAY|HYUNDAI|MERITZ|KB|DB|SAMSUNG,True,True,True,0.0,0,1.0,1.0,"{""SHINHAN"": 0, ""KAKAOPAY"": 0, ""HYUNDAI"": 0, ""MERITZ"": 0, ""KB"": 0, ""DB"": 0, ""SAMSUNG"": 0}"
plain,oat_heuristic,activity_bump,0.9,0,SHINHAN|KAKAOPAY|HYUNDAI|MERITZ|KB|DB|SAMSUNG,True,True,True,0.0,0,1.0,1.0,"{""SHINHAN"": 0, ""KAKAOPAY"": 0, ""HYUNDAI"": 0, ""MERITZ"": 0, ""KB"": 0, ""DB"": 0, ""SAMSUNG"": 0}"
plain,oat_heuristic,activity_bump,1.1,0,SHINHAN|KAKAOPAY|HYUNDAI|MERITZ|KB|DB|SAMSUNG,True,True,True,0.0,0,1.0,1.0,"{""SHINHAN"": 0, ""KAKAOPAY"": 0, ""HYUNDAI"": 0, ""MERITZ"": 0, ""KB"": 0, ""DB"": 0, ""SAMSUNG"": 0}"
plain,oat_heuristic,activity_bump,1.2,0,SHINHAN|KAKAOPAY|HYUNDAI|MERITZ|KB|DB|SAMSUNG,True,True,True,0.0,0,1.0,1.0,"{""SHINHAN"": 0, ""KAKAOPAY"": 0, ""HYUNDAI"": 0, ""MERITZ"": 0, ""KB"": 0, ""DB"": 0, ""SAMSUNG"": 0}"
plain,oat_heuristic,companion_bump,0.8,0,SHINHAN|KAKAOPAY|HYUNDAI|MERITZ|KB|DB|SAMSUNG,True,True,True,0.0,0,1.0,1.0,"{""SHINHAN"": 0, ""KAKAOPAY"": 0, ""HYUNDAI"": 0, ""MERITZ"": 0, ""KB"": 0, ""DB"": 0, ""SAMSUNG"": 0}"
plain,oat_heuristic,companion_bump,0.9,0,SHINHAN|KAKAOPAY|HYUNDAI|MERITZ|KB|DB|SAMSUNG,True,True,True,0.0,0,1.0,1.0,"{""SHINHAN"": 0, ""KAKAOPAY"": 0, ""HYUNDAI"": 0, ""MERITZ"": 0, ""KB"": 0, ""DB"": 0, ""SAMSUNG"": 0}"
plain,oat_heuristic,companion_bump,1.1,0,SHINHAN|KAKAOPAY|HYUNDAI|MERITZ|KB|DB|SAMSUNG,True,True,True,0.0,0,1.0,1.0,"{""SHINHAN"": 0, ""KAKAOPAY"": 0, ""HYUNDAI"": 0, ""MERITZ"": 0, ""KB"": 0, ""DB"": 0, ""SAMSUNG"": 0}"
plain,oat_heuristic,companion_bump,1.2,0,SHINHAN|KAKAOPAY|HYUNDAI|MERITZ|KB|DB|SAMSUNG,True,True,True,0.0,0,1.0,1.0,"{""SHINHAN"": 0, ""KAKAOPAY"": 0, ""HYUNDAI"": 0, ""MERITZ"": 0, ""KB"": 0, ""DB"": 0, ""SAMSUNG"": 0}"
plain,oat_heuristic,rental_car_bump,0.8,0,SHINHAN|KAKAOPAY|HYUNDAI|MERITZ|KB|DB|SAMSUNG,True,True,True,0.0,0,1.0,1.0,"{""SHINHAN"": 0, ""KAKAOPAY"": 0, ""HYUNDAI"": 0, ""MERITZ"": 0, ""KB"": 0, ""DB"": 0, ""SAMSUNG"": 0}"
plain,oat_heuristic,rental_car_bump,0.9,0,SHINHAN|KAKAOPAY|HYUNDAI|MERITZ|KB|DB|SAMSUNG,True,True,True,0.0,0,1.0,1.0,"{""SHINHAN"": 0, ""KAKAOPAY"": 0, ""HYUNDAI"": 0, ""MERITZ"": 0, ""KB"": 0, ""DB"": 0, ""SAMSUNG"": 0}"
plain,oat_heuristic,rental_car_bump,1.1,0,SHINHAN|KAKAOPAY|HYUNDAI|MERITZ|KB|DB|SAMSUNG,True,True,True,0.0,0,1.0,1.0,"{""SHINHAN"": 0, ""KAKAOPAY"": 0, ""HYUNDAI"": 0, ""MERITZ"": 0, ""KB"": 0, ""DB"": 0, ""SAMSUNG"": 0}"
plain,oat_heuristic,rental_car_bump,1.2,0,SHINHAN|KAKAOPAY|HYUNDAI|MERITZ|KB|DB|SAMSUNG,True,True,True,0.0,0,1.0,1.0,"{""SHINHAN"": 0, ""KAKAOPAY"": 0, ""HYUNDAI"": 0, ""MERITZ"": 0, ""KB"": 0, ""DB"": 0, ""SAMSUNG"": 0}"
plain,oat_heuristic,risk_emergency_bump,0.8,0,SHINHAN|KAKAOPAY|HYUNDAI|MERITZ|KB|DB|SAMSUNG,True,True,True,0.0,0,1.0,1.0,"{""SHINHAN"": 0, ""KAKAOPAY"": 0, ""HYUNDAI"": 0, ""MERITZ"": 0, ""KB"": 0, ""DB"": 0, ""SAMSUNG"": 0}"
plain,oat_heuristic,risk_emergency_bump,0.9,0,SHINHAN|KAKAOPAY|HYUNDAI|MERITZ|KB|DB|SAMSUNG,True,True,True,0.0,0,1.0,1.0,"{""SHINHAN"": 0, ""KAKAOPAY"": 0, ""HYUNDAI"": 0, ""MERITZ"": 0, ""KB"": 0, ""DB"": 0, ""SAMSUNG"": 0}"
plain,oat_heuristic,risk_emergency_bump,1.1,0,SHINHAN|KAKAOPAY|HYUNDAI|MERITZ|KB|DB|SAMSUNG,True,True,True,0.0,0,1.0,1.0,"{""SHINHAN"": 0, ""KAKAOPAY"": 0, ""HYUNDAI"": 0, ""MERITZ"": 0, ""KB"": 0, ""DB"": 0, ""SAMSUNG"": 0}"
plain,oat_heuristic,risk_emergency_bump,1.2,0,SHINHAN|KAKAOPAY|HYUNDAI|MERITZ|KB|DB|SAMSUNG,True,True,True,0.0,0,1.0,1.0,"{""SHINHAN"": 0, ""KAKAOPAY"": 0, ""HYUNDAI"": 0, ""MERITZ"": 0, ""KB"": 0, ""DB"": 0, ""SAMSUNG"": 0}"
plain,oat_heuristic,risk_illness_bump,0.8,0,SHINHAN|KAKAOPAY|HYUNDAI|MERITZ|KB|DB|SAMSUNG,True,True,True,0.0,0,1.0,1.0,"{""SHINHAN"": 0, ""KAKAOPAY"": 0, ""HYUNDAI"": 0, ""MERITZ"": 0, ""KB"": 0, ""DB"": 0, ""SAMSUNG"": 0}"
plain,oat_heuristic,risk_illness_bump,0.9,0,SHINHAN|KAKAOPAY|HYUNDAI|MERITZ|KB|DB|SAMSUNG,True,True,True,0.0,0,1.0,1.0,"{""SHINHAN"": 0, ""KAKAOPAY"": 0, ""HYUNDAI"": 0, ""MERITZ"": 0, ""KB"": 0, ""DB"": 0, ""SAMSUNG"": 0}"
plain,oat_heuristic,risk_illness_bump,1.1,0,SHINHAN|KAKAOPAY|HYUNDAI|MERITZ|KB|DB|SAMSUNG,True,True,True,0.0,0,1.0,1.0,"{""SHINHAN"": 0, ""KAKAOPAY"": 0, ""HYUNDAI"": 0, ""MERITZ"": 0, ""KB"": 0, ""DB"": 0, ""SAMSUNG"": 0}"
plain,oat_heuristic,risk_illness_bump,1.2,0,SHINHAN|KAKAOPAY|HYUNDAI|MERITZ|KB|DB|SAMSUNG,True,True,True,0.0,0,1.0,1.0,"{""SHINHAN"": 0, ""KAKAOPAY"": 0, ""HYUNDAI"": 0, ""MERITZ"": 0, ""KB"": 0, ""DB"": 0, ""SAMSUNG"": 0}"
plain,oat_heuristic,long_trip_bump,0.8,0,SHINHAN|KAKAOPAY|HYUNDAI|MERITZ|KB|DB|SAMSUNG,True,True,True,0.0,0,1.0,1.0,"{""SHINHAN"": 0, ""KAKAOPAY"": 0, ""HYUNDAI"": 0, ""MERITZ"": 0, ""KB"": 0, ""DB"": 0, ""SAMSUNG"": 0}"
plain,oat_heuristic,long_trip_bump,0.9,0,SHINHAN|KAKAOPAY|HYUNDAI|MERITZ|KB|DB|SAMSUNG,True,True,True,0.0,0,1.0,1.0,"{""SHINHAN"": 0, ""KAKAOPAY"": 0, ""HYUNDAI"": 0, ""MERITZ"": 0, ""KB"": 0, ""DB"": 0, ""SAMSUNG"": 0}"
plain,oat_heuristic,long_trip_bump,1.1,0,SHINHAN|KAKAOPAY|HYUNDAI|MERITZ|KB|DB|SAMSUNG,True,True,True,0.0,0,1.0,1.0,"{""SHINHAN"": 0, ""KAKAOPAY"": 0, ""HYUNDAI"": 0, ""MERITZ"": 0, ""KB"": 0, ""DB"": 0, ""SAMSUNG"": 0}"
plain,oat_heuristic,long_trip_bump,1.2,0,SHINHAN|KAKAOPAY|HYUNDAI|MERITZ|KB|DB|SAMSUNG,True,True,True,0.0,0,1.0,1.0,"{""SHINHAN"": 0, ""KAKAOPAY"": 0, ""HYUNDAI"": 0, ""MERITZ"": 0, ""KB"": 0, ""DB"": 0, ""SAMSUNG"": 0}"
plain,oat_heuristic,senior_illness_bump,0.8,0,SHINHAN|KAKAOPAY|HYUNDAI|MERITZ|KB|DB|SAMSUNG,True,True,True,0.0,0,1.0,1.0,"{""SHINHAN"": 0, ""KAKAOPAY"": 0, ""HYUNDAI"": 0, ""MERITZ"": 0, ""KB"": 0, ""DB"": 0, ""SAMSUNG"": 0}"
plain,oat_heuristic,senior_illness_bump,0.9,0,SHINHAN|KAKAOPAY|HYUNDAI|MERITZ|KB|DB|SAMSUNG,True,True,True,0.0,0,1.0,1.0,"{""SHINHAN"": 0, ""KAKAOPAY"": 0, ""HYUNDAI"": 0, ""MERITZ"": 0, ""KB"": 0, ""DB"": 0, ""SAMSUNG"": 0}"
plain,oat_heuristic,senior_illness_bump,1.1,0,SHINHAN|KAKAOPAY|HYUNDAI|MERITZ|KB|DB|SAMSUNG,True,True,True,0.0,0,1.0,1.0,"{""SHINHAN"": 0, ""KAKAOPAY"": 0, ""HYUNDAI"": 0, ""MERITZ"": 0, ""KB"": 0, ""DB"": 0, ""SAMSUNG"": 0}"
plain,oat_heuristic,senior_illness_bump,1.2,0,SHINHAN|KAKAOPAY|HYUNDAI|MERITZ|KB|DB|SAMSUNG,True,True,True,0.0,0,1.0,1.0,"{""SHINHAN"": 0, ""KAKAOPAY"": 0, ""HYUNDAI"": 0, ""MERITZ"": 0, ""KB"": 0, ""DB"": 0, ""SAMSUNG"": 0}"
plain,oat_heuristic,senior_emergency_bump,0.8,0,SHINHAN|KAKAOPAY|HYUNDAI|MERITZ|KB|DB|SAMSUNG,True,True,True,0.0,0,1.0,1.0,"{""SHINHAN"": 0, ""KAKAOPAY"": 0, ""HYUNDAI"": 0, ""MERITZ"": 0, ""KB"": 0, ""DB"": 0, ""SAMSUNG"": 0}"
plain,oat_heuristic,senior_emergency_bump,0.9,0,SHINHAN|KAKAOPAY|HYUNDAI|MERITZ|KB|DB|SAMSUNG,True,True,True,0.0,0,1.0,1.0,"{""SHINHAN"": 0, ""KAKAOPAY"": 0, ""HYUNDAI"": 0, ""MERITZ"": 0, ""KB"": 0, ""DB"": 0, ""SAMSUNG"": 0}"
plain,oat_heuristic,senior_emergency_bump,1.1,0,SHINHAN|KAKAOPAY|HYUNDAI|MERITZ|KB|DB|SAMSUNG,True,True,True,0.0,0,1.0,1.0,"{""SHINHAN"": 0, ""KAKAOPAY"": 0, ""HYUNDAI"": 0, ""MERITZ"": 0, ""KB"": 0, ""DB"": 0, ""SAMSUNG"": 0}"
plain,oat_heuristic,senior_emergency_bump,1.2,0,SHINHAN|KAKAOPAY|HYUNDAI|MERITZ|KB|DB|SAMSUNG,True,True,True,0.0,0,1.0,1.0,"{""SHINHAN"": 0, ""KAKAOPAY"": 0, ""HYUNDAI"": 0, ""MERITZ"": 0, ""KB"": 0, ""DB"": 0, ""SAMSUNG"": 0}"
plain,oat_axis,axis:amount,0.8,0,SHINHAN|KAKAOPAY|HYUNDAI|KB|MERITZ|DB|SAMSUNG,True,True,True,0.2857142857142857,1,0.9047619047619048,0.9642857142857143,"{""SHINHAN"": 0, ""KAKAOPAY"": 0, ""HYUNDAI"": 0, ""MERITZ"": 1, ""KB"": -1, ""DB"": 0, ""SAMSUNG"": 0}"
plain,oat_axis,axis:amount,0.9,0,SHINHAN|KAKAOPAY|HYUNDAI|KB|MERITZ|DB|SAMSUNG,True,True,True,0.2857142857142857,1,0.9047619047619048,0.9642857142857143,"{""SHINHAN"": 0, ""KAKAOPAY"": 0, ""HYUNDAI"": 0, ""MERITZ"": 1, ""KB"": -1, ""DB"": 0, ""SAMSUNG"": 0}"
plain,oat_axis,axis:amount,1.1,0,SHINHAN|KAKAOPAY|HYUNDAI|MERITZ|KB|DB|SAMSUNG,True,True,True,0.0,0,1.0,1.0,"{""SHINHAN"": 0, ""KAKAOPAY"": 0, ""HYUNDAI"": 0, ""MERITZ"": 0, ""KB"": 0, ""DB"": 0, ""SAMSUNG"": 0}"
plain,oat_axis,axis:amount,1.2,0,SHINHAN|KAKAOPAY|HYUNDAI|MERITZ|KB|DB|SAMSUNG,True,True,True,0.0,0,1.0,1.0,"{""SHINHAN"": 0, ""KAKAOPAY"": 0, ""HYUNDAI"": 0, ""MERITZ"": 0, ""KB"": 0, ""DB"": 0, ""SAMSUNG"": 0}"
plain,oat_axis,axis:clause,0.8,0,SHINHAN|KAKAOPAY|HYUNDAI|MERITZ|KB|DB|SAMSUNG,True,True,True,0.0,0,1.0,1.0,"{""SHINHAN"": 0, ""KAKAOPAY"": 0, ""HYUNDAI"": 0, ""MERITZ"": 0, ""KB"": 0, ""DB"": 0, ""SAMSUNG"": 0}"
plain,oat_axis,axis:clause,0.9,0,SHINHAN|KAKAOPAY|HYUNDAI|MERITZ|KB|DB|SAMSUNG,True,True,True,0.0,0,1.0,1.0,"{""SHINHAN"": 0, ""KAKAOPAY"": 0, ""HYUNDAI"": 0, ""MERITZ"": 0, ""KB"": 0, ""DB"": 0, ""SAMSUNG"": 0}"
plain,oat_axis,axis:clause,1.1,0,SHINHAN|KAKAOPAY|HYUNDAI|MERITZ|KB|DB|SAMSUNG,True,True,True,0.0,0,1.0,1.0,"{""SHINHAN"": 0, ""KAKAOPAY"": 0, ""HYUNDAI"": 0, ""MERITZ"": 0, ""KB"": 0, ""DB"": 0, ""SAMSUNG"": 0}"
plain,oat_axis,axis:clause,1.2,0,SHINHAN|KAKAOPAY|HYUNDAI|MERITZ|KB|DB|SAMSUNG,True,True,True,0.0,0,1.0,1.0,"{""SHINHAN"": 0, ""KAKAOPAY"": 0, ""HYUNDAI"": 0, ""MERITZ"": 0, ""KB"": 0, ""DB"": 0, ""SAMSUNG"": 0}"
plain,oat_axis,axis:price,0.8,0,SHINHAN|KAKAOPAY|HYUNDAI|MERITZ|KB|DB|SAMSUNG,True,True,True,0.0,0,1.0,1.0,"{""SHINHAN"": 0, ""KAKAOPAY"": 0, ""HYUNDAI"": 0, ""MERITZ"": 0, ""KB"": 0, ""DB"": 0, ""SAMSUNG"": 0}"
plain,oat_axis,axis:price,0.9,0,SHINHAN|KAKAOPAY|HYUNDAI|MERITZ|KB|DB|SAMSUNG,True,True,True,0.0,0,1.0,1.0,"{""SHINHAN"": 0, ""KAKAOPAY"": 0, ""HYUNDAI"": 0, ""MERITZ"": 0, ""KB"": 0, ""DB"": 0, ""SAMSUNG"": 0}"
plain,oat_axis,axis:price,1.1,0,SHINHAN|KAKAOPAY|HYUNDAI|KB|MERITZ|DB|SAMSUNG,True,True,True,0.2857142857142857,1,0.9047619047619048,0.9642857142857143,"{""SHINHAN"": 0, ""KAKAOPAY"": 0, ""HYUNDAI"": 0, ""MERITZ"": 1, ""KB"": -1, ""DB"": 0, ""SAMSUNG"": 0}"
plain,oat_axis,axis:price,1.2,0,SHINHAN|KAKAOPAY|HYUNDAI|KB|MERITZ|DB|SAMSUNG,True,True,True,0.2857142857142857,1,0.9047619047619048,0.9642857142857143,"{""SHINHAN"": 0, ""KAKAOPAY"": 0, ""HYUNDAI"": 0, ""MERITZ"": 1, ""KB"": -1, ""DB"": 0, ""SAMSUNG"": 0}"
plain,oat_axis,axis:overlap,0.8,0,SHINHAN|KAKAOPAY|HYUNDAI|MERITZ|KB|DB|SAMSUNG,True,True,True,0.0,0,1.0,1.0,"{""SHINHAN"": 0, ""KAKAOPAY"": 0, ""HYUNDAI"": 0, ""MERITZ"": 0, ""KB"": 0, ""DB"": 0, ""SAMSUNG"": 0}"
plain,oat_axis,axis:overlap,0.9,0,SHINHAN|KAKAOPAY|HYUNDAI|MERITZ|KB|DB|SAMSUNG,True,True,True,0.0,0,1.0,1.0,"{""SHINHAN"": 0, ""KAKAOPAY"": 0, ""HYUNDAI"": 0, ""MERITZ"": 0, ""KB"": 0, ""DB"": 0, ""SAMSUNG"": 0}"
plain,oat_axis,axis:overlap,1.1,0,SHINHAN|KAKAOPAY|HYUNDAI|MERITZ|KB|DB|SAMSUNG,True,True,True,0.0,0,1.0,1.0,"{""SHINHAN"": 0, ""KAKAOPAY"": 0, ""HYUNDAI"": 0, ""MERITZ"": 0, ""KB"": 0, ""DB"": 0, ""SAMSUNG"": 0}"
plain,oat_axis,axis:overlap,1.2,0,SHINHAN|KAKAOPAY|HYUNDAI|MERITZ|KB|DB|SAMSUNG,True,True,True,0.0,0,1.0,1.0,"{""SHINHAN"": 0, ""KAKAOPAY"": 0, ""HYUNDAI"": 0, ""MERITZ"": 0, ""KB"": 0, ""DB"": 0, ""SAMSUNG"": 0}"
plain,oat_axis,axis:activity,0.8,0,SHINHAN|KAKAOPAY|HYUNDAI|MERITZ|KB|DB|SAMSUNG,True,True,True,0.0,0,1.0,1.0,"{""SHINHAN"": 0, ""KAKAOPAY"": 0, ""HYUNDAI"": 0, ""MERITZ"": 0, ""KB"": 0, ""DB"": 0, ""SAMSUNG"": 0}"
plain,oat_axis,axis:activity,0.9,0,SHINHAN|KAKAOPAY|HYUNDAI|MERITZ|KB|DB|SAMSUNG,True,True,True,0.0,0,1.0,1.0,"{""SHINHAN"": 0, ""KAKAOPAY"": 0, ""HYUNDAI"": 0, ""MERITZ"": 0, ""KB"": 0, ""DB"": 0, ""SAMSUNG"": 0}"
plain,oat_axis,axis:activity,1.1,0,SHINHAN|KAKAOPAY|HYUNDAI|MERITZ|KB|DB|SAMSUNG,True,True,True,0.0,0,1.0,1.0,"{""SHINHAN"": 0, ""KAKAOPAY"": 0, ""HYUNDAI"": 0, ""MERITZ"": 0, ""KB"": 0, ""DB"": 0, ""SAMSUNG"": 0}"
plain,oat_axis,axis:activity,1.2,0,SHINHAN|KAKAOPAY|HYUNDAI|MERITZ|KB|DB|SAMSUNG,True,True,True,0.0,0,1.0,1.0,"{""SHINHAN"": 0, ""KAKAOPAY"": 0, ""HYUNDAI"": 0, ""MERITZ"": 0, ""KB"": 0, ""DB"": 0, ""SAMSUNG"": 0}"
plain,monte_carlo,all,0.0,0,SHINHAN|KAKAOPAY|HYUNDAI|MERITZ|KB|DB|SAMSUNG,True,True,True,0.0,0,1.0,1.0,"{""SHINHAN"": 0, ""KAKAOPAY"": 0, ""HYUNDAI"": 0, ""MERITZ"": 0, ""KB"": 0, ""DB"": 0, ""SAMSUNG"": 0}"
plain,monte_carlo,all,0.0,1,SHINHAN|KAKAOPAY|HYUNDAI|KB|MERITZ|DB|SAMSUNG,True,True,True,0.2857142857142857,1,0.9047619047619048,0.9642857142857143,"{""SHINHAN"": 0, ""KAKAOPAY"": 0, ""HYUNDAI"": 0, ""MERITZ"": 1, ""KB"": -1, ""DB"": 0, ""SAMSUNG"": 0}"
plain,monte_carlo,all,0.0,2,SHINHAN|KAKAOPAY|HYUNDAI|KB|MERITZ|DB|SAMSUNG,True,True,True,0.2857142857142857,1,0.9047619047619048,0.9642857142857143,"{""SHINHAN"": 0, ""KAKAOPAY"": 0, ""HYUNDAI"": 0, ""MERITZ"": 1, ""KB"": -1, ""DB"": 0, ""SAMSUNG"": 0}"
plain,monte_carlo,all,0.0,3,SHINHAN|KAKAOPAY|HYUNDAI|MERITZ|KB|DB|SAMSUNG,True,True,True,0.0,0,1.0,1.0,"{""SHINHAN"": 0, ""KAKAOPAY"": 0, ""HYUNDAI"": 0, ""MERITZ"": 0, ""KB"": 0, ""DB"": 0, ""SAMSUNG"": 0}"
plain,monte_carlo,all,0.0,4,SHINHAN|KAKAOPAY|HYUNDAI|KB|MERITZ|DB|SAMSUNG,True,True,True,0.2857142857142857,1,0.9047619047619048,0.9642857142857143,"{""SHINHAN"": 0, ""KAKAOPAY"": 0, ""HYUNDAI"": 0, ""MERITZ"": 1, ""KB"": -1, ""DB"": 0, ""SAMSUNG"": 0}"
plain,monte_carlo,all,0.0,5,SHINHAN|KAKAOPAY|HYUNDAI|KB|MERITZ|DB|SAMSUNG,True,True,True,0.2857142857142857,1,0.9047619047619048,0.9642857142857143,"{""SHINHAN"": 0, ""KAKAOPAY"": 0, ""HYUNDAI"": 0, ""MERITZ"": 1, ""KB"": -1, ""DB"": 0, ""SAMSUNG"": 0}"
plain,monte_carlo,all,0.0,6,SHINHAN|KAKAOPAY|HYUNDAI|KB|MERITZ|DB|SAMSUNG,True,True,True,0.2857142857142857,1,0.9047619047619048,0.9642857142857143,"{""SHINHAN"": 0, ""KAKAOPAY"": 0, ""HYUNDAI"": 0, ""MERITZ"": 1, ""KB"": -1, ""DB"": 0, ""SAMSUNG"": 0}"
plain,monte_carlo,all,0.0,7,SHINHAN|KAKAOPAY|HYUNDAI|MERITZ|KB|DB|SAMSUNG,True,True,True,0.0,0,1.0,1.0,"{""SHINHAN"": 0, ""KAKAOPAY"": 0, ""HYUNDAI"": 0, ""MERITZ"": 0, ""KB"": 0, ""DB"": 0, ""SAMSUNG"": 0}"
plain,monte_carlo,all,0.0,8,SHINHAN|KAKAOPAY|HYUNDAI|KB|MERITZ|DB|SAMSUNG,True,True,True,0.2857142857142857,1,0.9047619047619048,0.9642857142857143,"{""SHINHAN"": 0, ""KAKAOPAY"": 0, ""HYUNDAI"": 0, ""MERITZ"": 1, ""KB"": -1, ""DB"": 0, ""SAMSUNG"": 0}"
plain,monte_carlo,all,0.0,9,SHINHAN|KAKAOPAY|HYUNDAI|MERITZ|KB|DB|SAMSUNG,True,True,True,0.0,0,1.0,1.0,"{""SHINHAN"": 0, ""KAKAOPAY"": 0, ""HYUNDAI"": 0, ""MERITZ"": 0, ""KB"": 0, ""DB"": 0, ""SAMSUNG"": 0}"
plain,monte_carlo,all,0.0,10,SHINHAN|KAKAOPAY|HYUNDAI|MERITZ|KB|DB|SAMSUNG,True,True,True,0.0,0,1.0,1.0,"{""SHINHAN"": 0, ""KAKAOPAY"": 0, ""HYUNDAI"": 0, ""MERITZ"": 0, ""KB"": 0, ""DB"": 0, ""SAMSUNG"": 0}"
plain,monte_carlo,all,0.0,11,SHINHAN|KAKAOPAY|HYUNDAI|MERITZ|KB|DB|SAMSUNG,True,True,True,0.0,0,1.0,1.0,"{""SHINHAN"": 0, ""KAKAOPAY"": 0, ""HYUNDAI"": 0, ""MERITZ"": 0, ""KB"": 0, ""DB"": 0, ""SAMSUNG"": 0}"
plain,monte_carlo,all,0.0,12,SHINHAN|KAKAOPAY|HYUNDAI|MERITZ|KB|DB|SAMSUNG,True,True,True,0.0,0,1.0,1.0,"{""SHINHAN"": 0, ""KAKAOPAY"": 0, ""HYUNDAI"": 0, ""MERITZ"": 0, ""KB"": 0, ""DB"": 0, ""SAMSUNG"": 0}"
plain,monte_carlo,all,0.0,13,SHINHAN|KAKAOPAY|HYUNDAI|MERITZ|KB|DB|SAMSUNG,True,True,True,0.0,0,1.0,1.0,"{""SHINHAN"": 0, ""KAKAOPAY"": 0, ""HYUNDAI"": 0, ""MERITZ"": 0, ""KB"": 0, ""DB"": 0, ""SAMSUNG"": 0}"
plain,monte_carlo,all,0.0,14,SHINHAN|KAKAOPAY|HYUNDAI|MERITZ|KB|DB|SAMSUNG,True,True,True,0.0,0,1.0,1.0,"{""SHINHAN"": 0, ""KAKAOPAY"": 0, ""HYUNDAI"": 0, ""MERITZ"": 0, ""KB"": 0, ""DB"": 0, ""SAMSUNG"": 0}"
plain,monte_carlo,all,0.0,15,SHINHAN|KAKAOPAY|HYUNDAI|MERITZ|KB|DB|SAMSUNG,True,True,True,0.0,0,1.0,1.0,"{""SHINHAN"": 0, ""KAKAOPAY"": 0, ""HYUNDAI"": 0, ""MERITZ"": 0, ""KB"": 0, ""DB"": 0, ""SAMSUNG"": 0}"
plain,monte_carlo,all,0.0,16,SHINHAN|KAKAOPAY|HYUNDAI|MERITZ|KB|DB|SAMSUNG,True,True,True,0.0,0,1.0,1.0,"{""SHINHAN"": 0, ""KAKAOPAY"": 0, ""HYUNDAI"": 0, ""MERITZ"": 0, ""KB"": 0, ""DB"": 0, ""SAMSUNG"": 0}"
plain,monte_carlo,all,0.0,17,SHINHAN|KAKAOPAY|HYUNDAI|KB|MERITZ|DB|SAMSUNG,True,True,True,0.2857142857142857,1,0.9047619047619048,0.9642857142857143,"{""SHINHAN"": 0, ""KAKAOPAY"": 0, ""HYUNDAI"": 0, ""MERITZ"": 1, ""KB"": -1, ""DB"": 0, ""SAMSUNG"": 0}"
plain,monte_carlo,all,0.0,18,SHINHAN|KAKAOPAY|HYUNDAI|KB|MERITZ|DB|SAMSUNG,True,True,True,0.2857142857142857,1,0.9047619047619048,0.9642857142857143,"{""SHINHAN"": 0, ""KAKAOPAY"": 0, ""HYUNDAI"": 0, ""MERITZ"": 1, ""KB"": -1, ""DB"": 0, ""SAMSUNG"": 0}"
plain,monte_carlo,all,0.0,19,SHINHAN|KAKAOPAY|HYUNDAI|MERITZ|KB|DB|SAMSUNG,True,True,True,0.0,0,1.0,1.0,"{""SHINHAN"": 0, ""KAKAOPAY"": 0, ""HYUNDAI"": 0, ""MERITZ"": 0, ""KB"": 0, ""DB"": 0, ""SAMSUNG"": 0}"
plain,monte_carlo,all,0.0,20,SHINHAN|KAKAOPAY|HYUNDAI|MERITZ|KB|DB|SAMSUNG,True,True,True,0.0,0,1.0,1.0,"{""SHINHAN"": 0, ""KAKAOPAY"": 0, ""HYUNDAI"": 0, ""MERITZ"": 0, ""KB"": 0, ""DB"": 0, ""SAMSUNG"": 0}"
plain,monte_carlo,all,0.0,21,SHINHAN|KAKAOPAY|HYUNDAI|KB|MERITZ|DB|SAMSUNG,True,True,True,0.2857142857142857,1,0.9047619047619048,0.9642857142857143,"{""SHINHAN"": 0, ""KAKAOPAY"": 0, ""HYUNDAI"": 0, ""MERITZ"": 1, ""KB"": -1, ""DB"": 0, ""SAMSUNG"": 0}"
plain,monte_carlo,all,0.0,22,SHINHAN|KAKAOPAY|HYUNDAI|MERITZ|KB|DB|SAMSUNG,True,True,True,0.0,0,1.0,1.0,"{""SHINHAN"": 0, ""KAKAOPAY"": 0, ""HYUNDAI"": 0, ""MERITZ"": 0, ""KB"": 0, ""DB"": 0, ""SAMSUNG"": 0}"
plain,monte_carlo,all,0.0,23,SHINHAN|KAKAOPAY|HYUNDAI|MERITZ|KB|DB|SAMSUNG,True,True,True,0.0,0,1.0,1.0,"{""SHINHAN"": 0, ""KAKAOPAY"": 0, ""HYUNDAI"": 0, ""MERITZ"": 0, ""KB"": 0, ""DB"": 0, ""SAMSUNG"": 0}"
plain,monte_carlo,all,0.0,24,SHINHAN|KAKAOPAY|HYUNDAI|MERITZ|KB|DB|SAMSUNG,True,True,True,0.0,0,1.0,1.0,"{""SHINHAN"": 0, ""KAKAOPAY"": 0, ""HYUNDAI"": 0, ""MERITZ"": 0, ""KB"": 0, ""DB"": 0, ""SAMSUNG"": 0}"
plain,monte_carlo,all,0.0,25,SHINHAN|KAKAOPAY|HYUNDAI|MERITZ|KB|DB|SAMSUNG,True,True,True,0.0,0,1.0,1.0,"{""SHINHAN"": 0, ""KAKAOPAY"": 0, ""HYUNDAI"": 0, ""MERITZ"": 0, ""KB"": 0, ""DB"": 0, ""SAMSUNG"": 0}"
plain,monte_carlo,all,0.0,26,SHINHAN|KAKAOPAY|HYUNDAI|MERITZ|KB|DB|SAMSUNG,True,True,True,0.0,0,1.0,1.0,"{""SHINHAN"": 0, ""KAKAOPAY"": 0, ""HYUNDAI"": 0, ""MERITZ"": 0, ""KB"": 0, ""DB"": 0, ""SAMSUNG"": 0}"
plain,monte_carlo,all,0.0,27,SHINHAN|KAKAOPAY|HYUNDAI|KB|MERITZ|DB|SAMSUNG,True,True,True,0.2857142857142857,1,0.9047619047619048,0.9642857142857143,"{""SHINHAN"": 0, ""KAKAOPAY"": 0, ""HYUNDAI"": 0, ""MERITZ"": 1, ""KB"": -1, ""DB"": 0, ""SAMSUNG"": 0}"
plain,monte_carlo,all,0.0,28,SHINHAN|KAKAOPAY|HYUNDAI|KB|MERITZ|DB|SAMSUNG,True,True,True,0.2857142857142857,1,0.9047619047619048,0.9642857142857143,"{""SHINHAN"": 0, ""KAKAOPAY"": 0, ""HYUNDAI"": 0, ""MERITZ"": 1, ""KB"": -1, ""DB"": 0, ""SAMSUNG"": 0}"
plain,monte_carlo,all,0.0,29,SHINHAN|KAKAOPAY|HYUNDAI|KB|MERITZ|DB|SAMSUNG,True,True,True,0.2857142857142857,1,0.9047619047619048,0.9642857142857143,"{""SHINHAN"": 0, ""KAKAOPAY"": 0, ""HYUNDAI"": 0, ""MERITZ"": 1, ""KB"": -1, ""DB"": 0, ""SAMSUNG"": 0}"
plain,monte_carlo,all,0.0,30,SHINHAN|KAKAOPAY|HYUNDAI|MERITZ|KB|DB|SAMSUNG,True,True,True,0.0,0,1.0,1.0,"{""SHINHAN"": 0, ""KAKAOPAY"": 0, ""HYUNDAI"": 0, ""MERITZ"": 0, ""KB"": 0, ""DB"": 0, ""SAMSUNG"": 0}"
plain,monte_carlo,all,0.0,31,SHINHAN|KAKAOPAY|HYUNDAI|KB|MERITZ|DB|SAMSUNG,True,True,True,0.2857142857142857,1,0.9047619047619048,0.9642857142857143,"{""SHINHAN"": 0, ""KAKAOPAY"": 0, ""HYUNDAI"": 0, ""MERITZ"": 1, ""KB"": -1, ""DB"": 0, ""SAMSUNG"": 0}"
plain,monte_carlo,all,0.0,32,SHINHAN|KAKAOPAY|HYUNDAI|MERITZ|KB|DB|SAMSUNG,True,True,True,0.0,0,1.0,1.0,"{""SHINHAN"": 0, ""KAKAOPAY"": 0, ""HYUNDAI"": 0, ""MERITZ"": 0, ""KB"": 0, ""DB"": 0, ""SAMSUNG"": 0}"
plain,monte_carlo,all,0.0,33,SHINHAN|KAKAOPAY|HYUNDAI|MERITZ|KB|DB|SAMSUNG,True,True,True,0.0,0,1.0,1.0,"{""SHINHAN"": 0, ""KAKAOPAY"": 0, ""HYUNDAI"": 0, ""MERITZ"": 0, ""KB"": 0, ""DB"": 0, ""SAMSUNG"": 0}"
plain,monte_carlo,all,0.0,34,SHINHAN|KAKAOPAY|HYUNDAI|MERITZ|KB|DB|SAMSUNG,True,True,True,0.0,0,1.0,1.0,"{""SHINHAN"": 0, ""KAKAOPAY"": 0, ""HYUNDAI"": 0, ""MERITZ"": 0, ""KB"": 0, ""DB"": 0, ""SAMSUNG"": 0}"
plain,monte_carlo,all,0.0,35,SHINHAN|KAKAOPAY|HYUNDAI|MERITZ|KB|DB|SAMSUNG,True,True,True,0.0,0,1.0,1.0,"{""SHINHAN"": 0, ""KAKAOPAY"": 0, ""HYUNDAI"": 0, ""MERITZ"": 0, ""KB"": 0, ""DB"": 0, ""SAMSUNG"": 0}"
plain,monte_carlo,all,0.0,36,SHINHAN|KAKAOPAY|HYUNDAI|MERITZ|KB|DB|SAMSUNG,True,True,True,0.0,0,1.0,1.0,"{""SHINHAN"": 0, ""KAKAOPAY"": 0, ""HYUNDAI"": 0, ""MERITZ"": 0, ""KB"": 0, ""DB"": 0, ""SAMSUNG"": 0}"
plain,monte_carlo,all,0.0,37,SHINHAN|KAKAOPAY|HYUNDAI|MERITZ|KB|DB|SAMSUNG,True,True,True,0.0,0,1.0,1.0,"{""SHINHAN"": 0, ""KAKAOPAY"": 0, ""HYUNDAI"": 0, ""MERITZ"": 0, ""KB"": 0, ""DB"": 0, ""SAMSUNG"": 0}"
plain,monte_carlo,all,0.0,38,SHINHAN|KAKAOPAY|HYUNDAI|MERITZ|KB|DB|SAMSUNG,True,True,True,0.0,0,1.0,1.0,"{""SHINHAN"": 0, ""KAKAOPAY"": 0, ""HYUNDAI"": 0, ""MERITZ"": 0, ""KB"": 0, ""DB"": 0, ""SAMSUNG"": 0}"
plain,monte_carlo,all,0.0,39,SHINHAN|KAKAOPAY|HYUNDAI|KB|MERITZ|DB|SAMSUNG,True,True,True,0.2857142857142857,1,0.9047619047619048,0.9642857142857143,"{""SHINHAN"": 0, ""KAKAOPAY"": 0, ""HYUNDAI"": 0, ""MERITZ"": 1, ""KB"": -1, ""DB"": 0, ""SAMSUNG"": 0}"
plain,monte_carlo,all,0.0,40,SHINHAN|KAKAOPAY|HYUNDAI|MERITZ|KB|DB|SAMSUNG,True,True,True,0.0,0,1.0,1.0,"{""SHINHAN"": 0, ""KAKAOPAY"": 0, ""HYUNDAI"": 0, ""MERITZ"": 0, ""KB"": 0, ""DB"": 0, ""SAMSUNG"": 0}"
plain,monte_carlo,all,0.0,41,SHINHAN|KAKAOPAY|HYUNDAI|MERITZ|KB|DB|SAMSUNG,True,True,True,0.0,0,1.0,1.0,"{""SHINHAN"": 0, ""KAKAOPAY"": 0, ""HYUNDAI"": 0, ""MERITZ"": 0, ""KB"": 0, ""DB"": 0, ""SAMSUNG"": 0}"
plain,monte_carlo,all,0.0,42,SHINHAN|KAKAOPAY|HYUNDAI|MERITZ|KB|DB|SAMSUNG,True,True,True,0.0,0,1.0,1.0,"{""SHINHAN"": 0, ""KAKAOPAY"": 0, ""HYUNDAI"": 0, ""MERITZ"": 0, ""KB"": 0, ""DB"": 0, ""SAMSUNG"": 0}"
plain,monte_carlo,all,0.0,43,SHINHAN|KAKAOPAY|HYUNDAI|MERITZ|KB|DB|SAMSUNG,True,True,True,0.0,0,1.0,1.0,"{""SHINHAN"": 0, ""KAKAOPAY"": 0, ""HYUNDAI"": 0, ""MERITZ"": 0, ""KB"": 0, ""DB"": 0, ""SAMSUNG"": 0}"
plain,monte_carlo,all,0.0,44,SHINHAN|KAKAOPAY|HYUNDAI|KB|MERITZ|DB|SAMSUNG,True,True,True,0.2857142857142857,1,0.9047619047619048,0.9642857142857143,"{""SHINHAN"": 0, ""KAKAOPAY"": 0, ""HYUNDAI"": 0, ""MERITZ"": 1, ""KB"": -1, ""DB"": 0, ""SAMSUNG"": 0}"
plain,monte_carlo,all,0.0,45,SHINHAN|KAKAOPAY|HYUNDAI|MERITZ|KB|DB|SAMSUNG,True,True,True,0.0,0,1.0,1.0,"{""SHINHAN"": 0, ""KAKAOPAY"": 0, ""HYUNDAI"": 0, ""MERITZ"": 0, ""KB"": 0, ""DB"": 0, ""SAMSUNG"": 0}"
plain,monte_carlo,all,0.0,46,SHINHAN|KAKAOPAY|HYUNDAI|MERITZ|KB|DB|SAMSUNG,True,True,True,0.0,0,1.0,1.0,"{""SHINHAN"": 0, ""KAKAOPAY"": 0, ""HYUNDAI"": 0, ""MERITZ"": 0, ""KB"": 0, ""DB"": 0, ""SAMSUNG"": 0}"
plain,monte_carlo,all,0.0,47,SHINHAN|KAKAOPAY|HYUNDAI|MERITZ|KB|DB|SAMSUNG,True,True,True,0.0,0,1.0,1.0,"{""SHINHAN"": 0, ""KAKAOPAY"": 0, ""HYUNDAI"": 0, ""MERITZ"": 0, ""KB"": 0, ""DB"": 0, ""SAMSUNG"": 0}"
plain,monte_carlo,all,0.0,48,SHINHAN|KAKAOPAY|HYUNDAI|MERITZ|KB|DB|SAMSUNG,True,True,True,0.0,0,1.0,1.0,"{""SHINHAN"": 0, ""KAKAOPAY"": 0, ""HYUNDAI"": 0, ""MERITZ"": 0, ""KB"": 0, ""DB"": 0, ""SAMSUNG"": 0}"
plain,monte_carlo,all,0.0,49,SHINHAN|KAKAOPAY|HYUNDAI|MERITZ|KB|DB|SAMSUNG,True,True,True,0.0,0,1.0,1.0,"{""SHINHAN"": 0, ""KAKAOPAY"": 0, ""HYUNDAI"": 0, ""MERITZ"": 0, ""KB"": 0, ""DB"": 0, ""SAMSUNG"": 0}"
plain,monte_carlo,all,0.0,50,SHINHAN|KAKAOPAY|HYUNDAI|KB|MERITZ|DB|SAMSUNG,True,True,True,0.2857142857142857,1,0.9047619047619048,0.9642857142857143,"{""SHINHAN"": 0, ""KAKAOPAY"": 0, ""HYUNDAI"": 0, ""MERITZ"": 1, ""KB"": -1, ""DB"": 0, ""SAMSUNG"": 0}"
plain,monte_carlo,all,0.0,51,SHINHAN|KAKAOPAY|HYUNDAI|MERITZ|KB|DB|SAMSUNG,True,True,True,0.0,0,1.0,1.0,"{""SHINHAN"": 0, ""KAKAOPAY"": 0, ""HYUNDAI"": 0, ""MERITZ"": 0, ""KB"": 0, ""DB"": 0, ""SAMSUNG"": 0}"
plain,monte_carlo,all,0.0,52,SHINHAN|KAKAOPAY|HYUNDAI|MERITZ|KB|DB|SAMSUNG,True,True,True,0.0,0,1.0,1.0,"{""SHINHAN"": 0, ""KAKAOPAY"": 0, ""HYUNDAI"": 0, ""MERITZ"": 0, ""KB"": 0, ""DB"": 0, ""SAMSUNG"": 0}"
plain,monte_carlo,all,0.0,53,SHINHAN|KAKAOPAY|HYUNDAI|KB|MERITZ|DB|SAMSUNG,True,True,True,0.2857142857142857,1,0.9047619047619048,0.9642857142857143,"{""SHINHAN"": 0, ""KAKAOPAY"": 0, ""HYUNDAI"": 0, ""MERITZ"": 1, ""KB"": -1, ""DB"": 0, ""SAMSUNG"": 0}"
plain,monte_carlo,all,0.0,54,SHINHAN|KAKAOPAY|HYUNDAI|KB|MERITZ|DB|SAMSUNG,True,True,True,0.2857142857142857,1,0.9047619047619048,0.9642857142857143,"{""SHINHAN"": 0, ""KAKAOPAY"": 0, ""HYUNDAI"": 0, ""MERITZ"": 1, ""KB"": -1, ""DB"": 0, ""SAMSUNG"": 0}"
plain,monte_carlo,all,0.0,55,SHINHAN|KAKAOPAY|HYUNDAI|KB|MERITZ|DB|SAMSUNG,True,True,True,0.2857142857142857,1,0.9047619047619048,0.9642857142857143,"{""SHINHAN"": 0, ""KAKAOPAY"": 0, ""HYUNDAI"": 0, ""MERITZ"": 1, ""KB"": -1, ""DB"": 0, ""SAMSUNG"": 0}"
plain,monte_carlo,all,0.0,56,SHINHAN|KAKAOPAY|HYUNDAI|MERITZ|KB|DB|SAMSUNG,True,True,True,0.0,0,1.0,1.0,"{""SHINHAN"": 0, ""KAKAOPAY"": 0, ""HYUNDAI"": 0, ""MERITZ"": 0, ""KB"": 0, ""DB"": 0, ""SAMSUNG"": 0}"
plain,monte_carlo,all,0.0,57,SHINHAN|KAKAOPAY|HYUNDAI|KB|MERITZ|DB|SAMSUNG,True,True,True,0.2857142857142857,1,0.9047619047619048,0.9642857142857143,"{""SHINHAN"": 0, ""KAKAOPAY"": 0, ""HYUNDAI"": 0, ""MERITZ"": 1, ""KB"": -1, ""DB"": 0, ""SAMSUNG"": 0}"
plain,monte_carlo,all,0.0,58,SHINHAN|KAKAOPAY|HYUNDAI|KB|MERITZ|DB|SAMSUNG,True,True,True,0.2857142857142857,1,0.9047619047619048,0.9642857142857143,"{""SHINHAN"": 0, ""KAKAOPAY"": 0, ""HYUNDAI"": 0, ""MERITZ"": 1, ""KB"": -1, ""DB"": 0, ""SAMSUNG"": 0}"
plain,monte_carlo,all,0.0,59,SHINHAN|KAKAOPAY|HYUNDAI|MERITZ|KB|DB|SAMSUNG,True,True,True,0.0,0,1.0,1.0,"{""SHINHAN"": 0, ""KAKAOPAY"": 0, ""HYUNDAI"": 0, ""MERITZ"": 0, ""KB"": 0, ""DB"": 0, ""SAMSUNG"": 0}"
plain,monte_carlo,all,0.0,60,SHINHAN|KAKAOPAY|HYUNDAI|MERITZ|KB|DB|SAMSUNG,True,True,True,0.0,0,1.0,1.0,"{""SHINHAN"": 0, ""KAKAOPAY"": 0, ""HYUNDAI"": 0, ""MERITZ"": 0, ""KB"": 0, ""DB"": 0, ""SAMSUNG"": 0}"
plain,monte_carlo,all,0.0,61,SHINHAN|KAKAOPAY|HYUNDAI|KB|MERITZ|DB|SAMSUNG,True,True,True,0.2857142857142857,1,0.9047619047619048,0.9642857142857143,"{""SHINHAN"": 0, ""KAKAOPAY"": 0, ""HYUNDAI"": 0, ""MERITZ"": 1, ""KB"": -1, ""DB"": 0, ""SAMSUNG"": 0}"
plain,monte_carlo,all,0.0,62,SHINHAN|KAKAOPAY|HYUNDAI|KB|MERITZ|DB|SAMSUNG,True,True,True,0.2857142857142857,1,0.9047619047619048,0.9642857142857143,"{""SHINHAN"": 0, ""KAKAOPAY"": 0, ""HYUNDAI"": 0, ""MERITZ"": 1, ""KB"": -1, ""DB"": 0, ""SAMSUNG"": 0}"
plain,monte_carlo,all,0.0,63,SHINHAN|KAKAOPAY|HYUNDAI|MERITZ|KB|DB|SAMSUNG,True,True,True,0.0,0,1.0,1.0,"{""SHINHAN"": 0, ""KAKAOPAY"": 0, ""HYUNDAI"": 0, ""MERITZ"": 0, ""KB"": 0, ""DB"": 0, ""SAMSUNG"": 0}"
plain,monte_carlo,all,0.0,64,SHINHAN|KAKAOPAY|HYUNDAI|MERITZ|KB|DB|SAMSUNG,True,True,True,0.0,0,1.0,1.0,"{""SHINHAN"": 0, ""KAKAOPAY"": 0, ""HYUNDAI"": 0, ""MERITZ"": 0, ""KB"": 0, ""DB"": 0, ""SAMSUNG"": 0}"
plain,monte_carlo,all,0.0,65,SHINHAN|KAKAOPAY|HYUNDAI|MERITZ|KB|DB|SAMSUNG,True,True,True,0.0,0,1.0,1.0,"{""SHINHAN"": 0, ""KAKAOPAY"": 0, ""HYUNDAI"": 0, ""MERITZ"": 0, ""KB"": 0, ""DB"": 0, ""SAMSUNG"": 0}"
plain,monte_carlo,all,0.0,66,SHINHAN|KAKAOPAY|HYUNDAI|MERITZ|KB|DB|SAMSUNG,True,True,True,0.0,0,1.0,1.0,"{""SHINHAN"": 0, ""KAKAOPAY"": 0, ""HYUNDAI"": 0, ""MERITZ"": 0, ""KB"": 0, ""DB"": 0, ""SAMSUNG"": 0}"
plain,monte_carlo,all,0.0,67,SHINHAN|KAKAOPAY|HYUNDAI|MERITZ|KB|DB|SAMSUNG,True,True,True,0.0,0,1.0,1.0,"{""SHINHAN"": 0, ""KAKAOPAY"": 0, ""HYUNDAI"": 0, ""MERITZ"": 0, ""KB"": 0, ""DB"": 0, ""SAMSUNG"": 0}"
plain,monte_carlo,all,0.0,68,SHINHAN|KAKAOPAY|HYUNDAI|KB|MERITZ|DB|SAMSUNG,True,True,True,0.2857142857142857,1,0.9047619047619048,0.9642857142857143,"{""SHINHAN"": 0, ""KAKAOPAY"": 0, ""HYUNDAI"": 0, ""MERITZ"": 1, ""KB"": -1, ""DB"": 0, ""SAMSUNG"": 0}"
plain,monte_carlo,all,0.0,69,SHINHAN|KAKAOPAY|HYUNDAI|KB|MERITZ|DB|SAMSUNG,True,True,True,0.2857142857142857,1,0.9047619047619048,0.9642857142857143,"{""SHINHAN"": 0, ""KAKAOPAY"": 0, ""HYUNDAI"": 0, ""MERITZ"": 1, ""KB"": -1, ""DB"": 0, ""SAMSUNG"": 0}"
plain,monte_carlo,all,0.0,70,SHINHAN|KAKAOPAY|HYUNDAI|KB|MERITZ|DB|SAMSUNG,True,True,True,0.2857142857142857,1,0.9047619047619048,0.9642857142857143,"{""SHINHAN"": 0, ""KAKAOPAY"": 0, ""HYUNDAI"": 0, ""MERITZ"": 1, ""KB"": -1, ""DB"": 0, ""SAMSUNG"": 0}"
plain,monte_carlo,all,0.0,71,SHINHAN|KAKAOPAY|HYUNDAI|MERITZ|KB|DB|SAMSUNG,True,True,True,0.0,0,1.0,1.0,"{""SHINHAN"": 0, ""KAKAOPAY"": 0, ""HYUNDAI"": 0, ""MERITZ"": 0, ""KB"": 0, ""DB"": 0, ""SAMSUNG"": 0}"
plain,monte_carlo,all,0.0,72,SHINHAN|KAKAOPAY|HYUNDAI|KB|MERITZ|DB|SAMSUNG,True,True,True,0.2857142857142857,1,0.9047619047619048,0.9642857142857143,"{""SHINHAN"": 0, ""KAKAOPAY"": 0, ""HYUNDAI"": 0, ""MERITZ"": 1, ""KB"": -1, ""DB"": 0, ""SAMSUNG"": 0}"
plain,monte_carlo,all,0.0,73,SHINHAN|KAKAOPAY|HYUNDAI|MERITZ|KB|DB|SAMSUNG,True,True,True,0.0,0,1.0,1.0,"{""SHINHAN"": 0, ""KAKAOPAY"": 0, ""HYUNDAI"": 0, ""MERITZ"": 0, ""KB"": 0, ""DB"": 0, ""SAMSUNG"": 0}"
plain,monte_carlo,all,0.0,74,SHINHAN|KAKAOPAY|HYUNDAI|KB|MERITZ|DB|SAMSUNG,True,True,True,0.2857142857142857,1,0.9047619047619048,0.9642857142857143,"{""SHINHAN"": 0, ""KAKAOPAY"": 0, ""HYUNDAI"": 0, ""MERITZ"": 1, ""KB"": -1, ""DB"": 0, ""SAMSUNG"": 0}"
plain,monte_carlo,all,0.0,75,SHINHAN|KAKAOPAY|HYUNDAI|KB|MERITZ|DB|SAMSUNG,True,True,True,0.2857142857142857,1,0.9047619047619048,0.9642857142857143,"{""SHINHAN"": 0, ""KAKAOPAY"": 0, ""HYUNDAI"": 0, ""MERITZ"": 1, ""KB"": -1, ""DB"": 0, ""SAMSUNG"": 0}"
plain,monte_carlo,all,0.0,76,SHINHAN|KAKAOPAY|HYUNDAI|MERITZ|KB|DB|SAMSUNG,True,True,True,0.0,0,1.0,1.0,"{""SHINHAN"": 0, ""KAKAOPAY"": 0, ""HYUNDAI"": 0, ""MERITZ"": 0, ""KB"": 0, ""DB"": 0, ""SAMSUNG"": 0}"
plain,monte_carlo,all,0.0,77,SHINHAN|KAKAOPAY|HYUNDAI|MERITZ|KB|DB|SAMSUNG,True,True,True,0.0,0,1.0,1.0,"{""SHINHAN"": 0, ""KAKAOPAY"": 0, ""HYUNDAI"": 0, ""MERITZ"": 0, ""KB"": 0, ""DB"": 0, ""SAMSUNG"": 0}"
plain,monte_carlo,all,0.0,78,SHINHAN|KAKAOPAY|HYUNDAI|MERITZ|KB|DB|SAMSUNG,True,True,True,0.0,0,1.0,1.0,"{""SHINHAN"": 0, ""KAKAOPAY"": 0, ""HYUNDAI"": 0, ""MERITZ"": 0, ""KB"": 0, ""DB"": 0, ""SAMSUNG"": 0}"
plain,monte_carlo,all,0.0,79,SHINHAN|KAKAOPAY|HYUNDAI|MERITZ|KB|DB|SAMSUNG,True,True,True,0.0,0,1.0,1.0,"{""SHINHAN"": 0, ""KAKAOPAY"": 0, ""HYUNDAI"": 0, ""MERITZ"": 0, ""KB"": 0, ""DB"": 0, ""SAMSUNG"": 0}"
plain,monte_carlo,all,0.0,80,SHINHAN|KAKAOPAY|HYUNDAI|MERITZ|KB|DB|SAMSUNG,True,True,True,0.0,0,1.0,1.0,"{""SHINHAN"": 0, ""KAKAOPAY"": 0, ""HYUNDAI"": 0, ""MERITZ"": 0, ""KB"": 0, ""DB"": 0, ""SAMSUNG"": 0}"
plain,monte_carlo,all,0.0,81,SHINHAN|KAKAOPAY|HYUNDAI|MERITZ|KB|DB|SAMSUNG,True,True,True,0.0,0,1.0,1.0,"{""SHINHAN"": 0, ""KAKAOPAY"": 0, ""HYUNDAI"": 0, ""MERITZ"": 0, ""KB"": 0, ""DB"": 0, ""SAMSUNG"": 0}"
plain,monte_carlo,all,0.0,82,SHINHAN|KAKAOPAY|HYUNDAI|MERITZ|KB|DB|SAMSUNG,True,True,True,0.0,0,1.0,1.0,"{""SHINHAN"": 0, ""KAKAOPAY"": 0, ""HYUNDAI"": 0, ""MERITZ"": 0, ""KB"": 0, ""DB"": 0, ""SAMSUNG"": 0}"
plain,monte_carlo,all,0.0,83,SHINHAN|KAKAOPAY|HYUNDAI|MERITZ|KB|DB|SAMSUNG,True,True,True,0.0,0,1.0,1.0,"{""SHINHAN"": 0, ""KAKAOPAY"": 0, ""HYUNDAI"": 0, ""MERITZ"": 0, ""KB"": 0, ""DB"": 0, ""SAMSUNG"": 0}"
plain,monte_carlo,all,0.0,84,SHINHAN|KAKAOPAY|HYUNDAI|MERITZ|KB|DB|SAMSUNG,True,True,True,0.0,0,1.0,1.0,"{""SHINHAN"": 0, ""KAKAOPAY"": 0, ""HYUNDAI"": 0, ""MERITZ"": 0, ""KB"": 0, ""DB"": 0, ""SAMSUNG"": 0}"
plain,monte_carlo,all,0.0,85,SHINHAN|KAKAOPAY|HYUNDAI|KB|MERITZ|DB|SAMSUNG,True,True,True,0.2857142857142857,1,0.9047619047619048,0.9642857142857143,"{""SHINHAN"": 0, ""KAKAOPAY"": 0, ""HYUNDAI"": 0, ""MERITZ"": 1, ""KB"": -1, ""DB"": 0, ""SAMSUNG"": 0}"
plain,monte_carlo,all,0.0,86,SHINHAN|KAKAOPAY|HYUNDAI|MERITZ|KB|DB|SAMSUNG,True,True,True,0.0,0,1.0,1.0,"{""SHINHAN"": 0, ""KAKAOPAY"": 0, ""HYUNDAI"": 0, ""MERITZ"": 0, ""KB"": 0, ""DB"": 0, ""SAMSUNG"": 0}"
plain,monte_carlo,all,0.0,87,SHINHAN|KAKAOPAY|HYUNDAI|MERITZ|KB|DB|SAMSUNG,True,True,True,0.0,0,1.0,1.0,"{""SHINHAN"": 0, ""KAKAOPAY"": 0, ""HYUNDAI"": 0, ""MERITZ"": 0, ""KB"": 0, ""DB"": 0, ""SAMSUNG"": 0}"
plain,monte_carlo,all,0.0,88,SHINHAN|KAKAOPAY|HYUNDAI|KB|MERITZ|DB|SAMSUNG,True,True,True,0.2857142857142857,1,0.9047619047619048,0.9642857142857143,"{""SHINHAN"": 0, ""KAKAOPAY"": 0, ""HYUNDAI"": 0, ""MERITZ"": 1, ""KB"": -1, ""DB"": 0, ""SAMSUNG"": 0}"
plain,monte_carlo,all,0.0,89,SHINHAN|KAKAOPAY|HYUNDAI|KB|MERITZ|DB|SAMSUNG,True,True,True,0.2857142857142857,1,0.9047619047619048,0.9642857142857143,"{""SHINHAN"": 0, ""KAKAOPAY"": 0, ""HYUNDAI"": 0, ""MERITZ"": 1, ""KB"": -1, ""DB"": 0, ""SAMSUNG"": 0}"
plain,monte_carlo,all,0.0,90,SHINHAN|KAKAOPAY|HYUNDAI|MERITZ|KB|DB|SAMSUNG,True,True,True,0.0,0,1.0,1.0,"{""SHINHAN"": 0, ""KAKAOPAY"": 0, ""HYUNDAI"": 0, ""MERITZ"": 0, ""KB"": 0, ""DB"": 0, ""SAMSUNG"": 0}"
plain,monte_carlo,all,0.0,91,SHINHAN|KAKAOPAY|HYUNDAI|MERITZ|KB|DB|SAMSUNG,True,True,True,0.0,0,1.0,1.0,"{""SHINHAN"": 0, ""KAKAOPAY"": 0, ""HYUNDAI"": 0, ""MERITZ"": 0, ""KB"": 0, ""DB"": 0, ""SAMSUNG"": 0}"
plain,monte_carlo,all,0.0,92,SHINHAN|KAKAOPAY|HYUNDAI|KB|MERITZ|DB|SAMSUNG,True,True,True,0.2857142857142857,1,0.9047619047619048,0.9642857142857143,"{""SHINHAN"": 0, ""KAKAOPAY"": 0, ""HYUNDAI"": 0, ""MERITZ"": 1, ""KB"": -1, ""DB"": 0, ""SAMSUNG"": 0}"
plain,monte_carlo,all,0.0,93,SHINHAN|KAKAOPAY|HYUNDAI|KB|MERITZ|DB|SAMSUNG,True,True,True,0.2857142857142857,1,0.9047619047619048,0.9642857142857143,"{""SHINHAN"": 0, ""KAKAOPAY"": 0, ""HYUNDAI"": 0, ""MERITZ"": 1, ""KB"": -1, ""DB"": 0, ""SAMSUNG"": 0}"
plain,monte_carlo,all,0.0,94,SHINHAN|KAKAOPAY|HYUNDAI|MERITZ|KB|DB|SAMSUNG,True,True,True,0.0,0,1.0,1.0,"{""SHINHAN"": 0, ""KAKAOPAY"": 0, ""HYUNDAI"": 0, ""MERITZ"": 0, ""KB"": 0, ""DB"": 0, ""SAMSUNG"": 0}"
plain,monte_carlo,all,0.0,95,SHINHAN|KAKAOPAY|HYUNDAI|MERITZ|KB|DB|SAMSUNG,True,True,True,0.0,0,1.0,1.0,"{""SHINHAN"": 0, ""KAKAOPAY"": 0, ""HYUNDAI"": 0, ""MERITZ"": 0, ""KB"": 0, ""DB"": 0, ""SAMSUNG"": 0}"
plain,monte_carlo,all,0.0,96,SHINHAN|KAKAOPAY|HYUNDAI|MERITZ|KB|DB|SAMSUNG,True,True,True,0.0,0,1.0,1.0,"{""SHINHAN"": 0, ""KAKAOPAY"": 0, ""HYUNDAI"": 0, ""MERITZ"": 0, ""KB"": 0, ""DB"": 0, ""SAMSUNG"": 0}"
plain,monte_carlo,all,0.0,97,SHINHAN|KAKAOPAY|HYUNDAI|KB|MERITZ|DB|SAMSUNG,True,True,True,0.2857142857142857,1,0.9047619047619048,0.9642857142857143,"{""SHINHAN"": 0, ""KAKAOPAY"": 0, ""HYUNDAI"": 0, ""MERITZ"": 1, ""KB"": -1, ""DB"": 0, ""SAMSUNG"": 0}"
plain,monte_carlo,all,0.0,98,SHINHAN|KAKAOPAY|HYUNDAI|MERITZ|KB|DB|SAMSUNG,True,True,True,0.0,0,1.0,1.0,"{""SHINHAN"": 0, ""KAKAOPAY"": 0, ""HYUNDAI"": 0, ""MERITZ"": 0, ""KB"": 0, ""DB"": 0, ""SAMSUNG"": 0}"
plain,monte_carlo,all,0.0,99,SHINHAN|KAKAOPAY|HYUNDAI|MERITZ|KB|DB|SAMSUNG,True,True,True,0.0,0,1.0,1.0,"{""SHINHAN"": 0, ""KAKAOPAY"": 0, ""HYUNDAI"": 0, ""MERITZ"": 0, ""KB"": 0, ""DB"": 0, ""SAMSUNG"": 0}"
plain,monte_carlo,all,0.0,100,SHINHAN|KAKAOPAY|HYUNDAI|MERITZ|KB|DB|SAMSUNG,True,True,True,0.0,0,1.0,1.0,"{""SHINHAN"": 0, ""KAKAOPAY"": 0, ""HYUNDAI"": 0, ""MERITZ"": 0, ""KB"": 0, ""DB"": 0, ""SAMSUNG"": 0}"
plain,monte_carlo,all,0.0,101,SHINHAN|KAKAOPAY|HYUNDAI|KB|MERITZ|DB|SAMSUNG,True,True,True,0.2857142857142857,1,0.9047619047619048,0.9642857142857143,"{""SHINHAN"": 0, ""KAKAOPAY"": 0, ""HYUNDAI"": 0, ""MERITZ"": 1, ""KB"": -1, ""DB"": 0, ""SAMSUNG"": 0}"
plain,monte_carlo,all,0.0,102,SHINHAN|KAKAOPAY|HYUNDAI|MERITZ|KB|DB|SAMSUNG,True,True,True,0.0,0,1.0,1.0,"{""SHINHAN"": 0, ""KAKAOPAY"": 0, ""HYUNDAI"": 0, ""MERITZ"": 0, ""KB"": 0, ""DB"": 0, ""SAMSUNG"": 0}"
plain,monte_carlo,all,0.0,103,SHINHAN|KAKAOPAY|HYUNDAI|MERITZ|KB|DB|SAMSUNG,True,True,True,0.0,0,1.0,1.0,"{""SHINHAN"": 0, ""KAKAOPAY"": 0, ""HYUNDAI"": 0, ""MERITZ"": 0, ""KB"": 0, ""DB"": 0, ""SAMSUNG"": 0}"
plain,monte_carlo,all,0.0,104,SHINHAN|KAKAOPAY|HYUNDAI|MERITZ|KB|DB|SAMSUNG,True,True,True,0.0,0,1.0,1.0,"{""SHINHAN"": 0, ""KAKAOPAY"": 0, ""HYUNDAI"": 0, ""MERITZ"": 0, ""KB"": 0, ""DB"": 0, ""SAMSUNG"": 0}"
plain,monte_carlo,all,0.0,105,SHINHAN|KAKAOPAY|HYUNDAI|MERITZ|KB|DB|SAMSUNG,True,True,True,0.0,0,1.0,1.0,"{""SHINHAN"": 0, ""KAKAOPAY"": 0, ""HYUNDAI"": 0, ""MERITZ"": 0, ""KB"": 0, ""DB"": 0, ""SAMSUNG"": 0}"
plain,monte_carlo,all,0.0,106,SHINHAN|KAKAOPAY|HYUNDAI|KB|MERITZ|DB|SAMSUNG,True,True,True,0.2857142857142857,1,0.9047619047619048,0.9642857142857143,"{""SHINHAN"": 0, ""KAKAOPAY"": 0, ""HYUNDAI"": 0, ""MERITZ"": 1, ""KB"": -1, ""DB"": 0, ""SAMSUNG"": 0}"
plain,monte_carlo,all,0.0,107,SHINHAN|KAKAOPAY|HYUNDAI|MERITZ|KB|DB|SAMSUNG,True,True,True,0.0,0,1.0,1.0,"{""SHINHAN"": 0, ""KAKAOPAY"": 0, ""HYUNDAI"": 0, ""MERITZ"": 0, ""KB"": 0, ""DB"": 0, ""SAMSUNG"": 0}"
plain,monte_carlo,all,0.0,108,SHINHAN|KAKAOPAY|HYUNDAI|MERITZ|KB|DB|SAMSUNG,True,True,True,0.0,0,1.0,1.0,"{""SHINHAN"": 0, ""KAKAOPAY"": 0, ""HYUNDAI"": 0, ""MERITZ"": 0, ""KB"": 0, ""DB"": 0, ""SAMSUNG"": 0}"
plain,monte_carlo,all,0.0,109,SHINHAN|KAKAOPAY|HYUNDAI|KB|MERITZ|DB|SAMSUNG,True,True,True,0.2857142857142857,1,0.9047619047619048,0.9642857142857143,"{""SHINHAN"": 0, ""KAKAOPAY"": 0, ""HYUNDAI"": 0, ""MERITZ"": 1, ""KB"": -1, ""DB"": 0, ""SAMSUNG"": 0}"
plain,monte_carlo,all,0.0,110,SHINHAN|KAKAOPAY|HYUNDAI|MERITZ|KB|DB|SAMSUNG,True,True,True,0.0,0,1.0,1.0,"{""SHINHAN"": 0, ""KAKAOPAY"": 0, ""HYUNDAI"": 0, ""MERITZ"": 0, ""KB"": 0, ""DB"": 0, ""SAMSUNG"": 0}"
plain,monte_carlo,all,0.0,111,SHINHAN|KAKAOPAY|HYUNDAI|MERITZ|KB|DB|SAMSUNG,True,True,True,0.0,0,1.0,1.0,"{""SHINHAN"": 0, ""KAKAOPAY"": 0, ""HYUNDAI"": 0, ""MERITZ"": 0, ""KB"": 0, ""DB"": 0, ""SAMSUNG"": 0}"
plain,monte_carlo,all,0.0,112,SHINHAN|KAKAOPAY|HYUNDAI|MERITZ|KB|DB|SAMSUNG,True,True,True,0.0,0,1.0,1.0,"{""SHINHAN"": 0, ""KAKAOPAY"": 0, ""HYUNDAI"": 0, ""MERITZ"": 0, ""KB"": 0, ""DB"": 0, ""SAMSUNG"": 0}"
plain,monte_carlo,all,0.0,113,SHINHAN|KAKAOPAY|HYUNDAI|MERITZ|KB|DB|SAMSUNG,True,True,True,0.0,0,1.0,1.0,"{""SHINHAN"": 0, ""KAKAOPAY"": 0, ""HYUNDAI"": 0, ""MERITZ"": 0, ""KB"": 0, ""DB"": 0, ""SAMSUNG"": 0}"
plain,monte_carlo,all,0.0,114,SHINHAN|KAKAOPAY|HYUNDAI|MERITZ|KB|DB|SAMSUNG,True,True,True,0.0,0,1.0,1.0,"{""SHINHAN"": 0, ""KAKAOPAY"": 0, ""HYUNDAI"": 0, ""MERITZ"": 0, ""KB"": 0, ""DB"": 0, ""SAMSUNG"": 0}"
plain,monte_carlo,all,0.0,115,SHINHAN|KAKAOPAY|HYUNDAI|KB|MERITZ|DB|SAMSUNG,True,True,True,0.2857142857142857,1,0.9047619047619048,0.9642857142857143,"{""SHINHAN"": 0, ""KAKAOPAY"": 0, ""HYUNDAI"": 0, ""MERITZ"": 1, ""KB"": -1, ""DB"": 0, ""SAMSUNG"": 0}"
plain,monte_carlo,all,0.0,116,SHINHAN|KAKAOPAY|HYUNDAI|MERITZ|KB|DB|SAMSUNG,True,True,True,0.0,0,1.0,1.0,"{""SHINHAN"": 0, ""KAKAOPAY"": 0, ""HYUNDAI"": 0, ""MERITZ"": 0, ""KB"": 0, ""DB"": 0, ""SAMSUNG"": 0}"
plain,monte_carlo,all,0.0,117,SHINHAN|KAKAOPAY|HYUNDAI|MERITZ|KB|DB|SAMSUNG,True,True,True,0.0,0,1.0,1.0,"{""SHINHAN"": 0, ""KAKAOPAY"": 0, ""HYUNDAI"": 0, ""MERITZ"": 0, ""KB"": 0, ""DB"": 0, ""SAMSUNG"": 0}"
plain,monte_carlo,all,0.0,118,SHINHAN|KAKAOPAY|HYUNDAI|MERITZ|KB|DB|SAMSUNG,True,True,True,0.0,0,1.0,1.0,"{""SHINHAN"": 0, ""KAKAOPAY"": 0, ""HYUNDAI"": 0, ""MERITZ"": 0, ""KB"": 0, ""DB"": 0, ""SAMSUNG"": 0}"
plain,monte_carlo,all,0.0,119,SHINHAN|KAKAOPAY|HYUNDAI|MERITZ|KB|DB|SAMSUNG,True,True,True,0.0,0,1.0,1.0,"{""SHINHAN"": 0, ""KAKAOPAY"": 0, ""HYUNDAI"": 0, ""MERITZ"": 0, ""KB"": 0, ""DB"": 0, ""SAMSUNG"": 0}"
plain,monte_carlo,all,0.0,120,SHINHAN|KAKAOPAY|HYUNDAI|MERITZ|KB|DB|SAMSUNG,True,True,True,0.0,0,1.0,1.0,"{""SHINHAN"": 0, ""KAKAOPAY"": 0, ""HYUNDAI"": 0, ""MERITZ"": 0, ""KB"": 0, ""DB"": 0, ""SAMSUNG"": 0}"
plain,monte_carlo,all,0.0,121,SHINHAN|KAKAOPAY|HYUNDAI|KB|MERITZ|DB|SAMSUNG,True,True,True,0.2857142857142857,1,0.9047619047619048,0.9642857142857143,"{""SHINHAN"": 0, ""KAKAOPAY"": 0, ""HYUNDAI"": 0, ""MERITZ"": 1, ""KB"": -1, ""DB"": 0, ""SAMSUNG"": 0}"
plain,monte_carlo,all,0.0,122,SHINHAN|KAKAOPAY|HYUNDAI|MERITZ|KB|DB|SAMSUNG,True,True,True,0.0,0,1.0,1.0,"{""SHINHAN"": 0, ""KAKAOPAY"": 0, ""HYUNDAI"": 0, ""MERITZ"": 0, ""KB"": 0, ""DB"": 0, ""SAMSUNG"": 0}"
plain,monte_carlo,all,0.0,123,SHINHAN|KAKAOPAY|HYUNDAI|KB|MERITZ|DB|SAMSUNG,True,True,True,0.2857142857142857,1,0.9047619047619048,0.9642857142857143,"{""SHINHAN"": 0, ""KAKAOPAY"": 0, ""HYUNDAI"": 0, ""MERITZ"": 1, ""KB"": -1, ""DB"": 0, ""SAMSUNG"": 0}"
plain,monte_carlo,all,0.0,124,SHINHAN|KAKAOPAY|HYUNDAI|KB|MERITZ|DB|SAMSUNG,True,True,True,0.2857142857142857,1,0.9047619047619048,0.9642857142857143,"{""SHINHAN"": 0, ""KAKAOPAY"": 0, ""HYUNDAI"": 0, ""MERITZ"": 1, ""KB"": -1, ""DB"": 0, ""SAMSUNG"": 0}"
plain,monte_carlo,all,0.0,125,SHINHAN|KAKAOPAY|HYUNDAI|MERITZ|KB|DB|SAMSUNG,True,True,True,0.0,0,1.0,1.0,"{""SHINHAN"": 0, ""KAKAOPAY"": 0, ""HYUNDAI"": 0, ""MERITZ"": 0, ""KB"": 0, ""DB"": 0, ""SAMSUNG"": 0}"
plain,monte_carlo,all,0.0,126,SHINHAN|KAKAOPAY|HYUNDAI|MERITZ|KB|DB|SAMSUNG,True,True,True,0.0,0,1.0,1.0,"{""SHINHAN"": 0, ""KAKAOPAY"": 0, ""HYUNDAI"": 0, ""MERITZ"": 0, ""KB"": 0, ""DB"": 0, ""SAMSUNG"": 0}"
plain,monte_carlo,all,0.0,127,SHINHAN|KAKAOPAY|HYUNDAI|MERITZ|KB|DB|SAMSUNG,True,True,True,0.0,0,1.0,1.0,"{""SHINHAN"": 0, ""KAKAOPAY"": 0, ""HYUNDAI"": 0, ""MERITZ"": 0, ""KB"": 0, ""DB"": 0, ""SAMSUNG"": 0}"
plain,monte_carlo,all,0.0,128,SHINHAN|KAKAOPAY|HYUNDAI|KB|MERITZ|DB|SAMSUNG,True,True,True,0.2857142857142857,1,0.9047619047619048,0.9642857142857143,"{""SHINHAN"": 0, ""KAKAOPAY"": 0, ""HYUNDAI"": 0, ""MERITZ"": 1, ""KB"": -1, ""DB"": 0, ""SAMSUNG"": 0}"
plain,monte_carlo,all,0.0,129,SHINHAN|KAKAOPAY|HYUNDAI|KB|MERITZ|DB|SAMSUNG,True,True,True,0.2857142857142857,1,0.9047619047619048,0.9642857142857143,"{""SHINHAN"": 0, ""KAKAOPAY"": 0, ""HYUNDAI"": 0, ""MERITZ"": 1, ""KB"": -1, ""DB"": 0, ""SAMSUNG"": 0}"
plain,monte_carlo,all,0.0,130,SHINHAN|KAKAOPAY|HYUNDAI|MERITZ|KB|DB|SAMSUNG,True,True,True,0.0,0,1.0,1.0,"{""SHINHAN"": 0, ""KAKAOPAY"": 0, ""HYUNDAI"": 0, ""MERITZ"": 0, ""KB"": 0, ""DB"": 0, ""SAMSUNG"": 0}"
plain,monte_carlo,all,0.0,131,SHINHAN|KAKAOPAY|HYUNDAI|KB|MERITZ|DB|SAMSUNG,True,True,True,0.2857142857142857,1,0.9047619047619048,0.9642857142857143,"{""SHINHAN"": 0, ""KAKAOPAY"": 0, ""HYUNDAI"": 0, ""MERITZ"": 1, ""KB"": -1, ""DB"": 0, ""SAMSUNG"": 0}"
plain,monte_carlo,all,0.0,132,SHINHAN|KAKAOPAY|HYUNDAI|KB|MERITZ|DB|SAMSUNG,True,True,True,0.2857142857142857,1,0.9047619047619048,0.9642857142857143,"{""SHINHAN"": 0, ""KAKAOPAY"": 0, ""HYUNDAI"": 0, ""MERITZ"": 1, ""KB"": -1, ""DB"": 0, ""SAMSUNG"": 0}"
plain,monte_carlo,all,0.0,133,SHINHAN|KAKAOPAY|HYUNDAI|MERITZ|KB|DB|SAMSUNG,True,True,True,0.0,0,1.0,1.0,"{""SHINHAN"": 0, ""KAKAOPAY"": 0, ""HYUNDAI"": 0, ""MERITZ"": 0, ""KB"": 0, ""DB"": 0, ""SAMSUNG"": 0}"
plain,monte_carlo,all,0.0,134,SHINHAN|KAKAOPAY|HYUNDAI|KB|MERITZ|DB|SAMSUNG,True,True,True,0.2857142857142857,1,0.9047619047619048,0.9642857142857143,"{""SHINHAN"": 0, ""KAKAOPAY"": 0, ""HYUNDAI"": 0, ""MERITZ"": 1, ""KB"": -1, ""DB"": 0, ""SAMSUNG"": 0}"
plain,monte_carlo,all,0.0,135,SHINHAN|KAKAOPAY|HYUNDAI|MERITZ|KB|DB|SAMSUNG,True,True,True,0.0,0,1.0,1.0,"{""SHINHAN"": 0, ""KAKAOPAY"": 0, ""HYUNDAI"": 0, ""MERITZ"": 0, ""KB"": 0, ""DB"": 0, ""SAMSUNG"": 0}"
plain,monte_carlo,all,0.0,136,SHINHAN|KAKAOPAY|HYUNDAI|MERITZ|KB|DB|SAMSUNG,True,True,True,0.0,0,1.0,1.0,"{""SHINHAN"": 0, ""KAKAOPAY"": 0, ""HYUNDAI"": 0, ""MERITZ"": 0, ""KB"": 0, ""DB"": 0, ""SAMSUNG"": 0}"
plain,monte_carlo,all,0.0,137,SHINHAN|KAKAOPAY|HYUNDAI|MERITZ|KB|DB|SAMSUNG,True,True,True,0.0,0,1.0,1.0,"{""SHINHAN"": 0, ""KAKAOPAY"": 0, ""HYUNDAI"": 0, ""MERITZ"": 0, ""KB"": 0, ""DB"": 0, ""SAMSUNG"": 0}"
plain,monte_carlo,all,0.0,138,SHINHAN|KAKAOPAY|HYUNDAI|KB|MERITZ|DB|SAMSUNG,True,True,True,0.2857142857142857,1,0.9047619047619048,0.9642857142857143,"{""SHINHAN"": 0, ""KAKAOPAY"": 0, ""HYUNDAI"": 0, ""MERITZ"": 1, ""KB"": -1, ""DB"": 0, ""SAMSUNG"": 0}"
plain,monte_carlo,all,0.0,139,SHINHAN|KAKAOPAY|HYUNDAI|MERITZ|KB|DB|SAMSUNG,True,True,True,0.0,0,1.0,1.0,"{""SHINHAN"": 0, ""KAKAOPAY"": 0, ""HYUNDAI"": 0, ""MERITZ"": 0, ""KB"": 0, ""DB"": 0, ""SAMSUNG"": 0}"
plain,monte_carlo,all,0.0,140,SHINHAN|KAKAOPAY|HYUNDAI|MERITZ|KB|DB|SAMSUNG,True,True,True,0.0,0,1.0,1.0,"{""SHINHAN"": 0, ""KAKAOPAY"": 0, ""HYUNDAI"": 0, ""MERITZ"": 0, ""KB"": 0, ""DB"": 0, ""SAMSUNG"": 0}"
plain,monte_carlo,all,0.0,141,SHINHAN|KAKAOPAY|HYUNDAI|KB|MERITZ|DB|SAMSUNG,True,True,True,0.2857142857142857,1,0.9047619047619048,0.9642857142857143,"{""SHINHAN"": 0, ""KAKAOPAY"": 0, ""HYUNDAI"": 0, ""MERITZ"": 1, ""KB"": -1, ""DB"": 0, ""SAMSUNG"": 0}"
plain,monte_carlo,all,0.0,142,SHINHAN|KAKAOPAY|HYUNDAI|MERITZ|KB|DB|SAMSUNG,True,True,True,0.0,0,1.0,1.0,"{""SHINHAN"": 0, ""KAKAOPAY"": 0, ""HYUNDAI"": 0, ""MERITZ"": 0, ""KB"": 0, ""DB"": 0, ""SAMSUNG"": 0}"
plain,monte_carlo,all,0.0,143,SHINHAN|KAKAOPAY|HYUNDAI|KB|MERITZ|DB|SAMSUNG,True,True,True,0.2857142857142857,1,0.9047619047619048,0.9642857142857143,"{""SHINHAN"": 0, ""KAKAOPAY"": 0, ""HYUNDAI"": 0, ""MERITZ"": 1, ""KB"": -1, ""DB"": 0, ""SAMSUNG"": 0}"
plain,monte_carlo,all,0.0,144,SHINHAN|KAKAOPAY|HYUNDAI|KB|MERITZ|DB|SAMSUNG,True,True,True,0.2857142857142857,1,0.9047619047619048,0.9642857142857143,"{""SHINHAN"": 0, ""KAKAOPAY"": 0, ""HYUNDAI"": 0, ""MERITZ"": 1, ""KB"": -1, ""DB"": 0, ""SAMSUNG"": 0}"
plain,monte_carlo,all,0.0,145,SHINHAN|KAKAOPAY|HYUNDAI|MERITZ|KB|DB|SAMSUNG,True,True,True,0.0,0,1.0,1.0,"{""SHINHAN"": 0, ""KAKAOPAY"": 0, ""HYUNDAI"": 0, ""MERITZ"": 0, ""KB"": 0, ""DB"": 0, ""SAMSUNG"": 0}"
plain,monte_carlo,all,0.0,146,SHINHAN|KAKAOPAY|HYUNDAI|KB|MERITZ|DB|SAMSUNG,True,True,True,0.2857142857142857,1,0.9047619047619048,0.9642857142857143,"{""SHINHAN"": 0, ""KAKAOPAY"": 0, ""HYUNDAI"": 0, ""MERITZ"": 1, ""KB"": -1, ""DB"": 0, ""SAMSUNG"": 0}"
plain,monte_carlo,all,0.0,147,SHINHAN|KAKAOPAY|HYUNDAI|MERITZ|KB|DB|SAMSUNG,True,True,True,0.0,0,1.0,1.0,"{""SHINHAN"": 0, ""KAKAOPAY"": 0, ""HYUNDAI"": 0, ""MERITZ"": 0, ""KB"": 0, ""DB"": 0, ""SAMSUNG"": 0}"
plain,monte_carlo,all,0.0,148,SHINHAN|KAKAOPAY|HYUNDAI|MERITZ|KB|DB|SAMSUNG,True,True,True,0.0,0,1.0,1.0,"{""SHINHAN"": 0, ""KAKAOPAY"": 0, ""HYUNDAI"": 0, ""MERITZ"": 0, ""KB"": 0, ""DB"": 0, ""SAMSUNG"": 0}"
plain,monte_carlo,all,0.0,149,SHINHAN|KAKAOPAY|HYUNDAI|KB|MERITZ|DB|SAMSUNG,True,True,True,0.2857142857142857,1,0.9047619047619048,0.9642857142857143,"{""SHINHAN"": 0, ""KAKAOPAY"": 0, ""HYUNDAI"": 0, ""MERITZ"": 1, ""KB"": -1, ""DB"": 0, ""SAMSUNG"": 0}"
plain,monte_carlo,all,0.0,150,SHINHAN|KAKAOPAY|HYUNDAI|MERITZ|KB|DB|SAMSUNG,True,True,True,0.0,0,1.0,1.0,"{""SHINHAN"": 0, ""KAKAOPAY"": 0, ""HYUNDAI"": 0, ""MERITZ"": 0, ""KB"": 0, ""DB"": 0, ""SAMSUNG"": 0}"
plain,monte_carlo,all,0.0,151,SHINHAN|KAKAOPAY|HYUNDAI|KB|MERITZ|DB|SAMSUNG,True,True,True,0.2857142857142857,1,0.9047619047619048,0.9642857142857143,"{""SHINHAN"": 0, ""KAKAOPAY"": 0, ""HYUNDAI"": 0, ""MERITZ"": 1, ""KB"": -1, ""DB"": 0, ""SAMSUNG"": 0}"
plain,monte_carlo,all,0.0,152,SHINHAN|KAKAOPAY|HYUNDAI|KB|MERITZ|DB|SAMSUNG,True,True,True,0.2857142857142857,1,0.9047619047619048,0.9642857142857143,"{""SHINHAN"": 0, ""KAKAOPAY"": 0, ""HYUNDAI"": 0, ""MERITZ"": 1, ""KB"": -1, ""DB"": 0, ""SAMSUNG"": 0}"
plain,monte_carlo,all,0.0,153,SHINHAN|KAKAOPAY|HYUNDAI|MERITZ|KB|DB|SAMSUNG,True,True,True,0.0,0,1.0,1.0,"{""SHINHAN"": 0, ""KAKAOPAY"": 0, ""HYUNDAI"": 0, ""MERITZ"": 0, ""KB"": 0, ""DB"": 0, ""SAMSUNG"": 0}"
plain,monte_carlo,all,0.0,154,SHINHAN|KAKAOPAY|HYUNDAI|MERITZ|KB|DB|SAMSUNG,True,True,True,0.0,0,1.0,1.0,"{""SHINHAN"": 0, ""KAKAOPAY"": 0, ""HYUNDAI"": 0, ""MERITZ"": 0, ""KB"": 0, ""DB"": 0, ""SAMSUNG"": 0}"
plain,monte_carlo,all,0.0,155,SHINHAN|KAKAOPAY|HYUNDAI|MERITZ|KB|DB|SAMSUNG,True,True,True,0.0,0,1.0,1.0,"{""SHINHAN"": 0, ""KAKAOPAY"": 0, ""HYUNDAI"": 0, ""MERITZ"": 0, ""KB"": 0, ""DB"": 0, ""SAMSUNG"": 0}"
plain,monte_carlo,all,0.0,156,SHINHAN|KAKAOPAY|HYUNDAI|MERITZ|KB|DB|SAMSUNG,True,True,True,0.0,0,1.0,1.0,"{""SHINHAN"": 0, ""KAKAOPAY"": 0, ""HYUNDAI"": 0, ""MERITZ"": 0, ""KB"": 0, ""DB"": 0, ""SAMSUNG"": 0}"
plain,monte_carlo,all,0.0,157,SHINHAN|KAKAOPAY|HYUNDAI|KB|MERITZ|DB|SAMSUNG,True,True,True,0.2857142857142857,1,0.9047619047619048,0.9642857142857143,"{""SHINHAN"": 0, ""KAKAOPAY"": 0, ""HYUNDAI"": 0, ""MERITZ"": 1, ""KB"": -1, ""DB"": 0, ""SAMSUNG"": 0}"
plain,monte_carlo,all,0.0,158,SHINHAN|KAKAOPAY|HYUNDAI|KB|MERITZ|DB|SAMSUNG,True,True,True,0.2857142857142857,1,0.9047619047619048,0.9642857142857143,"{""SHINHAN"": 0, ""KAKAOPAY"": 0, ""HYUNDAI"": 0, ""MERITZ"": 1, ""KB"": -1, ""DB"": 0, ""SAMSUNG"": 0}"
plain,monte_carlo,all,0.0,159,SHINHAN|KAKAOPAY|HYUNDAI|MERITZ|KB|DB|SAMSUNG,True,True,True,0.0,0,1.0,1.0,"{""SHINHAN"": 0, ""KAKAOPAY"": 0, ""HYUNDAI"": 0, ""MERITZ"": 0, ""KB"": 0, ""DB"": 0, ""SAMSUNG"": 0}"
plain,monte_carlo,all,0.0,160,SHINHAN|KAKAOPAY|HYUNDAI|MERITZ|KB|DB|SAMSUNG,True,True,True,0.0,0,1.0,1.0,"{""SHINHAN"": 0, ""KAKAOPAY"": 0, ""HYUNDAI"": 0, ""MERITZ"": 0, ""KB"": 0, ""DB"": 0, ""SAMSUNG"": 0}"
plain,monte_carlo,all,0.0,161,SHINHAN|KAKAOPAY|HYUNDAI|MERITZ|KB|DB|SAMSUNG,True,True,True,0.0,0,1.0,1.0,"{""SHINHAN"": 0, ""KAKAOPAY"": 0, ""HYUNDAI"": 0, ""MERITZ"": 0, ""KB"": 0, ""DB"": 0, ""SAMSUNG"": 0}"
plain,monte_carlo,all,0.0,162,SHINHAN|KAKAOPAY|HYUNDAI|KB|MERITZ|DB|SAMSUNG,True,True,True,0.2857142857142857,1,0.9047619047619048,0.9642857142857143,"{""SHINHAN"": 0, ""KAKAOPAY"": 0, ""HYUNDAI"": 0, ""MERITZ"": 1, ""KB"": -1, ""DB"": 0, ""SAMSUNG"": 0}"
plain,monte_carlo,all,0.0,163,SHINHAN|KAKAOPAY|HYUNDAI|MERITZ|KB|DB|SAMSUNG,True,True,True,0.0,0,1.0,1.0,"{""SHINHAN"": 0, ""KAKAOPAY"": 0, ""HYUNDAI"": 0, ""MERITZ"": 0, ""KB"": 0, ""DB"": 0, ""SAMSUNG"": 0}"
plain,monte_carlo,all,0.0,164,SHINHAN|KAKAOPAY|HYUNDAI|MERITZ|KB|DB|SAMSUNG,True,True,True,0.0,0,1.0,1.0,"{""SHINHAN"": 0, ""KAKAOPAY"": 0, ""HYUNDAI"": 0, ""MERITZ"": 0, ""KB"": 0, ""DB"": 0, ""SAMSUNG"": 0}"
plain,monte_carlo,all,0.0,165,SHINHAN|KAKAOPAY|HYUNDAI|MERITZ|KB|DB|SAMSUNG,True,True,True,0.0,0,1.0,1.0,"{""SHINHAN"": 0, ""KAKAOPAY"": 0, ""HYUNDAI"": 0, ""MERITZ"": 0, ""KB"": 0, ""DB"": 0, ""SAMSUNG"": 0}"
plain,monte_carlo,all,0.0,166,SHINHAN|KAKAOPAY|HYUNDAI|MERITZ|KB|DB|SAMSUNG,True,True,True,0.0,0,1.0,1.0,"{""SHINHAN"": 0, ""KAKAOPAY"": 0, ""HYUNDAI"": 0, ""MERITZ"": 0, ""KB"": 0, ""DB"": 0, ""SAMSUNG"": 0}"
plain,monte_carlo,all,0.0,167,SHINHAN|KAKAOPAY|HYUNDAI|MERITZ|KB|DB|SAMSUNG,True,True,True,0.0,0,1.0,1.0,"{""SHINHAN"": 0, ""KAKAOPAY"": 0, ""HYUNDAI"": 0, ""MERITZ"": 0, ""KB"": 0, ""DB"": 0, ""SAMSUNG"": 0}"
plain,monte_carlo,all,0.0,168,SHINHAN|KAKAOPAY|HYUNDAI|KB|MERITZ|DB|SAMSUNG,True,True,True,0.2857142857142857,1,0.9047619047619048,0.9642857142857143,"{""SHINHAN"": 0, ""KAKAOPAY"": 0, ""HYUNDAI"": 0, ""MERITZ"": 1, ""KB"": -1, ""DB"": 0, ""SAMSUNG"": 0}"
plain,monte_carlo,all,0.0,169,SHINHAN|KAKAOPAY|HYUNDAI|KB|MERITZ|DB|SAMSUNG,True,True,True,0.2857142857142857,1,0.9047619047619048,0.9642857142857143,"{""SHINHAN"": 0, ""KAKAOPAY"": 0, ""HYUNDAI"": 0, ""MERITZ"": 1, ""KB"": -1, ""DB"": 0, ""SAMSUNG"": 0}"
plain,monte_carlo,all,0.0,170,SHINHAN|KAKAOPAY|HYUNDAI|MERITZ|KB|DB|SAMSUNG,True,True,True,0.0,0,1.0,1.0,"{""SHINHAN"": 0, ""KAKAOPAY"": 0, ""HYUNDAI"": 0, ""MERITZ"": 0, ""KB"": 0, ""DB"": 0, ""SAMSUNG"": 0}"
plain,monte_carlo,all,0.0,171,SHINHAN|KAKAOPAY|HYUNDAI|KB|MERITZ|DB|SAMSUNG,True,True,True,0.2857142857142857,1,0.9047619047619048,0.9642857142857143,"{""SHINHAN"": 0, ""KAKAOPAY"": 0, ""HYUNDAI"": 0, ""MERITZ"": 1, ""KB"": -1, ""DB"": 0, ""SAMSUNG"": 0}"
plain,monte_carlo,all,0.0,172,SHINHAN|KAKAOPAY|HYUNDAI|MERITZ|KB|DB|SAMSUNG,True,True,True,0.0,0,1.0,1.0,"{""SHINHAN"": 0, ""KAKAOPAY"": 0, ""HYUNDAI"": 0, ""MERITZ"": 0, ""KB"": 0, ""DB"": 0, ""SAMSUNG"": 0}"
plain,monte_carlo,all,0.0,173,SHINHAN|KAKAOPAY|HYUNDAI|KB|MERITZ|DB|SAMSUNG,True,True,True,0.2857142857142857,1,0.9047619047619048,0.9642857142857143,"{""SHINHAN"": 0, ""KAKAOPAY"": 0, ""HYUNDAI"": 0, ""MERITZ"": 1, ""KB"": -1, ""DB"": 0, ""SAMSUNG"": 0}"
plain,monte_carlo,all,0.0,174,SHINHAN|KAKAOPAY|HYUNDAI|KB|MERITZ|DB|SAMSUNG,True,True,True,0.2857142857142857,1,0.9047619047619048,0.9642857142857143,"{""SHINHAN"": 0, ""KAKAOPAY"": 0, ""HYUNDAI"": 0, ""MERITZ"": 1, ""KB"": -1, ""DB"": 0, ""SAMSUNG"": 0}"
plain,monte_carlo,all,0.0,175,SHINHAN|KAKAOPAY|HYUNDAI|KB|MERITZ|DB|SAMSUNG,True,True,True,0.2857142857142857,1,0.9047619047619048,0.9642857142857143,"{""SHINHAN"": 0, ""KAKAOPAY"": 0, ""HYUNDAI"": 0, ""MERITZ"": 1, ""KB"": -1, ""DB"": 0, ""SAMSUNG"": 0}"
plain,monte_carlo,all,0.0,176,SHINHAN|KAKAOPAY|HYUNDAI|MERITZ|KB|DB|SAMSUNG,True,True,True,0.0,0,1.0,1.0,"{""SHINHAN"": 0, ""KAKAOPAY"": 0, ""HYUNDAI"": 0, ""MERITZ"": 0, ""KB"": 0, ""DB"": 0, ""SAMSUNG"": 0}"
plain,monte_carlo,all,0.0,177,SHINHAN|KAKAOPAY|HYUNDAI|KB|MERITZ|DB|SAMSUNG,True,True,True,0.2857142857142857,1,0.9047619047619048,0.9642857142857143,"{""SHINHAN"": 0, ""KAKAOPAY"": 0, ""HYUNDAI"": 0, ""MERITZ"": 1, ""KB"": -1, ""DB"": 0, ""SAMSUNG"": 0}"
plain,monte_carlo,all,0.0,178,SHINHAN|KAKAOPAY|HYUNDAI|MERITZ|KB|DB|SAMSUNG,True,True,True,0.0,0,1.0,1.0,"{""SHINHAN"": 0, ""KAKAOPAY"": 0, ""HYUNDAI"": 0, ""MERITZ"": 0, ""KB"": 0, ""DB"": 0, ""SAMSUNG"": 0}"
plain,monte_carlo,all,0.0,179,SHINHAN|KAKAOPAY|HYUNDAI|KB|MERITZ|DB|SAMSUNG,True,True,True,0.2857142857142857,1,0.9047619047619048,0.9642857142857143,"{""SHINHAN"": 0, ""KAKAOPAY"": 0, ""HYUNDAI"": 0, ""MERITZ"": 1, ""KB"": -1, ""DB"": 0, ""SAMSUNG"": 0}"
plain,monte_carlo,all,0.0,180,SHINHAN|KAKAOPAY|HYUNDAI|MERITZ|KB|DB|SAMSUNG,True,True,True,0.0,0,1.0,1.0,"{""SHINHAN"": 0, ""KAKAOPAY"": 0, ""HYUNDAI"": 0, ""MERITZ"": 0, ""KB"": 0, ""DB"": 0, ""SAMSUNG"": 0}"
plain,monte_carlo,all,0.0,181,SHINHAN|KAKAOPAY|HYUNDAI|MERITZ|KB|DB|SAMSUNG,True,True,True,0.0,0,1.0,1.0,"{""SHINHAN"": 0, ""KAKAOPAY"": 0, ""HYUNDAI"": 0, ""MERITZ"": 0, ""KB"": 0, ""DB"": 0, ""SAMSUNG"": 0}"
plain,monte_carlo,all,0.0,182,SHINHAN|KAKAOPAY|HYUNDAI|MERITZ|KB|DB|SAMSUNG,True,True,True,0.0,0,1.0,1.0,"{""SHINHAN"": 0, ""KAKAOPAY"": 0, ""HYUNDAI"": 0, ""MERITZ"": 0, ""KB"": 0, ""DB"": 0, ""SAMSUNG"": 0}"
plain,monte_carlo,all,0.0,183,SHINHAN|KAKAOPAY|HYUNDAI|MERITZ|KB|DB|SAMSUNG,True,True,True,0.0,0,1.0,1.0,"{""SHINHAN"": 0, ""KAKAOPAY"": 0, ""HYUNDAI"": 0, ""MERITZ"": 0, ""KB"": 0, ""DB"": 0, ""SAMSUNG"": 0}"
plain,monte_carlo,all,0.0,184,SHINHAN|KAKAOPAY|HYUNDAI|MERITZ|KB|DB|SAMSUNG,True,True,True,0.0,0,1.0,1.0,"{""SHINHAN"": 0, ""KAKAOPAY"": 0, ""HYUNDAI"": 0, ""MERITZ"": 0, ""KB"": 0, ""DB"": 0, ""SAMSUNG"": 0}"
plain,monte_carlo,all,0.0,185,SHINHAN|KAKAOPAY|HYUNDAI|MERITZ|KB|DB|SAMSUNG,True,True,True,0.0,0,1.0,1.0,"{""SHINHAN"": 0, ""KAKAOPAY"": 0, ""HYUNDAI"": 0, ""MERITZ"": 0, ""KB"": 0, ""DB"": 0, ""SAMSUNG"": 0}"
plain,monte_carlo,all,0.0,186,SHINHAN|KAKAOPAY|HYUNDAI|MERITZ|KB|DB|SAMSUNG,True,True,True,0.0,0,1.0,1.0,"{""SHINHAN"": 0, ""KAKAOPAY"": 0, ""HYUNDAI"": 0, ""MERITZ"": 0, ""KB"": 0, ""DB"": 0, ""SAMSUNG"": 0}"
plain,monte_carlo,all,0.0,187,SHINHAN|KAKAOPAY|HYUNDAI|MERITZ|KB|DB|SAMSUNG,True,True,True,0.0,0,1.0,1.0,"{""SHINHAN"": 0, ""KAKAOPAY"": 0, ""HYUNDAI"": 0, ""MERITZ"": 0, ""KB"": 0, ""DB"": 0, ""SAMSUNG"": 0}"
plain,monte_carlo,all,0.0,188,SHINHAN|KAKAOPAY|HYUNDAI|KB|MERITZ|DB|SAMSUNG,True,True,True,0.2857142857142857,1,0.9047619047619048,0.9642857142857143,"{""SHINHAN"": 0, ""KAKAOPAY"": 0, ""HYUNDAI"": 0, ""MERITZ"": 1, ""KB"": -1, ""DB"": 0, ""SAMSUNG"": 0}"
plain,monte_carlo,all,0.0,189,SHINHAN|KAKAOPAY|HYUNDAI|MERITZ|KB|DB|SAMSUNG,True,True,True,0.0,0,1.0,1.0,"{""SHINHAN"": 0, ""KAKAOPAY"": 0, ""HYUNDAI"": 0, ""MERITZ"": 0, ""KB"": 0, ""DB"": 0, ""SAMSUNG"": 0}"
plain,monte_carlo,all,0.0,190,SHINHAN|KAKAOPAY|HYUNDAI|MERITZ|KB|DB|SAMSUNG,True,True,True,0.0,0,1.0,1.0,"{""SHINHAN"": 0, ""KAKAOPAY"": 0, ""HYUNDAI"": 0, ""MERITZ"": 0, ""KB"": 0, ""DB"": 0, ""SAMSUNG"": 0}"
plain,monte_carlo,all,0.0,191,SHINHAN|KAKAOPAY|HYUNDAI|MERITZ|KB|DB|SAMSUNG,True,True,True,0.0,0,1.0,1.0,"{""SHINHAN"": 0, ""KAKAOPAY"": 0, ""HYUNDAI"": 0, ""MERITZ"": 0, ""KB"": 0, ""DB"": 0, ""SAMSUNG"": 0}"
plain,monte_carlo,all,0.0,192,SHINHAN|KAKAOPAY|HYUNDAI|KB|MERITZ|DB|SAMSUNG,True,True,True,0.2857142857142857,1,0.9047619047619048,0.9642857142857143,"{""SHINHAN"": 0, ""KAKAOPAY"": 0, ""HYUNDAI"": 0, ""MERITZ"": 1, ""KB"": -1, ""DB"": 0, ""SAMSUNG"": 0}"
plain,monte_carlo,all,0.0,193,SHINHAN|KAKAOPAY|HYUNDAI|KB|MERITZ|DB|SAMSUNG,True,True,True,0.2857142857142857,1,0.9047619047619048,0.9642857142857143,"{""SHINHAN"": 0, ""KAKAOPAY"": 0, ""HYUNDAI"": 0, ""MERITZ"": 1, ""KB"": -1, ""DB"": 0, ""SAMSUNG"": 0}"
plain,monte_carlo,all,0.0,194,SHINHAN|KAKAOPAY|HYUNDAI|MERITZ|KB|DB|SAMSUNG,True,True,True,0.0,0,1.0,1.0,"{""SHINHAN"": 0, ""KAKAOPAY"": 0, ""HYUNDAI"": 0, ""MERITZ"": 0, ""KB"": 0, ""DB"": 0, ""SAMSUNG"": 0}"
plain,monte_carlo,all,0.0,195,SHINHAN|KAKAOPAY|HYUNDAI|KB|MERITZ|DB|SAMSUNG,True,True,True,0.2857142857142857,1,0.9047619047619048,0.9642857142857143,"{""SHINHAN"": 0, ""KAKAOPAY"": 0, ""HYUNDAI"": 0, ""MERITZ"": 1, ""KB"": -1, ""DB"": 0, ""SAMSUNG"": 0}"
plain,monte_carlo,all,0.0,196,SHINHAN|KAKAOPAY|HYUNDAI|MERITZ|KB|DB|SAMSUNG,True,True,True,0.0,0,1.0,1.0,"{""SHINHAN"": 0, ""KAKAOPAY"": 0, ""HYUNDAI"": 0, ""MERITZ"": 0, ""KB"": 0, ""DB"": 0, ""SAMSUNG"": 0}"
plain,monte_carlo,all,0.0,197,SHINHAN|KAKAOPAY|HYUNDAI|KB|MERITZ|DB|SAMSUNG,True,True,True,0.2857142857142857,1,0.9047619047619048,0.9642857142857143,"{""SHINHAN"": 0, ""KAKAOPAY"": 0, ""HYUNDAI"": 0, ""MERITZ"": 1, ""KB"": -1, ""DB"": 0, ""SAMSUNG"": 0}"
plain,monte_carlo,all,0.0,198,SHINHAN|KAKAOPAY|HYUNDAI|MERITZ|KB|DB|SAMSUNG,True,True,True,0.0,0,1.0,1.0,"{""SHINHAN"": 0, ""KAKAOPAY"": 0, ""HYUNDAI"": 0, ""MERITZ"": 0, ""KB"": 0, ""DB"": 0, ""SAMSUNG"": 0}"
plain,monte_carlo,all,0.0,199,SHINHAN|KAKAOPAY|HYUNDAI|KB|MERITZ|DB|SAMSUNG,True,True,True,0.2857142857142857,1,0.9047619047619048,0.9642857142857143,"{""SHINHAN"": 0, ""KAKAOPAY"": 0, ""HYUNDAI"": 0, ""MERITZ"": 1, ""KB"": -1, ""DB"": 0, ""SAMSUNG"": 0}"
priority_injury,oat_heuristic,priority_multiplier,0.8,0,SHINHAN|KAKAOPAY|HYUNDAI|KB|MERITZ|DB|SAMSUNG,True,True,True,0.0,0,1.0,1.0,"{""SHINHAN"": 0, ""KAKAOPAY"": 0, ""HYUNDAI"": 0, ""KB"": 0, ""MERITZ"": 0, ""DB"": 0, ""SAMSUNG"": 0}"
priority_injury,oat_heuristic,priority_multiplier,0.9,0,SHINHAN|KAKAOPAY|HYUNDAI|KB|MERITZ|DB|SAMSUNG,True,True,True,0.0,0,1.0,1.0,"{""SHINHAN"": 0, ""KAKAOPAY"": 0, ""HYUNDAI"": 0, ""KB"": 0, ""MERITZ"": 0, ""DB"": 0, ""SAMSUNG"": 0}"
priority_injury,oat_heuristic,priority_multiplier,1.1,0,SHINHAN|KAKAOPAY|HYUNDAI|KB|MERITZ|DB|SAMSUNG,True,True,True,0.0,0,1.0,1.0,"{""SHINHAN"": 0, ""KAKAOPAY"": 0, ""HYUNDAI"": 0, ""KB"": 0, ""MERITZ"": 0, ""DB"": 0, ""SAMSUNG"": 0}"
priority_injury,oat_heuristic,priority_multiplier,1.2,0,SHINHAN|KAKAOPAY|HYUNDAI|KB|MERITZ|DB|SAMSUNG,True,True,True,0.0,0,1.0,1.0,"{""SHINHAN"": 0, ""KAKAOPAY"": 0, ""HYUNDAI"": 0, ""KB"": 0, ""MERITZ"": 0, ""DB"": 0, ""SAMSUNG"": 0}"
priority_injury,oat_heuristic,activity_bump,0.8,0,SHINHAN|KAKAOPAY|HYUNDAI|KB|MERITZ|DB|SAMSUNG,True,True,True,0.0,0,1.0,1.0,"{""SHINHAN"": 0, ""KAKAOPAY"": 0, ""HYUNDAI"": 0, ""KB"": 0, ""MERITZ"": 0, ""DB"": 0, ""SAMSUNG"": 0}"
priority_injury,oat_heuristic,activity_bump,0.9,0,SHINHAN|KAKAOPAY|HYUNDAI|KB|MERITZ|DB|SAMSUNG,True,True,True,0.0,0,1.0,1.0,"{""SHINHAN"": 0, ""KAKAOPAY"": 0, ""HYUNDAI"": 0, ""KB"": 0, ""MERITZ"": 0, ""DB"": 0, ""SAMSUNG"": 0}"
priority_injury,oat_heuristic,activity_bump,1.1,0,SHINHAN|KAKAOPAY|HYUNDAI|KB|MERITZ|DB|SAMSUNG,True,True,True,0.0,0,1.0,1.0,"{""SHINHAN"": 0, ""KAKAOPAY"": 0, ""HYUNDAI"": 0, ""KB"": 0, ""MERITZ"": 0, ""DB"": 0, ""SAMSUNG"": 0}"
priority_injury,oat_heuristic,activity_bump,1.2,0,SHINHAN|KAKAOPAY|HYUNDAI|KB|MERITZ|DB|SAMSUNG,True,True,True,0.0,0,1.0,1.0,"{""SHINHAN"": 0, ""KAKAOPAY"": 0, ""HYUNDAI"": 0, ""KB"": 0, ""MERITZ"": 0, ""DB"": 0, ""SAMSUNG"": 0}"
priority_injury,oat_heuristic,companion_bump,0.8,0,SHINHAN|KAKAOPAY|HYUNDAI|KB|MERITZ|DB|SAMSUNG,True,True,True,0.0,0,1.0,1.0,"{""SHINHAN"": 0, ""KAKAOPAY"": 0, ""HYUNDAI"": 0, ""KB"": 0, ""MERITZ"": 0, ""DB"": 0, ""SAMSUNG"": 0}"
priority_injury,oat_heuristic,companion_bump,0.9,0,SHINHAN|KAKAOPAY|HYUNDAI|KB|MERITZ|DB|SAMSUNG,True,True,True,0.0,0,1.0,1.0,"{""SHINHAN"": 0, ""KAKAOPAY"": 0, ""HYUNDAI"": 0, ""KB"": 0, ""MERITZ"": 0, ""DB"": 0, ""SAMSUNG"": 0}"
priority_injury,oat_heuristic,companion_bump,1.1,0,SHINHAN|KAKAOPAY|HYUNDAI|KB|MERITZ|DB|SAMSUNG,True,True,True,0.0,0,1.0,1.0,"{""SHINHAN"": 0, ""KAKAOPAY"": 0, ""HYUNDAI"": 0, ""KB"": 0, ""MERITZ"": 0, ""DB"": 0, ""SAMSUNG"": 0}"
priority_injury,oat_heuristic,companion_bump,1.2,0,SHINHAN|KAKAOPAY|HYUNDAI|KB|MERITZ|DB|SAMSUNG,True,True,True,0.0,0,1.0,1.0,"{""SHINHAN"": 0, ""KAKAOPAY"": 0, ""HYUNDAI"": 0, ""KB"": 0, ""MERITZ"": 0, ""DB"": 0, ""SAMSUNG"": 0}"
priority_injury,oat_heuristic,rental_car_bump,0.8,0,SHINHAN|KAKAOPAY|HYUNDAI|KB|MERITZ|DB|SAMSUNG,True,True,True,0.0,0,1.0,1.0,"{""SHINHAN"": 0, ""KAKAOPAY"": 0, ""HYUNDAI"": 0, ""KB"": 0, ""MERITZ"": 0, ""DB"": 0, ""SAMSUNG"": 0}"
priority_injury,oat_heuristic,rental_car_bump,0.9,0,SHINHAN|KAKAOPAY|HYUNDAI|KB|MERITZ|DB|SAMSUNG,True,True,True,0.0,0,1.0,1.0,"{""SHINHAN"": 0, ""KAKAOPAY"": 0, ""HYUNDAI"": 0, ""KB"": 0, ""MERITZ"": 0, ""DB"": 0, ""SAMSUNG"": 0}"
priority_injury,oat_heuristic,rental_car_bump,1.1,0,SHINHAN|KAKAOPAY|HYUNDAI|KB|MERITZ|DB|SAMSUNG,True,True,True,0.0,0,1.0,1.0,"{""SHINHAN"": 0, ""KAKAOPAY"": 0, ""HYUNDAI"": 0, ""KB"": 0, ""MERITZ"": 0, ""DB"": 0, ""SAMSUNG"": 0}"
priority_injury,oat_heuristic,rental_car_bump,1.2,0,SHINHAN|KAKAOPAY|HYUNDAI|KB|MERITZ|DB|SAMSUNG,True,True,True,0.0,0,1.0,1.0,"{""SHINHAN"": 0, ""KAKAOPAY"": 0, ""HYUNDAI"": 0, ""KB"": 0, ""MERITZ"": 0, ""DB"": 0, ""SAMSUNG"": 0}"
priority_injury,oat_heuristic,risk_emergency_bump,0.8,0,SHINHAN|KAKAOPAY|HYUNDAI|KB|MERITZ|DB|SAMSUNG,True,True,True,0.0,0,1.0,1.0,"{""SHINHAN"": 0, ""KAKAOPAY"": 0, ""HYUNDAI"": 0, ""KB"": 0, ""MERITZ"": 0, ""DB"": 0, ""SAMSUNG"": 0}"
priority_injury,oat_heuristic,risk_emergency_bump,0.9,0,SHINHAN|KAKAOPAY|HYUNDAI|KB|MERITZ|DB|SAMSUNG,True,True,True,0.0,0,1.0,1.0,"{""SHINHAN"": 0, ""KAKAOPAY"": 0, ""HYUNDAI"": 0, ""KB"": 0, ""MERITZ"": 0, ""DB"": 0, ""SAMSUNG"": 0}"
priority_injury,oat_heuristic,risk_emergency_bump,1.1,0,SHINHAN|KAKAOPAY|HYUNDAI|KB|MERITZ|DB|SAMSUNG,True,True,True,0.0,0,1.0,1.0,"{""SHINHAN"": 0, ""KAKAOPAY"": 0, ""HYUNDAI"": 0, ""KB"": 0, ""MERITZ"": 0, ""DB"": 0, ""SAMSUNG"": 0}"
priority_injury,oat_heuristic,risk_emergency_bump,1.2,0,SHINHAN|KAKAOPAY|HYUNDAI|KB|MERITZ|DB|SAMSUNG,True,True,True,0.0,0,1.0,1.0,"{""SHINHAN"": 0, ""KAKAOPAY"": 0, ""HYUNDAI"": 0, ""KB"": 0, ""MERITZ"": 0, ""DB"": 0, ""SAMSUNG"": 0}"
priority_injury,oat_heuristic,risk_illness_bump,0.8,0,SHINHAN|KAKAOPAY|HYUNDAI|KB|MERITZ|DB|SAMSUNG,True,True,True,0.0,0,1.0,1.0,"{""SHINHAN"": 0, ""KAKAOPAY"": 0, ""HYUNDAI"": 0, ""KB"": 0, ""MERITZ"": 0, ""DB"": 0, ""SAMSUNG"": 0}"
priority_injury,oat_heuristic,risk_illness_bump,0.9,0,SHINHAN|KAKAOPAY|HYUNDAI|KB|MERITZ|DB|SAMSUNG,True,True,True,0.0,0,1.0,1.0,"{""SHINHAN"": 0, ""KAKAOPAY"": 0, ""HYUNDAI"": 0, ""KB"": 0, ""MERITZ"": 0, ""DB"": 0, ""SAMSUNG"": 0}"
priority_injury,oat_heuristic,risk_illness_bump,1.1,0,SHINHAN|KAKAOPAY|HYUNDAI|KB|MERITZ|DB|SAMSUNG,True,True,True,0.0,0,1.0,1.0,"{""SHINHAN"": 0, ""KAKAOPAY"": 0, ""HYUNDAI"": 0, ""KB"": 0, ""MERITZ"": 0, ""DB"": 0, ""SAMSUNG"": 0}"
priority_injury,oat_heuristic,risk_illness_bump,1.2,0,SHINHAN|KAKAOPAY|HYUNDAI|KB|MERITZ|DB|SAMSUNG,True,True,True,0.0,0,1.0,1.0,"{""SHINHAN"": 0, ""KAKAOPAY"": 0, ""HYUNDAI"": 0, ""KB"": 0, ""MERITZ"": 0, ""DB"": 0, ""SAMSUNG"": 0}"
priority_injury,oat_heuristic,long_trip_bump,0.8,0,SHINHAN|KAKAOPAY|HYUNDAI|KB|MERITZ|DB|SAMSUNG,True,True,True,0.0,0,1.0,1.0,"{""SHINHAN"": 0, ""KAKAOPAY"": 0, ""HYUNDAI"": 0, ""KB"": 0, ""MERITZ"": 0, ""DB"": 0, ""SAMSUNG"": 0}"
priority_injury,oat_heuristic,long_trip_bump,0.9,0,SHINHAN|KAKAOPAY|HYUNDAI|KB|MERITZ|DB|SAMSUNG,True,True,True,0.0,0,1.0,1.0,"{""SHINHAN"": 0, ""KAKAOPAY"": 0, ""HYUNDAI"": 0, ""KB"": 0, ""MERITZ"": 0, ""DB"": 0, ""SAMSUNG"": 0}"
priority_injury,oat_heuristic,long_trip_bump,1.1,0,SHINHAN|KAKAOPAY|HYUNDAI|KB|MERITZ|DB|SAMSUNG,True,True,True,0.0,0,1.0,1.0,"{""SHINHAN"": 0, ""KAKAOPAY"": 0, ""HYUNDAI"": 0, ""KB"": 0, ""MERITZ"": 0, ""DB"": 0, ""SAMSUNG"": 0}"
priority_injury,oat_heuristic,long_trip_bump,1.2,0,SHINHAN|KAKAOPAY|HYUNDAI|KB|MERITZ|DB|SAMSUNG,True,True,True,0.0,0,1.0,1.0,"{""SHINHAN"": 0, ""KAKAOPAY"": 0, ""HYUNDAI"": 0, ""KB"": 0, ""MERITZ"": 0, ""DB"": 0, ""SAMSUNG"": 0}"
priority_injury,oat_heuristic,senior_illness_bump,0.8,0,SHINHAN|KAKAOPAY|HYUNDAI|KB|MERITZ|DB|SAMSUNG,True,True,True,0.0,0,1.0,1.0,"{""SHINHAN"": 0, ""KAKAOPAY"": 0, ""HYUNDAI"": 0, ""KB"": 0, ""MERITZ"": 0, ""DB"": 0, ""SAMSUNG"": 0}"
priority_injury,oat_heuristic,senior_illness_bump,0.9,0,SHINHAN|KAKAOPAY|HYUNDAI|KB|MERITZ|DB|SAMSUNG,True,True,True,0.0,0,1.0,1.0,"{""SHINHAN"": 0, ""KAKAOPAY"": 0, ""HYUNDAI"": 0, ""KB"": 0, ""MERITZ"": 0, ""DB"": 0, ""SAMSUNG"": 0}"
priority_injury,oat_heuristic,senior_illness_bump,1.1,0,SHINHAN|KAKAOPAY|HYUNDAI|KB|MERITZ|DB|SAMSUNG,True,True,True,0.0,0,1.0,1.0,"{""SHINHAN"": 0, ""KAKAOPAY"": 0, ""HYUNDAI"": 0, ""KB"": 0, ""MERITZ"": 0, ""DB"": 0, ""SAMSUNG"": 0}"
priority_injury,oat_heuristic,senior_illness_bump,1.2,0,SHINHAN|KAKAOPAY|HYUNDAI|KB|MERITZ|DB|SAMSUNG,True,True,True,0.0,0,1.0,1.0,"{""SHINHAN"": 0, ""KAKAOPAY"": 0, ""HYUNDAI"": 0, ""KB"": 0, ""MERITZ"": 0, ""DB"": 0, ""SAMSUNG"": 0}"
priority_injury,oat_heuristic,senior_emergency_bump,0.8,0,SHINHAN|KAKAOPAY|HYUNDAI|KB|MERITZ|DB|SAMSUNG,True,True,True,0.0,0,1.0,1.0,"{""SHINHAN"": 0, ""KAKAOPAY"": 0, ""HYUNDAI"": 0, ""KB"": 0, ""MERITZ"": 0, ""DB"": 0, ""SAMSUNG"": 0}"
priority_injury,oat_heuristic,senior_emergency_bump,0.9,0,SHINHAN|KAKAOPAY|HYUNDAI|KB|MERITZ|DB|SAMSUNG,True,True,True,0.0,0,1.0,1.0,"{""SHINHAN"": 0, ""KAKAOPAY"": 0, ""HYUNDAI"": 0, ""KB"": 0, ""MERITZ"": 0, ""DB"": 0, ""SAMSUNG"": 0}"
priority_injury,oat_heuristic,senior_emergency_bump,1.1,0,SHINHAN|KAKAOPAY|HYUNDAI|KB|MERITZ|DB|SAMSUNG,True,True,True,0.0,0,1.0,1.0,"{""SHINHAN"": 0, ""KAKAOPAY"": 0, ""HYUNDAI"": 0, ""KB"": 0, ""MERITZ"": 0, ""DB"": 0, ""SAMSUNG"": 0}"
priority_injury,oat_heuristic,senior_emergency_bump,1.2,0,SHINHAN|KAKAOPAY|HYUNDAI|KB|MERITZ|DB|SAMSUNG,True,True,True,0.0,0,1.0,1.0,"{""SHINHAN"": 0, ""KAKAOPAY"": 0, ""HYUNDAI"": 0, ""KB"": 0, ""MERITZ"": 0, ""DB"": 0, ""SAMSUNG"": 0}"
priority_injury,oat_axis,axis:amount,0.8,0,SHINHAN|KAKAOPAY|HYUNDAI|KB|DB|MERITZ|SAMSUNG,True,True,True,0.2857142857142857,1,0.9047619047619048,0.9642857142857143,"{""SHINHAN"": 0, ""KAKAOPAY"": 0, ""HYUNDAI"": 0, ""KB"": 0, ""MERITZ"": 1, ""DB"": -1, ""SAMSUNG"": 0}"
priority_injury,oat_axis,axis:amount,0.9,0,SHINHAN|KAKAOPAY|HYUNDAI|KB|MERITZ|DB|SAMSUNG,True,True,True,0.0,0,1.0,1.0,"{""SHINHAN"": 0, ""KAKAOPAY"": 0, ""HYUNDAI"": 0, ""KB"": 0, ""MERITZ"": 0, ""DB"": 0, ""SAMSUNG"": 0}"
priority_injury,oat_axis,axis:amount,1.1,0,SHINHAN|KAKAOPAY|HYUNDAI|KB|MERITZ|DB|SAMSUNG,True,True,True,0.0,0,1.0,1.0,"{""SHINHAN"": 0, ""KAKAOPAY"": 0, ""HYUNDAI"": 0, ""KB"": 0, ""MERITZ"": 0, ""DB"": 0, ""SAMSUNG"": 0}"
priority_injury,oat_axis,axis:amount,1.2,0,SHINHAN|KAKAOPAY|HYUNDAI|KB|MERITZ|DB|SAMSUNG,True,True,True,0.0,0,1.0,1.0,"{""SHINHAN"": 0, ""KAKAOPAY"": 0, ""HYUNDAI"": 0, ""KB"": 0, ""MERITZ"": 0, ""DB"": 0, ""SAMSUNG"": 0}"
priority_injury,oat_axis,axis:clause,0.8,0,SHINHAN|KAKAOPAY|HYUNDAI|KB|MERITZ|DB|SAMSUNG,True,True,True,0.0,0,1.0,1.0,"{""SHINHAN"": 0, ""KAKAOPAY"": 0, ""HYUNDAI"": 0, ""KB"": 0, ""MERITZ"": 0, ""DB"": 0, ""SAMSUNG"": 0}"
priority_injury,oat_axis,axis:clause,0.9,0,SHINHAN|KAKAOPAY|HYUNDAI|KB|MERITZ|DB|SAMSUNG,True,True,True,0.0,0,1.0,1.0,"{""SHINHAN"": 0, ""KAKAOPAY"": 0, ""HYUNDAI"": 0, ""KB"": 0, ""MERITZ"": 0, ""DB"": 0, ""SAMSUNG"": 0}"
priority_injury,oat_axis,axis:clause,1.1,0,SHINHAN|KAKAOPAY|HYUNDAI|KB|MERITZ|DB|SAMSUNG,True,True,True,0.0,0,1.0,1.0,"{""SHINHAN"": 0, ""KAKAOPAY"": 0, ""HYUNDAI"": 0, ""KB"": 0, ""MERITZ"": 0, ""DB"": 0, ""SAMSUNG"": 0}"
priority_injury,oat_axis,axis:clause,1.2,0,SHINHAN|KAKAOPAY|HYUNDAI|KB|MERITZ|DB|SAMSUNG,True,True,True,0.0,0,1.0,1.0,"{""SHINHAN"": 0, ""KAKAOPAY"": 0, ""HYUNDAI"": 0, ""KB"": 0, ""MERITZ"": 0, ""DB"": 0, ""SAMSUNG"": 0}"
priority_injury,oat_axis,axis:price,0.8,0,SHINHAN|KAKAOPAY|HYUNDAI|MERITZ|KB|DB|SAMSUNG,True,True,True,0.2857142857142857,1,0.9047619047619048,0.9642857142857143,"{""SHINHAN"": 0, ""KAKAOPAY"": 0, ""HYUNDAI"": 0, ""KB"": 1, ""MERITZ"": -1, ""DB"": 0, ""SAMSUNG"": 0}"
priority_injury,oat_axis,axis:price,0.9,0,SHINHAN|KAKAOPAY|HYUNDAI|KB|MERITZ|DB|SAMSUNG,True,True,True,0.0,0,1.0,1.0,"{""SHINHAN"": 0, ""KAKAOPAY"": 0, ""HYUNDAI"": 0, ""KB"": 0, ""MERITZ"": 0, ""DB"": 0, ""SAMSUNG"": 0}"
priority_injury,oat_axis,axis:price,1.1,0,SHINHAN|KAKAOPAY|HYUNDAI|KB|MERITZ|DB|SAMSUNG,True,True,True,0.0,0,1.0,1.0,"{""SHINHAN"": 0, ""KAKAOPAY"": 0, ""HYUNDAI"": 0, ""KB"": 0, ""MERITZ"": 0, ""DB"": 0, ""SAMSUNG"": 0}"
priority_injury,oat_axis,axis:price,1.2,0,SHINHAN|KAKAOPAY|HYUNDAI|KB|DB|MERITZ|SAMSUNG,True,True,True,0.2857142857142857,1,0.9047619047619048,0.9642857142857143,"{""SHINHAN"": 0, ""KAKAOPAY"": 0, ""HYUNDAI"": 0, ""KB"": 0, ""MERITZ"": 1, ""DB"": -1, ""SAMSUNG"": 0}"
priority_injury,oat_axis,axis:overlap,0.8,0,SHINHAN|KAKAOPAY|HYUNDAI|KB|MERITZ|DB|SAMSUNG,True,True,True,0.0,0,1.0,1.0,"{""SHINHAN"": 0, ""KAKAOPAY"": 0, ""HYUNDAI"": 0, ""KB"": 0, ""MERITZ"": 0, ""DB"": 0, ""SAMSUNG"": 0}"
priority_injury,oat_axis,axis:overlap,0.9,0,SHINHAN|KAKAOPAY|HYUNDAI|KB|MERITZ|DB|SAMSUNG,True,True,True,0.0,0,1.0,1.0,"{""SHINHAN"": 0, ""KAKAOPAY"": 0, ""HYUNDAI"": 0, ""KB"": 0, ""MERITZ"": 0, ""DB"": 0, ""SAMSUNG"": 0}"
priority_injury,oat_axis,axis:overlap,1.1,0,SHINHAN|KAKAOPAY|HYUNDAI|KB|MERITZ|DB|SAMSUNG,True,True,True,0.0,0,1.0,1.0,"{""SHINHAN"": 0, ""KAKAOPAY"": 0, ""HYUNDAI"": 0, ""KB"": 0, ""MERITZ"": 0, ""DB"": 0, ""SAMSUNG"": 0}"
priority_injury,oat_axis,axis:overlap,1.2,0,SHINHAN|KAKAOPAY|HYUNDAI|KB|MERITZ|DB|SAMSUNG,True,True,True,0.0,0,1.0,1.0,"{""SHINHAN"": 0, ""KAKAOPAY"": 0, ""HYUNDAI"": 0, ""KB"": 0, ""MERITZ"": 0, ""DB"": 0, ""SAMSUNG"": 0}"
priority_injury,oat_axis,axis:activity,0.8,0,SHINHAN|KAKAOPAY|HYUNDAI|KB|MERITZ|DB|SAMSUNG,True,True,True,0.0,0,1.0,1.0,"{""SHINHAN"": 0, ""KAKAOPAY"": 0, ""HYUNDAI"": 0, ""KB"": 0, ""MERITZ"": 0, ""DB"": 0, ""SAMSUNG"": 0}"
priority_injury,oat_axis,axis:activity,0.9,0,SHINHAN|KAKAOPAY|HYUNDAI|KB|MERITZ|DB|SAMSUNG,True,True,True,0.0,0,1.0,1.0,"{""SHINHAN"": 0, ""KAKAOPAY"": 0, ""HYUNDAI"": 0, ""KB"": 0, ""MERITZ"": 0, ""DB"": 0, ""SAMSUNG"": 0}"
priority_injury,oat_axis,axis:activity,1.1,0,SHINHAN|KAKAOPAY|HYUNDAI|KB|MERITZ|DB|SAMSUNG,True,True,True,0.0,0,1.0,1.0,"{""SHINHAN"": 0, ""KAKAOPAY"": 0, ""HYUNDAI"": 0, ""KB"": 0, ""MERITZ"": 0, ""DB"": 0, ""SAMSUNG"": 0}"
priority_injury,oat_axis,axis:activity,1.2,0,SHINHAN|KAKAOPAY|HYUNDAI|KB|MERITZ|DB|SAMSUNG,True,True,True,0.0,0,1.0,1.0,"{""SHINHAN"": 0, ""KAKAOPAY"": 0, ""HYUNDAI"": 0, ""KB"": 0, ""MERITZ"": 0, ""DB"": 0, ""SAMSUNG"": 0}"
priority_injury,monte_carlo,all,0.0,0,SHINHAN|KAKAOPAY|HYUNDAI|KB|MERITZ|DB|SAMSUNG,True,True,True,0.0,0,1.0,1.0,"{""SHINHAN"": 0, ""KAKAOPAY"": 0, ""HYUNDAI"": 0, ""KB"": 0, ""MERITZ"": 0, ""DB"": 0, ""SAMSUNG"": 0}"
priority_injury,monte_carlo,all,0.0,1,SHINHAN|KAKAOPAY|HYUNDAI|KB|MERITZ|DB|SAMSUNG,True,True,True,0.0,0,1.0,1.0,"{""SHINHAN"": 0, ""KAKAOPAY"": 0, ""HYUNDAI"": 0, ""KB"": 0, ""MERITZ"": 0, ""DB"": 0, ""SAMSUNG"": 0}"
priority_injury,monte_carlo,all,0.0,2,SHINHAN|KAKAOPAY|HYUNDAI|KB|DB|MERITZ|SAMSUNG,True,True,True,0.2857142857142857,1,0.9047619047619048,0.9642857142857143,"{""SHINHAN"": 0, ""KAKAOPAY"": 0, ""HYUNDAI"": 0, ""KB"": 0, ""MERITZ"": 1, ""DB"": -1, ""SAMSUNG"": 0}"
priority_injury,monte_carlo,all,0.0,3,SHINHAN|KAKAOPAY|HYUNDAI|KB|DB|MERITZ|SAMSUNG,True,True,True,0.2857142857142857,1,0.9047619047619048,0.9642857142857143,"{""SHINHAN"": 0, ""KAKAOPAY"": 0, ""HYUNDAI"": 0, ""KB"": 0, ""MERITZ"": 1, ""DB"": -1, ""SAMSUNG"": 0}"
priority_injury,monte_carlo,all,0.0,4,SHINHAN|KAKAOPAY|HYUNDAI|KB|MERITZ|DB|SAMSUNG,True,True,True,0.0,0,1.0,1.0,"{""SHINHAN"": 0, ""KAKAOPAY"": 0, ""HYUNDAI"": 0, ""KB"": 0, ""MERITZ"": 0, ""DB"": 0, ""SAMSUNG"": 0}"
priority_injury,monte_carlo,all,0.0,5,SHINHAN|KAKAOPAY|HYUNDAI|DB|KB|MERITZ|SAMSUNG,True,True,True,0.5714285714285714,2,0.8095238095238095,0.8928571428571429,"{""SHINHAN"": 0, ""KAKAOPAY"": 0, ""HYUNDAI"": 0, ""KB"": 1, ""MERITZ"": 1, ""DB"": -2, ""SAMSUNG"": 0}"
priority_injury,monte_carlo,all,0.0,6,SHINHAN|KAKAOPAY|HYUNDAI|DB|KB|MERITZ|SAMSUNG,True,True,True,0.5714285714285714,2,0.8095238095238095,0.8928571428571429,"{""SHINHAN"": 0, ""KAKAOPAY"": 0, ""HYUNDAI"": 0, ""KB"": 1, ""MERITZ"": 1, ""DB"": -2, ""SAMSUNG"": 0}"
priority_injury,monte_carlo,all,0.0,7,SHINHAN|KAKAOPAY|HYUNDAI|KB|MERITZ|DB|SAMSUNG,True,True,True,0.0,0,1.0,1.0,"{""SHINHAN"": 0, ""KAKAOPAY"": 0, ""HYUNDAI"": 0, ""KB"": 0, ""MERITZ"": 0, ""DB"": 0, ""SAMSUNG"": 0}"
priority_injury,monte_carlo,all,0.0,8,SHINHAN|KAKAOPAY|HYUNDAI|MERITZ|KB|DB|SAMSUNG,True,True,True,0.2857142857142857,1,0.9047619047619048,0.9642857142857143,"{""SHINHAN"": 0, ""KAKAOPAY"": 0, ""HYUNDAI"": 0, ""KB"": 1, ""MERITZ"": -1, ""DB"": 0, ""SAMSUNG"": 0}"
priority_injury,monte_carlo,all,0.0,9,SHINHAN|KAKAOPAY|HYUNDAI|KB|MERITZ|DB|SAMSUNG,True,True,True,0.0,0,1.0,1.0,"{""SHINHAN"": 0, ""KAKAOPAY"": 0, ""HYUNDAI"": 0, ""KB"": 0, ""MERITZ"": 0, ""DB"": 0, ""SAMSUNG"": 0}"
priority_injury,monte_carlo,all,0.0,10,SHINHAN|KAKAOPAY|HYUNDAI|KB|MERITZ|DB|SAMSUNG,True,True,True,0.0,0,1.0,1.0,"{""SHINHAN"": 0, ""KAKAOPAY"": 0, ""HYUNDAI"": 0, ""KB"": 0, ""MERITZ"": 0, ""DB"": 0, ""SAMSUNG"": 0}"
priority_injury,monte_carlo,all,0.0,11,SHINHAN|KAKAOPAY|HYUNDAI|KB|MERITZ|DB|SAMSUNG,True,True,True,0.0,0,1.0,1.0,"{""SHINHAN"": 0, ""KAKAOPAY"": 0, ""HYUNDAI"": 0, ""KB"": 0, ""MERITZ"": 0, ""DB"": 0, ""SAMSUNG"": 0}"
priority_injury,monte_carlo,all,0.0,12,SHINHAN|KAKAOPAY|HYUNDAI|KB|DB|MERITZ|SAMSUNG,True,True,True,0.2857142857142857,1,0.9047619047619048,0.9642857142857143,"{""SHINHAN"": 0, ""KAKAOPAY"": 0, ""HYUNDAI"": 0, ""KB"": 0, ""MERITZ"": 1, ""DB"": -1, ""SAMSUNG"": 0}"
priority_injury,monte_carlo,all,0.0,13,SHINHAN|KAKAOPAY|HYUNDAI|KB|MERITZ|DB|SAMSUNG,True,True,True,0.0,0,1.0,1.0,"{""SHINHAN"": 0, ""KAKAOPAY"": 0, ""HYUNDAI"": 0, ""KB"": 0, ""MERITZ"": 0, ""DB"": 0, ""SAMSUNG"": 0}"
priority_injury,monte_carlo,all,0.0,14,SHINHAN|KAKAOPAY|HYUNDAI|KB|MERITZ|DB|SAMSUNG,True,True,True,0.0,0,1.0,1.0,"{""SHINHAN"": 0, ""KAKAOPAY"": 0, ""HYUNDAI"": 0, ""KB"": 0, ""MERITZ"": 0, ""DB"": 0, ""SAMSUNG"": 0}"
priority_injury,monte_carlo,all,0.0,15,SHINHAN|KAKAOPAY|HYUNDAI|KB|DB|MERITZ|SAMSUNG,True,True,True,0.2857142857142857,1,0.9047619047619048,0.9642857142857143,"{""SHINHAN"": 0, ""KAKAOPAY"": 0, ""HYUNDAI"": 0, ""KB"": 0, ""MERITZ"": 1, ""DB"": -1, ""SAMSUNG"": 0}"
priority_injury,monte_carlo,all,0.0,16,SHINHAN|KAKAOPAY|HYUNDAI|KB|MERITZ|DB|SAMSUNG,True,True,True,0.0,0,1.0,1.0,"{""SHINHAN"": 0, ""KAKAOPAY"": 0, ""HYUNDAI"": 0, ""KB"": 0, ""MERITZ"": 0, ""DB"": 0, ""SAMSUNG"": 0}"
priority_injury,monte_carlo,all,0.0,17,SHINHAN|KAKAOPAY|HYUNDAI|KB|MERITZ|DB|SAMSUNG,True,True,True,0.0,0,1.0,1.0,"{""SHINHAN"": 0, ""KAKAOPAY"": 0, ""HYUNDAI"": 0, ""KB"": 0, ""MERITZ"": 0, ""DB"": 0, ""SAMSUNG"": 0}"
priority_injury,monte_carlo,all,0.0,18,SHINHAN|KAKAOPAY|HYUNDAI|KB|DB|MERITZ|SAMSUNG,True,True,True,0.2857142857142857,1,0.9047619047619048,0.9642857142857143,"{""SHINHAN"": 0, ""KAKAOPAY"": 0, ""HYUNDAI"": 0, ""KB"": 0, ""MERITZ"": 1, ""DB"": -1, ""SAMSUNG"": 0}"
priority_injury,monte_carlo,all,0.0,19,SHINHAN|KAKAOPAY|HYUNDAI|KB|MERITZ|DB|SAMSUNG,True,True,True,0.0,0,1.0,1.0,"{""SHINHAN"": 0, ""KAKAOPAY"": 0, ""HYUNDAI"": 0, ""KB"": 0, ""MERITZ"": 0, ""DB"": 0, ""SAMSUNG"": 0}"
priority_injury,monte_carlo,all,0.0,20,SHINHAN|KAKAOPAY|HYUNDAI|KB|MERITZ|DB|SAMSUNG,True,True,True,0.0,0,1.0,1.0,"{""SHINHAN"": 0, ""KAKAOPAY"": 0, ""HYUNDAI"": 0, ""KB"": 0, ""MERITZ"": 0, ""DB"": 0, ""SAMSUNG"": 0}"
priority_injury,monte_carlo,all,0.0,21,SHINHAN|KAKAOPAY|HYUNDAI|KB|MERITZ|DB|SAMSUNG,True,True,True,0.0,0,1.0,1.0,"{""SHINHAN"": 0, ""KAKAOPAY"": 0, ""HYUNDAI"": 0, ""KB"": 0, ""MERITZ"": 0, ""DB"": 0, ""SAMSUNG"": 0}"
priority_injury,monte_carlo,all,0.0,22,SHINHAN|KAKAOPAY|HYUNDAI|KB|MERITZ|DB|SAMSUNG,True,True,True,0.0,0,1.0,1.0,"{""SHINHAN"": 0, ""KAKAOPAY"": 0, ""HYUNDAI"": 0, ""KB"": 0, ""MERITZ"": 0, ""DB"": 0, ""SAMSUNG"": 0}"
priority_injury,monte_carlo,all,0.0,23,SHINHAN|KAKAOPAY|HYUNDAI|KB|MERITZ|DB|SAMSUNG,True,True,True,0.0,0,1.0,1.0,"{""SHINHAN"": 0, ""KAKAOPAY"": 0, ""HYUNDAI"": 0, ""KB"": 0, ""MERITZ"": 0, ""DB"": 0, ""SAMSUNG"": 0}"
priority_injury,monte_carlo,all,0.0,24,SHINHAN|KAKAOPAY|HYUNDAI|KB|MERITZ|DB|SAMSUNG,True,True,True,0.0,0,1.0,1.0,"{""SHINHAN"": 0, ""KAKAOPAY"": 0, ""HYUNDAI"": 0, ""KB"": 0, ""MERITZ"": 0, ""DB"": 0, ""SAMSUNG"": 0}"
priority_injury,monte_carlo,all,0.0,25,SHINHAN|KAKAOPAY|HYUNDAI|KB|DB|MERITZ|SAMSUNG,True,True,True,0.2857142857142857,1,0.9047619047619048,0.9642857142857143,"{""SHINHAN"": 0, ""KAKAOPAY"": 0, ""HYUNDAI"": 0, ""KB"": 0, ""MERITZ"": 1, ""DB"": -1, ""SAMSUNG"": 0}"
priority_injury,monte_carlo,all,0.0,26,SHINHAN|KAKAOPAY|HYUNDAI|DB|KB|MERITZ|SAMSUNG,True,True,True,0.5714285714285714,2,0.8095238095238095,0.8928571428571429,"{""SHINHAN"": 0, ""KAKAOPAY"": 0, ""HYUNDAI"": 0, ""KB"": 1, ""MERITZ"": 1, ""DB"": -2, ""SAMSUNG"": 0}"
priority_injury,monte_carlo,all,0.0,27,SHINHAN|KAKAOPAY|HYUNDAI|KB|MERITZ|DB|SAMSUNG,True,True,True,0.0,0,1.0,1.0,"{""SHINHAN"": 0, ""KAKAOPAY"": 0, ""HYUNDAI"": 0, ""KB"": 0, ""MERITZ"": 0, ""DB"": 0, ""SAMSUNG"": 0}"
priority_injury,monte_carlo,all,0.0,28,SHINHAN|KAKAOPAY|HYUNDAI|KB|MERITZ|DB|SAMSUNG,True,True,True,0.0,0,1.0,1.0,"{""SHINHAN"": 0, ""KAKAOPAY"": 0, ""HYUNDAI"": 0, ""KB"": 0, ""MERITZ"": 0, ""DB"": 0, ""SAMSUNG"": 0}"
priority_injury,monte_carlo,all,0.0,29,SHINHAN|KAKAOPAY|HYUNDAI|KB|MERITZ|DB|SAMSUNG,True,True,True,0.0,0,1.0,1.0,"{""SHINHAN"": 0, ""KAKAOPAY"": 0, ""HYUNDAI"": 0, ""KB"": 0, ""MERITZ"": 0, ""DB"": 0, ""SAMSUNG"": 0}"
priority_injury,monte_carlo,all,0.0,30,SHINHAN|KAKAOPAY|HYUNDAI|MERITZ|KB|DB|SAMSUNG,True,True,True,0.2857142857142857,1,0.9047619047619048,0.9642857142857143,"{""SHINHAN"": 0, ""KAKAOPAY"": 0, ""HYUNDAI"": 0, ""KB"": 1, ""MERITZ"": -1, ""DB"": 0, ""SAMSUNG"": 0}"
priority_injury,monte_carlo,all,0.0,31,SHINHAN|KAKAOPAY|HYUNDAI|KB|MERITZ|DB|SAMSUNG,True,True,True,0.0,0,1.0,1.0,"{""SHINHAN"": 0, ""KAKAOPAY"": 0, ""HYUNDAI"": 0, ""KB"": 0, ""MERITZ"": 0, ""DB"": 0, ""SAMSUNG"": 0}"
priority_injury,monte_carlo,all,0.0,32,SHINHAN|KAKAOPAY|HYUNDAI|MERITZ|KB|DB|SAMSUNG,True,True,True,0.2857142857142857,1,0.9047619047619048,0.9642857142857143,"{""SHINHAN"": 0, ""KAKAOPAY"": 0, ""HYUNDAI"": 0, ""KB"": 1, ""MERITZ"": -1, ""DB"": 0, ""SAMSUNG"": 0}"
priority_injury,monte_carlo,all,0.0,33,SHINHAN|KAKAOPAY|HYUNDAI|KB|DB|MERITZ|SAMSUNG,True,True,True,0.2857142857142857,1,0.9047619047619048,0.9642857142857143,"{""SHINHAN"": 0, ""KAKAOPAY"": 0, ""HYUNDAI"": 0, ""KB"": 0, ""MERITZ"": 1, ""DB"": -1, ""SAMSUNG"": 0}"
priority_injury,monte_carlo,all,0.0,34,SHINHAN|KAKAOPAY|HYUNDAI|KB|DB|MERITZ|SAMSUNG,True,True,True,0.2857142857142857,1,0.9047619047619048,0.9642857142857143,"{""SHINHAN"": 0, ""KAKAOPAY"": 0, ""HYUNDAI"": 0, ""KB"": 0, ""MERITZ"": 1, ""DB"": -1, ""SAMSUNG"": 0}"
priority_injury,monte_carlo,all,0.0,35,SHINHAN|KAKAOPAY|HYUNDAI|DB|KB|MERITZ|SAMSUNG,True,True,True,0.5714285714285714,2,0.8095238095238095,0.8928571428571429,"{""SHINHAN"": 0, ""KAKAOPAY"": 0, ""HYUNDAI"": 0, ""KB"": 1, ""MERITZ"": 1, ""DB"": -2, ""SAMSUNG"": 0}"
priority_injury,monte_carlo,all,0.0,36,SHINHAN|KAKAOPAY|HYUNDAI|KB|MERITZ|DB|SAMSUNG,True,True,True,0.0,0,1.0,1.0,"{""SHINHAN"": 0, ""KAKAOPAY"": 0, ""HYUNDAI"": 0, ""KB"": 0, ""MERITZ"": 0, ""DB"": 0, ""SAMSUNG"": 0}"
priority_injury,monte_carlo,all,0.0,37,SHINHAN|KAKAOPAY|HYUNDAI|KB|MERITZ|DB|SAMSUNG,True,True,True,0.0,0,1.0,1.0,"{""SHINHAN"": 0, ""KAKAOPAY"": 0, ""HYUNDAI"": 0, ""KB"": 0, ""MERITZ"": 0, ""DB"": 0, ""SAMSUNG"": 0}"
priority_injury,monte_carlo,all,0.0,38,SHINHAN|KAKAOPAY|HYUNDAI|KB|MERITZ|DB|SAMSUNG,True,True,True,0.0,0,1.0,1.0,"{""SHINHAN"": 0, ""KAKAOPAY"": 0, ""HYUNDAI"": 0, ""KB"": 0, ""MERITZ"": 0, ""DB"": 0, ""SAMSUNG"": 0}"
priority_injury,monte_carlo,all,0.0,39,SHINHAN|KAKAOPAY|HYUNDAI|KB|MERITZ|DB|SAMSUNG,True,True,True,0.0,0,1.0,1.0,"{""SHINHAN"": 0, ""KAKAOPAY"": 0, ""HYUNDAI"": 0, ""KB"": 0, ""MERITZ"": 0, ""DB"": 0, ""SAMSUNG"": 0}"
priority_injury,monte_carlo,all,0.0,40,SHINHAN|KAKAOPAY|HYUNDAI|KB|MERITZ|DB|SAMSUNG,True,True,True,0.0,0,1.0,1.0,"{""SHINHAN"": 0, ""KAKAOPAY"": 0, ""HYUNDAI"": 0, ""KB"": 0, ""MERITZ"": 0, ""DB"": 0, ""SAMSUNG"": 0}"
priority_injury,monte_carlo,all,0.0,41,SHINHAN|KAKAOPAY|HYUNDAI|KB|DB|MERITZ|SAMSUNG,True,True,True,0.2857142857142857,1,0.9047619047619048,0.9642857142857143,"{""SHINHAN"": 0, ""KAKAOPAY"": 0, ""HYUNDAI"": 0, ""KB"": 0, ""MERITZ"": 1, ""DB"": -1, ""SAMSUNG"": 0}"
priority_injury,monte_carlo,all,0.0,42,SHINHAN|KAKAOPAY|HYUNDAI|MERITZ|KB|DB|SAMSUNG,True,True,True,0.2857142857142857,1,0.9047619047619048,0.9642857142857143,"{""SHINHAN"": 0, ""KAKAOPAY"": 0, ""HYUNDAI"": 0, ""KB"": 1, ""MERITZ"": -1, ""DB"": 0, ""SAMSUNG"": 0}"
priority_injury,monte_carlo,all,0.0,43,SHINHAN|KAKAOPAY|HYUNDAI|KB|MERITZ|DB|SAMSUNG,True,True,True,0.0,0,1.0,1.0,"{""SHINHAN"": 0, ""KAKAOPAY"": 0, ""HYUNDAI"": 0, ""KB"": 0, ""MERITZ"": 0, ""DB"": 0, ""SAMSUNG"": 0}"
priority_injury,monte_carlo,all,0.0,44,SHINHAN|KAKAOPAY|HYUNDAI|KB|MERITZ|DB|SAMSUNG,True,True,True,0.0,0,1.0,1.0,"{""SHINHAN"": 0, ""KAKAOPAY"": 0, ""HYUNDAI"": 0, ""KB"": 0, ""MERITZ"": 0, ""DB"": 0, ""SAMSUNG"": 0}"
priority_injury,monte_carlo,all,0.0,45,SHINHAN|KAKAOPAY|HYUNDAI|KB|MERITZ|DB|SAMSUNG,True,True,True,0.0,0,1.0,1.0,"{""SHINHAN"": 0, ""KAKAOPAY"": 0, ""HYUNDAI"": 0, ""KB"": 0, ""MERITZ"": 0, ""DB"": 0, ""SAMSUNG"": 0}"
priority_injury,monte_carlo,all,0.0,46,SHINHAN|KAKAOPAY|HYUNDAI|MERITZ|KB|DB|SAMSUNG,True,True,True,0.2857142857142857,1,0.9047619047619048,0.9642857142857143,"{""SHINHAN"": 0, ""KAKAOPAY"": 0, ""HYUNDAI"": 0, ""KB"": 1, ""MERITZ"": -1, ""DB"": 0, ""SAMSUNG"": 0}"
priority_injury,monte_carlo,all,0.0,47,SHINHAN|KAKAOPAY|HYUNDAI|KB|MERITZ|DB|SAMSUNG,True,True,True,0.0,0,1.0,1.0,"{""SHINHAN"": 0, ""KAKAOPAY"": 0, ""HYUNDAI"": 0, ""KB"": 0, ""MERITZ"": 0, ""DB"": 0, ""SAMSUNG"": 0}"
priority_injury,monte_carlo,all,0.0,48,SHINHAN|KAKAOPAY|HYUNDAI|KB|MERITZ|DB|SAMSUNG,True,True,True,0.0,0,1.0,1.0,"{""SHINHAN"": 0, ""KAKAOPAY"": 0, ""HYUNDAI"": 0, ""KB"": 0, ""MERITZ"": 0, ""DB"": 0, ""SAMSUNG"": 0}"
priority_injury,monte_carlo,all,0.0,49,SHINHAN|KAKAOPAY|HYUNDAI|KB|MERITZ|DB|SAMSUNG,True,True,True,0.0,0,1.0,1.0,"{""SHINHAN"": 0, ""KAKAOPAY"": 0, ""HYUNDAI"": 0, ""KB"": 0, ""MERITZ"": 0, ""DB"": 0, ""SAMSUNG"": 0}"
priority_injury,monte_carlo,all,0.0,50,SHINHAN|KAKAOPAY|HYUNDAI|KB|MERITZ|DB|SAMSUNG,True,True,True,0.0,0,1.0,1.0,"{""SHINHAN"": 0, ""KAKAOPAY"": 0, ""HYUNDAI"": 0, ""KB"": 0, ""MERITZ"": 0, ""DB"": 0, ""SAMSUNG"": 0}"
priority_injury,monte_carlo,all,0.0,51,SHINHAN|KAKAOPAY|HYUNDAI|KB|MERITZ|DB|SAMSUNG,True,True,True,0.0,0,1.0,1.0,"{""SHINHAN"": 0, ""KAKAOPAY"": 0, ""HYUNDAI"": 0, ""KB"": 0, ""MERITZ"": 0, ""DB"": 0, ""SAMSUNG"": 0}"
priority_injury,monte_carlo,all,0.0,52,SHINHAN|KAKAOPAY|HYUNDAI|MERITZ|KB|DB|SAMSUNG,True,True,True,0.2857142857142857,1,0.9047619047619048,0.9642857142857143,"{""SHINHAN"": 0, ""KAKAOPAY"": 0, ""HYUNDAI"": 0, ""KB"": 1, ""MERITZ"": -1, ""DB"": 0, ""SAMSUNG"": 0}"
priority_injury,monte_carlo,all,0.0,53,SHINHAN|KAKAOPAY|HYUNDAI|KB|MERITZ|DB|SAMSUNG,True,True,True,0.0,0,1.0,1.0,"{""SHINHAN"": 0, ""KAKAOPAY"": 0, ""HYUNDAI"": 0, ""KB"": 0, ""MERITZ"": 0, ""DB"": 0, ""SAMSUNG"": 0}"
priority_injury,monte_carlo,all,0.0,54,SHINHAN|KAKAOPAY|HYUNDAI|KB|MERITZ|DB|SAMSUNG,True,True,True,0.0,0,1.0,1.0,"{""SHINHAN"": 0, ""KAKAOPAY"": 0, ""HYUNDAI"": 0, ""KB"": 0, ""MERITZ"": 0, ""DB"": 0, ""SAMSUNG"": 0}"
priority_injury,monte_carlo,all,0.0,55,SHINHAN|KAKAOPAY|HYUNDAI|KB|MERITZ|DB|SAMSUNG,True,True,True,0.0,0,1.0,1.0,"{""SHINHAN"": 0, ""KAKAOPAY"": 0, ""HYUNDAI"": 0, ""KB"": 0, ""MERITZ"": 0, ""DB"": 0, ""SAMSUNG"": 0}"
priority_injury,monte_carlo,all,0.0,56,SHINHAN|KAKAOPAY|HYUNDAI|KB|MERITZ|DB|SAMSUNG,True,True,True,0.0,0,1.0,1.0,"{""SHINHAN"": 0, ""KAKAOPAY"": 0, ""HYUNDAI"": 0, ""KB"": 0, ""MERITZ"": 0, ""DB"": 0, ""SAMSUNG"": 0}"
priority_injury,monte_carlo,all,0.0,57,SHINHAN|KAKAOPAY|HYUNDAI|KB|MERITZ|DB|SAMSUNG,True,True,True,0.0,0,1.0,1.0,"{""SHINHAN"": 0, ""KAKAOPAY"": 0, ""HYUNDAI"": 0, ""KB"": 0, ""MERITZ"": 0, ""DB"": 0, ""SAMSUNG"": 0}"
priority_injury,monte_carlo,all,0.0,58,SHINHAN|KAKAOPAY|HYUNDAI|KB|MERITZ|DB|SAMSUNG,True,True,True,0.0,0,1.0,1.0,"{""SHINHAN"": 0, ""KAKAOPAY"": 0, ""HYUNDAI"": 0, ""KB"": 0, ""MERITZ"": 0, ""DB"": 0, ""SAMSUNG"": 0}"
priority_injury,monte_carlo,all,0.0,59,SHINHAN|KAKAOPAY|HYUNDAI|KB|MERITZ|DB|SAMSUNG,True,True,True,0.0,0,1.0,1.0,"{""SHINHAN"": 0, ""KAKAOPAY"": 0, ""HYUNDAI"": 0, ""KB"": 0, ""MERITZ"": 0, ""DB"": 0, ""SAMSUNG"": 0}"
priority_injury,monte_carlo,all,0.0,60,SHINHAN|KAKAOPAY|HYUNDAI|KB|MERITZ|DB|SAMSUNG,True,True,True,0.0,0,1.0,1.0,"{""SHINHAN"": 0, ""KAKAOPAY"": 0, ""HYUNDAI"": 0, ""KB"": 0, ""MERITZ"": 0, ""DB"": 0, ""SAMSUNG"": 0}"
priority_injury,monte_carlo,all,0.0,61,SHINHAN|KAKAOPAY|HYUNDAI|KB|MERITZ|DB|SAMSUNG,True,True,True,0.0,0,1.0,1.0,"{""SHINHAN"": 0, ""KAKAOPAY"": 0, ""HYUNDAI"": 0, ""KB"": 0, ""MERITZ"": 0, ""DB"": 0, ""SAMSUNG"": 0}"
priority_injury,monte_carlo,all,0.0,62,SHINHAN|KAKAOPAY|HYUNDAI|KB|DB|MERITZ|SAMSUNG,True,True,True,0.2857142857142857,1,0.9047619047619048,0.9642857142857143,"{""SHINHAN"": 0, ""KAKAOPAY"": 0, ""HYUNDAI"": 0, ""KB"": 0, ""MERITZ"": 1, ""DB"": -1, ""SAMSUNG"": 0}"
priority_injury,monte_carlo,all,0.0,63,SHINHAN|KAKAOPAY|HYUNDAI|KB|MERITZ|DB|SAMSUNG,True,True,True,0.0,0,1.0,1.0,"{""SHINHAN"": 0, ""KAKAOPAY"": 0, ""HYUNDAI"": 0, ""KB"": 0, ""MERITZ"": 0, ""DB"": 0, ""SAMSUNG"": 0}"
priority_injury,monte_carlo,all,0.0,64,SHINHAN|KAKAOPAY|HYUNDAI|KB|MERITZ|DB|SAMSUNG,True,True,True,0.0,0,1.0,1.0,"{""SHINHAN"": 0, ""KAKAOPAY"": 0, ""HYUNDAI"": 0, ""KB"": 0, ""MERITZ"": 0, ""DB"": 0, ""SAMSUNG"": 0}"
priority_injury,monte_carlo,all,0.0,65,SHINHAN|KAKAOPAY|HYUNDAI|KB|DB|MERITZ|SAMSUNG,True,True,True,0.2857142857142857,1,0.9047619047619048,0.9642857142857143,"{""SHINHAN"": 0, ""KAKAOPAY"": 0, ""HYUNDAI"": 0, ""KB"": 0, ""MERITZ"": 1, ""DB"": -1, ""SAMSUNG"": 0}"
priority_injury,monte_carlo,all,0.0,66,SHINHAN|KAKAOPAY|HYUNDAI|KB|MERITZ|DB|SAMSUNG,True,True,True,0.0,0,1.0,1.0,"{""SHINHAN"": 0, ""KAKAOPAY"": 0, ""HYUNDAI"": 0, ""KB"": 0, ""MERITZ"": 0, ""DB"": 0, ""SAMSUNG"": 0}"
priority_injury,monte_carlo,all,0.0,67,SHINHAN|KAKAOPAY|HYUNDAI|KB|MERITZ|DB|SAMSUNG,True,True,True,0.0,0,1.0,1.0,"{""SHINHAN"": 0, ""KAKAOPAY"": 0, ""HYUNDAI"": 0, ""KB"": 0, ""MERITZ"": 0, ""DB"": 0, ""SAMSUNG"": 0}"
priority_injury,monte_carlo,all,0.0,68,SHINHAN|KAKAOPAY|HYUNDAI|KB|DB|MERITZ|SAMSUNG,True,True,True,0.2857142857142857,1,0.9047619047619048,0.9642857142857143,"{""SHINHAN"": 0, ""KAKAOPAY"": 0, ""HYUNDAI"": 0, ""KB"": 0, ""MERITZ"": 1, ""DB"": -1, ""SAMSUNG"": 0}"
priority_injury,monte_carlo,all,0.0,69,SHINHAN|KAKAOPAY|HYUNDAI|KB|DB|MERITZ|SAMSUNG,True,True,True,0.2857142857142857,1,0.9047619047619048,0.9642857142857143,"{""SHINHAN"": 0, ""KAKAOPAY"": 0, ""HYUNDAI"": 0, ""KB"": 0, ""MERITZ"": 1, ""DB"": -1, ""SAMSUNG"": 0}"
priority_injury,monte_carlo,all,0.0,70,SHINHAN|KAKAOPAY|HYUNDAI|KB|MERITZ|DB|SAMSUNG,True,True,True,0.0,0,1.0,1.0,"{""SHINHAN"": 0, ""KAKAOPAY"": 0, ""HYUNDAI"": 0, ""KB"": 0, ""MERITZ"": 0, ""DB"": 0, ""SAMSUNG"": 0}"
priority_injury,monte_carlo,all,0.0,71,SHINHAN|KAKAOPAY|HYUNDAI|MERITZ|KB|DB|SAMSUNG,True,True,True,0.2857142857142857,1,0.9047619047619048,0.9642857142857143,"{""SHINHAN"": 0, ""KAKAOPAY"": 0, ""HYUNDAI"": 0, ""KB"": 1, ""MERITZ"": -1, ""DB"": 0, ""SAMSUNG"": 0}"
priority_injury,monte_carlo,all,0.0,72,SHINHAN|KAKAOPAY|HYUNDAI|MERITZ|KB|DB|SAMSUNG,True,True,True,0.2857142857142857,1,0.9047619047619048,0.9642857142857143,"{""SHINHAN"": 0, ""KAKAOPAY"": 0, ""HYUNDAI"": 0, ""KB"": 1, ""MERITZ"": -1, ""DB"": 0, ""SAMSUNG"": 0}"
priority_injury,monte_carlo,all,0.0,73,SHINHAN|KAKAOPAY|HYUNDAI|KB|DB|MERITZ|SAMSUNG,True,True,True,0.2857142857142857,1,0.9047619047619048,0.9642857142857143,"{""SHINHAN"": 0, ""KAKAOPAY"": 0, ""HYUNDAI"": 0, ""KB"": 0, ""MERITZ"": 1, ""DB"": -1, ""SAMSUNG"": 0}"
priority_injury,monte_carlo,all,0.0,74,SHINHAN|KAKAOPAY|HYUNDAI|KB|DB|MERITZ|SAMSUNG,True,True,True,0.2857142857142857,1,0.9047619047619048,0.9642857142857143,"{""SHINHAN"": 0, ""KAKAOPAY"": 0, ""HYUNDAI"": 0, ""KB"": 0, ""MERITZ"": 1, ""DB"": -1, ""SAMSUNG"": 0}"
priority_injury,monte_carlo,all,0.0,75,SHINHAN|KAKAOPAY|HYUNDAI|KB|MERITZ|DB|SAMSUNG,True,True,True,0.0,0,1.0,1.0,"{""SHINHAN"": 0, ""KAKAOPAY"": 0, ""HYUNDAI"": 0, ""KB"": 0, ""MERITZ"": 0, ""DB"": 0, ""SAMSUNG"": 0}"
priority_injury,monte_carlo,all,0.0,76,SHINHAN|KAKAOPAY|HYUNDAI|KB|MERITZ|DB|SAMSUNG,True,True,True,0.0,0,1.0,1.0,"{""SHINHAN"": 0, ""KAKAOPAY"": 0, ""HYUNDAI"": 0, ""KB"": 0, ""MERITZ"": 0, ""DB"": 0, ""SAMSUNG"": 0}"
priority_injury,monte_carlo,all,0.0,77,SHINHAN|KAKAOPAY|HYUNDAI|KB|MERITZ|DB|SAMSUNG,True,True,True,0.0,0,1.0,1.0,"{""SHINHAN"": 0, ""KAKAOPAY"": 0, ""HYUNDAI"": 0, ""KB"": 0, ""MERITZ"": 0, ""DB"": 0, ""SAMSUNG"": 0}"
priority_injury,monte_carlo,all,0.0,78,SHINHAN|KAKAOPAY|HYUNDAI|MERITZ|KB|DB|SAMSUNG,True,True,True,0.2857142857142857,1,0.9047619047619048,0.9642857142857143,"{""SHINHAN"": 0, ""KAKAOPAY"": 0, ""HYUNDAI"": 0, ""KB"": 1, ""MERITZ"": -1, ""DB"": 0, ""SAMSUNG"": 0}"
priority_injury,monte_carlo,all,0.0,79,SHINHAN|KAKAOPAY|HYUNDAI|KB|MERITZ|DB|SAMSUNG,True,True,True,0.0,0,1.0,1.0,"{""SHINHAN"": 0, ""KAKAOPAY"": 0, ""HYUNDAI"": 0, ""KB"": 0, ""MERITZ"": 0, ""DB"": 0, ""SAMSUNG"": 0}"
priority_injury,monte_carlo,all,0.0,80,SHINHAN|KAKAOPAY|HYUNDAI|KB|DB|MERITZ|SAMSUNG,True,True,True,0.2857142857142857,1,0.9047619047619048,0.9642857142857143,"{""SHINHAN"": 0, ""KAKAOPAY"": 0, ""HYUNDAI"": 0, ""KB"": 0, ""MERITZ"": 1, ""DB"": -1, ""SAMSUNG"": 0}"
priority_injury,monte_carlo,all,0.0,81,SHINHAN|KAKAOPAY|HYUNDAI|KB|MERITZ|DB|SAMSUNG,True,True,True,0.0,0,1.0,1.0,"{""SHINHAN"": 0, ""KAKAOPAY"": 0, ""HYUNDAI"": 0, ""KB"": 0, ""MERITZ"": 0, ""DB"": 0, ""SAMSUNG"": 0}"
priority_injury,monte_carlo,all,0.0,82,SHINHAN|KAKAOPAY|HYUNDAI|KB|MERITZ|DB|SAMSUNG,True,True,True,0.0,0,1.0,1.0,"{""SHINHAN"": 0, ""KAKAOPAY"": 0, ""HYUNDAI"": 0, ""KB"": 0, ""MERITZ"": 0, ""DB"": 0, ""SAMSUNG"": 0}"
priority_injury,monte_carlo,all,0.0,83,SHINHAN|KAKAOPAY|HYUNDAI|KB|MERITZ|DB|SAMSUNG,True,True,True,0.0,0,1.0,1.0,"{""SHINHAN"": 0, ""KAKAOPAY"": 0, ""HYUNDAI"": 0, ""KB"": 0, ""MERITZ"": 0, ""DB"": 0, ""SAMSUNG"": 0}"
priority_injury,monte_carlo,all,0.0,84,SHINHAN|KAKAOPAY|HYUNDAI|KB|MERITZ|DB|SAMSUNG,True,True,True,0.0,0,1.0,1.0,"{""SHINHAN"": 0, ""KAKAOPAY"": 0, ""HYUNDAI"": 0, ""KB"": 0, ""MERITZ"": 0, ""DB"": 0, ""SAMSUNG"": 0}"
priority_injury,monte_carlo,all,0.0,85,SHINHAN|KAKAOPAY|HYUNDAI|KB|DB|MERITZ|SAMSUNG,True,True,True,0.2857142857142857,1,0.9047619047619048,0.9642857142857143,"{""SHINHAN"": 0, ""KAKAOPAY"": 0, ""HYUNDAI"": 0, ""KB"": 0, ""MERITZ"": 1, ""DB"": -1, ""SAMSUNG"": 0}"
priority_injury,monte_carlo,all,0.0,86,SHINHAN|KAKAOPAY|HYUNDAI|KB|MERITZ|DB|SAMSUNG,True,True,True,0.0,0,1.0,1.0,"{""SHINHAN"": 0, ""KAKAOPAY"": 0, ""HYUNDAI"": 0, ""KB"": 0, ""MERITZ"": 0, ""DB"": 0, ""SAMSUNG"": 0}"
priority_injury,monte_carlo,all,0.0,87,SHINHAN|KAKAOPAY|HYUNDAI|KB|DB|MERITZ|SAMSUNG,True,True,True,0.2857142857142857,1,0.9047619047619048,0.9642857142857143,"{""SHINHAN"": 0, ""KAKAOPAY"": 0, ""HYUNDAI"": 0, ""KB"": 0, ""MERITZ"": 1, ""DB"": -1, ""SAMSUNG"": 0}"
priority_injury,monte_carlo,all,0.0,88,SHINHAN|KAKAOPAY|HYUNDAI|KB|MERITZ|DB|SAMSUNG,True,True,True,0.0,0,1.0,1.0,"{""SHINHAN"": 0, ""KAKAOPAY"": 0, ""HYUNDAI"": 0, ""KB"": 0, ""MERITZ"": 0, ""DB"": 0, ""SAMSUNG"": 0}"
priority_injury,monte_carlo,all,0.0,89,SHINHAN|KAKAOPAY|HYUNDAI|MERITZ|KB|DB|SAMSUNG,True,True,True,0.2857142857142857,1,0.9047619047619048,0.9642857142857143,"{""SHINHAN"": 0, ""KAKAOPAY"": 0, ""HYUNDAI"": 0, ""KB"": 1, ""MERITZ"": -1, ""DB"": 0, ""SAMSUNG"": 0}"
priority_injury,monte_carlo,all,0.0,90,SHINHAN|KAKAOPAY|HYUNDAI|KB|DB|MERITZ|SAMSUNG,True,True,True,0.2857142857142857,1,0.9047619047619048,0.9642857142857143,"{""SHINHAN"": 0, ""KAKAOPAY"": 0, ""HYUNDAI"": 0, ""KB"": 0, ""MERITZ"": 1, ""DB"": -1, ""SAMSUNG"": 0}"
priority_injury,monte_carlo,all,0.0,91,SHINHAN|KAKAOPAY|HYUNDAI|KB|MERITZ|DB|SAMSUNG,True,True,True,0.0,0,1.0,1.0,"{""SHINHAN"": 0, ""KAKAOPAY"": 0, ""HYUNDAI"": 0, ""KB"": 0, ""MERITZ"": 0, ""DB"": 0, ""SAMSUNG"": 0}"
priority_injury,monte_carlo,all,0.0,92,SHINHAN|KAKAOPAY|HYUNDAI|KB|MERITZ|DB|SAMSUNG,True,True,True,0.0,0,1.0,1.0,"{""SHINHAN"": 0, ""KAKAOPAY"": 0, ""HYUNDAI"": 0, ""KB"": 0, ""MERITZ"": 0, ""DB"": 0, ""SAMSUNG"": 0}"
priority_injury,monte_carlo,all,0.0,93,SHINHAN|KAKAOPAY|HYUNDAI|KB|MERITZ|DB|SAMSUNG,True,True,True,0.0,0,1.0,1.0,"{""SHINHAN"": 0, ""KAKAOPAY"": 0, ""HYUNDAI"": 0, ""KB"": 0, ""MERITZ"": 0, ""DB"": 0, ""SAMSUNG"": 0}"
priority_injury,monte_carlo,all,0.0,94,SHINHAN|KAKAOPAY|HYUNDAI|KB|MERITZ|DB|SAMSUNG,True,True,True,0.0,0,1.0,1.0,"{""SHINHAN"": 0, ""KAKAOPAY"": 0, ""HYUNDAI"": 0, ""KB"": 0, ""MERITZ"": 0, ""DB"": 0, ""SAMSUNG"": 0}"
priority_injury,monte_carlo,all,0.0,95,SHINHAN|KAKAOPAY|HYUNDAI|KB|MERITZ|DB|SAMSUNG,True,True,True,0.0,0,1.0,1.0,"{""SHINHAN"": 0, ""KAKAOPAY"": 0, ""HYUNDAI"": 0, ""KB"": 0, ""MERITZ"": 0, ""DB"": 0, ""SAMSUNG"": 0}"
priority_injury,monte_carlo,all,0.0,96,SHINHAN|KAKAOPAY|HYUNDAI|KB|MERITZ|DB|SAMSUNG,True,True,True,0.0,0,1.0,1.0,"{""SHINHAN"": 0, ""KAKAOPAY"": 0, ""HYUNDAI"": 0, ""KB"": 0, ""MERITZ"": 0, ""DB"": 0, ""SAMSUNG"": 0}"
priority_injury,monte_carlo,all,0.0,97,SHINHAN|KAKAOPAY|HYUNDAI|KB|MERITZ|DB|SAMSUNG,True,True,True,0.0,0,1.0,1.0,"{""SHINHAN"": 0, ""KAKAOPAY"": 0, ""HYUNDAI"": 0, ""KB"": 0, ""MERITZ"": 0, ""DB"": 0, ""SAMSUNG"": 0}"
priority_injury,monte_carlo,all,0.0,98,SHINHAN|KAKAOPAY|HYUNDAI|KB|MERITZ|DB|SAMSUNG,True,True,True,0.0,0,1.0,1.0,"{""SHINHAN"": 0, ""KAKAOPAY"": 0, ""HYUNDAI"": 0, ""KB"": 0, ""MERITZ"": 0, ""DB"": 0, ""SAMSUNG"": 0}"
priority_injury,monte_carlo,all,0.0,99,SHINHAN|KAKAOPAY|HYUNDAI|KB|MERITZ|DB|SAMSUNG,True,True,True,0.0,0,1.0,1.0,"{""SHINHAN"": 0, ""KAKAOPAY"": 0, ""HYUNDAI"": 0, ""KB"": 0, ""MERITZ"": 0, ""DB"": 0, ""SAMSUNG"": 0}"
priority_injury,monte_carlo,all,0.0,100,SHINHAN|KAKAOPAY|HYUNDAI|KB|MERITZ|DB|SAMSUNG,True,True,True,0.0,0,1.0,1.0,"{""SHINHAN"": 0, ""KAKAOPAY"": 0, ""HYUNDAI"": 0, ""KB"": 0, ""MERITZ"": 0, ""DB"": 0, ""SAMSUNG"": 0}"
priority_injury,monte_carlo,all,0.0,101,SHINHAN|KAKAOPAY|HYUNDAI|KB|DB|MERITZ|SAMSUNG,True,True,True,0.2857142857142857,1,0.9047619047619048,0.9642857142857143,"{""SHINHAN"": 0, ""KAKAOPAY"": 0, ""HYUNDAI"": 0, ""KB"": 0, ""MERITZ"": 1, ""DB"": -1, ""SAMSUNG"": 0}"
priority_injury,monte_carlo,all,0.0,102,SHINHAN|KAKAOPAY|HYUNDAI|KB|MERITZ|DB|SAMSUNG,True,True,True,0.0,0,1.0,1.0,"{""SHINHAN"": 0, ""KAKAOPAY"": 0, ""HYUNDAI"": 0, ""KB"": 0, ""MERITZ"": 0, ""DB"": 0, ""SAMSUNG"": 0}"
priority_injury,monte_carlo,all,0.0,103,SHINHAN|KAKAOPAY|HYUNDAI|KB|MERITZ|DB|SAMSUNG,True,True,True,0.0,0,1.0,1.0,"{""SHINHAN"": 0, ""KAKAOPAY"": 0, ""HYUNDAI"": 0, ""KB"": 0, ""MERITZ"": 0, ""DB"": 0, ""SAMSUNG"": 0}"
priority_injury,monte_carlo,all,0.0,104,SHINHAN|KAKAOPAY|HYUNDAI|KB|MERITZ|DB|SAMSUNG,True,True,True,0.0,0,1.0,1.0,"{""SHINHAN"": 0, ""KAKAOPAY"": 0, ""HYUNDAI"": 0, ""KB"": 0, ""MERITZ"": 0, ""DB"": 0, ""SAMSUNG"": 0}"
priority_injury,monte_carlo,all,0.0,105,SHINHAN|KAKAOPAY|HYUNDAI|KB|MERITZ|DB|SAMSUNG,True,True,True,0.0,0,1.0,1.0,"{""SHINHAN"": 0, ""KAKAOPAY"": 0, ""HYUNDAI"": 0, ""KB"": 0, ""MERITZ"": 0, ""DB"": 0, ""SAMSUNG"": 0}"
priority_injury,monte_carlo,all,0.0,106,SHINHAN|KAKAOPAY|HYUNDAI|KB|MERITZ|DB|SAMSUNG,True,True,True,0.0,0,1.0,1.0,"{""SHINHAN"": 0, ""KAKAOPAY"": 0, ""HYUNDAI"": 0, ""KB"": 0, ""MERITZ"": 0, ""DB"": 0, ""SAMSUNG"": 0}"
priority_injury,monte_carlo,all,0.0,107,SHINHAN|KAKAOPAY|HYUNDAI|KB|DB|MERITZ|SAMSUNG,True,True,True,0.2857142857142857,1,0.9047619047619048,0.9642857142857143,"{""SHINHAN"": 0, ""KAKAOPAY"": 0, ""HYUNDAI"": 0, ""KB"": 0, ""MERITZ"": 1, ""DB"": -1, ""SAMSUNG"": 0}"
priority_injury,monte_carlo,all,0.0,108,SHINHAN|KAKAOPAY|HYUNDAI|KB|DB|MERITZ|SAMSUNG,True,True,True,0.2857142857142857,1,0.9047619047619048,0.9642857142857143,"{""SHINHAN"": 0, ""KAKAOPAY"": 0, ""HYUNDAI"": 0, ""KB"": 0, ""MERITZ"": 1, ""DB"": -1, ""SAMSUNG"": 0}"
priority_injury,monte_carlo,all,0.0,109,SHINHAN|KAKAOPAY|HYUNDAI|KB|MERITZ|DB|SAMSUNG,True,True,True,0.0,0,1.0,1.0,"{""SHINHAN"": 0, ""KAKAOPAY"": 0, ""HYUNDAI"": 0, ""KB"": 0, ""MERITZ"": 0, ""DB"": 0, ""SAMSUNG"": 0}"
priority_injury,monte_carlo,all,0.0,110,SHINHAN|KAKAOPAY|HYUNDAI|KB|MERITZ|DB|SAMSUNG,True,True,True,0.0,0,1.0,1.0,"{""SHINHAN"": 0, ""KAKAOPAY"": 0, ""HYUNDAI"": 0, ""KB"": 0, ""MERITZ"": 0, ""DB"": 0, ""SAMSUNG"": 0}"
priority_injury,monte_carlo,all,0.0,111,SHINHAN|KAKAOPAY|HYUNDAI|KB|DB|MERITZ|SAMSUNG,True,True,True,0.2857142857142857,1,0.9047619047619048,0.9642857142857143,"{""SHINHAN"": 0, ""KAKAOPAY"": 0, ""HYUNDAI"": 0, ""KB"": 0, ""MERITZ"": 1, ""DB"": -1, ""SAMSUNG"": 0}"
priority_injury,monte_carlo,all,0.0,112,SHINHAN|KAKAOPAY|HYUNDAI|MERITZ|KB|DB|SAMSUNG,True,True,True,0.2857142857142857,1,0.9047619047619048,0.9642857142857143,"{""SHINHAN"": 0, ""KAKAOPAY"": 0, ""HYUNDAI"": 0, ""KB"": 1, ""MERITZ"": -1, ""DB"": 0, ""SAMSUNG"": 0}"
priority_injury,monte_carlo,all,0.0,113,SHINHAN|KAKAOPAY|HYUNDAI|KB|MERITZ|DB|SAMSUNG,True,True,True,0.0,0,1.0,1.0,"{""SHINHAN"": 0, ""KAKAOPAY"": 0, ""HYUNDAI"": 0, ""KB"": 0, ""MERITZ"": 0, ""DB"": 0, ""SAMSUNG"": 0}"
priority_injury,monte_carlo,all,0.0,114,SHINHAN|KAKAOPAY|HYUNDAI|KB|MERITZ|DB|SAMSUNG,True,True,True,0.0,0,1.0,1.0,"{""SHINHAN"": 0, ""KAKAOPAY"": 0, ""HYUNDAI"": 0, ""KB"": 0, ""MERITZ"": 0, ""DB"": 0, ""SAMSUNG"": 0}"
priority_injury,monte_carlo,all,0.0,115,SHINHAN|KAKAOPAY|HYUNDAI|KB|DB|MERITZ|SAMSUNG,True,True,True,0.2857142857142857,1,0.9047619047619048,0.9642857142857143,"{""SHINHAN"": 0, ""KAKAOPAY"": 0, ""HYUNDAI"": 0, ""KB"": 0, ""MERITZ"": 1, ""DB"": -1, ""SAMSUNG"": 0}"
priority_injury,monte_carlo,all,0.0,116,SHINHAN|KAKAOPAY|HYUNDAI|KB|MERITZ|DB|SAMSUNG,True,True,True,0.0,0,1.0,1.0,"{""SHINHAN"": 0, ""KAKAOPAY"": 0, ""HYUNDAI"": 0, ""KB"": 0, ""MERITZ"": 0, ""DB"": 0, ""SAMSUNG"": 0}"
priority_injury,monte_carlo,all,0.0,117,SHINHAN|KAKAOPAY|HYUNDAI|KB|DB|MERITZ|SAMSUNG,True,True,True,0.2857142857142857,1,0.9047619047619048,0.9642857142857143,"{""SHINHAN"": 0, ""KAKAOPAY"": 0, ""HYUNDAI"": 0, ""KB"": 0, ""MERITZ"": 1, ""DB"": -1, ""SAMSUNG"": 0}"
priority_injury,monte_carlo,all,0.0,118,SHINHAN|KAKAOPAY|HYUNDAI|KB|MERITZ|DB|SAMSUNG,True,True,True,0.0,0,1.0,1.0,"{""SHINHAN"": 0, ""KAKAOPAY"": 0, ""HYUNDAI"": 0, ""KB"": 0, ""MERITZ"": 0, ""DB"": 0, ""SAMSUNG"": 0}"
priority_injury,monte_carlo,all,0.0,119,SHINHAN|KAKAOPAY|HYUNDAI|KB|MERITZ|DB|SAMSUNG,True,True,True,0.0,0,1.0,1.0,"{""SHINHAN"": 0, ""KAKAOPAY"": 0, ""HYUNDAI"": 0, ""KB"": 0, ""MERITZ"": 0, ""DB"": 0, ""SAMSUNG"": 0}"
priority_injury,monte_carlo,all,0.0,120,SHINHAN|KAKAOPAY|HYUNDAI|KB|MERITZ|DB|SAMSUNG,True,True,True,0.0,0,1.0,1.0,"{""SHINHAN"": 0, ""KAKAOPAY"": 0, ""HYUNDAI"": 0, ""KB"": 0, ""MERITZ"": 0, ""DB"": 0, ""SAMSUNG"": 0}"
priority_injury,monte_carlo,all,0.0,121,SHINHAN|KAKAOPAY|HYUNDAI|MERITZ|KB|DB|SAMSUNG,True,True,True,0.2857142857142857,1,0.9047619047619048,0.9642857142857143,"{""SHINHAN"": 0, ""KAKAOPAY"": 0, ""HYUNDAI"": 0, ""KB"": 1, ""MERITZ"": -1, ""DB"": 0, ""SAMSUNG"": 0}"
priority_injury,monte_carlo,all,0.0,122,SHINHAN|KAKAOPAY|HYUNDAI|MERITZ|KB|DB|SAMSUNG,True,True,True,0.2857142857142857,1,0.9047619047619048,0.9642857142857143,"{""SHINHAN"": 0, ""KAKAOPAY"": 0, ""HYUNDAI"": 0, ""KB"": 1, ""MERITZ"": -1, ""DB"": 0, ""SAMSUNG"": 0}"
priority_injury,monte_carlo,all,0.0,123,SHINHAN|KAKAOPAY|HYUNDAI|KB|MERITZ|DB|SAMSUNG,True,True,True,0.0,0,1.0,1.0,"{""SHINHAN"": 0, ""KAKAOPAY"": 0, ""HYUNDAI"": 0, ""KB"": 0, ""MERITZ"": 0, ""DB"": 0, ""SAMSUNG"": 0}"
priority_injury,monte_carlo,all,0.0,124,SHINHAN|KAKAOPAY|HYUNDAI|KB|MERITZ|DB|SAMSUNG,True,True,True,0.0,0,1.0,1.0,"{""SHINHAN"": 0, ""KAKAOPAY"": 0, ""HYUNDAI"": 0, ""KB"": 0, ""MERITZ"": 0, ""DB"": 0, ""SAMSUNG"": 0}"
priority_injury,monte_carlo,all,0.0,125,SHINHAN|KAKAOPAY|HYUNDAI|MERITZ|KB|DB|SAMSUNG,True,True,True,0.2857142857142857,1,0.9047619047619048,0.9642857142857143,"{""SHINHAN"": 0, ""KAKAOPAY"": 0, ""HYUNDAI"": 0, ""KB"": 1, ""MERITZ"": -1, ""DB"": 0, ""SAMSUNG"": 0}"
priority_injury,monte_carlo,all,0.0,126,SHINHAN|KAKAOPAY|HYUNDAI|MERITZ|KB|DB|SAMSUNG,True,True,True,0.2857142857142857,1,0.9047619047619048,0.9642857142857143,"{""SHINHAN"": 0, ""KAKAOPAY"": 0, ""HYUNDAI"": 0, ""KB"": 1, ""MERITZ"": -1, ""DB"": 0, ""SAMSUNG"": 0}"
priority_injury,monte_carlo,all,0.0,127,SHINHAN|KAKAOPAY|HYUNDAI|MERITZ|KB|DB|SAMSUNG,True,True,True,0.2857142857142857,1,0.9047619047619048,0.9642857142857143,"{""SHINHAN"": 0, ""KAKAOPAY"": 0, ""HYUNDAI"": 0, ""KB"": 1, ""MERITZ"": -1, ""DB"": 0, ""SAMSUNG"": 0}"
priority_injury,monte_carlo,all,0.0,128,SHINHAN|KAKAOPAY|HYUNDAI|KB|MERITZ|DB|SAMSUNG,True,True,True,0.0,0,1.0,1.0,"{""SHINHAN"": 0, ""KAKAOPAY"": 0, ""HYUNDAI"": 0, ""KB"": 0, ""MERITZ"": 0, ""DB"": 0, ""SAMSUNG"": 0}"
priority_injury,monte_carlo,all,0.0,129,SHINHAN|KAKAOPAY|HYUNDAI|KB|MERITZ|DB|SAMSUNG,True,True,True,0.0,0,1.0,1.0,"{""SHINHAN"": 0, ""KAKAOPAY"": 0, ""HYUNDAI"": 0, ""KB"": 0, ""MERITZ"": 0, ""DB"": 0, ""SAMSUNG"": 0}"
priority_injury,monte_carlo,all,0.0,130,SHINHAN|KAKAOPAY|HYUNDAI|KB|DB|MERITZ|SAMSUNG,True,True,True,0.2857142857142857,1,0.9047619047619048,0.9642857142857143,"{""SHINHAN"": 0, ""KAKAOPAY"": 0, ""HYUNDAI"": 0, ""KB"": 0, ""MERITZ"": 1, ""DB"": -1, ""SAMSUNG"": 0}"
priority_injury,monte_carlo,all,0.0,131,SHINHAN|KAKAOPAY|HYUNDAI|KB|MERITZ|DB|SAMSUNG,True,True,True,0.0,0,1.0,1.0,"{""SHINHAN"": 0, ""KAKAOPAY"": 0, ""HYUNDAI"": 0, ""KB"": 0, ""MERITZ"": 0, ""DB"": 0, ""SAMSUNG"": 0}"
priority_injury,monte_carlo,all,0.0,132,SHINHAN|KAKAOPAY|HYUNDAI|KB|DB|MERITZ|SAMSUNG,True,True,True,0.2857142857142857,1,0.9047619047619048,0.9642857142857143,"{""SHINHAN"": 0, ""KAKAOPAY"": 0, ""HYUNDAI"": 0, ""KB"": 0, ""MERITZ"": 1, ""DB"": -1, ""SAMSUNG"": 0}"
priority_injury,monte_carlo,all,0.0,133,SHINHAN|KAKAOPAY|HYUNDAI|KB|MERITZ|DB|SAMSUNG,True,True,True,0.0,0,1.0,1.0,"{""SHINHAN"": 0, ""KAKAOPAY"": 0, ""HYUNDAI"": 0, ""KB"": 0, ""MERITZ"": 0, ""DB"": 0, ""SAMSUNG"": 0}"
priority_injury,monte_carlo,all,0.0,134,SHINHAN|KAKAOPAY|HYUNDAI|MERITZ|KB|DB|SAMSUNG,True,True,True,0.2857142857142857,1,0.9047619047619048,0.9642857142857143,"{""SHINHAN"": 0, ""KAKAOPAY"": 0, ""HYUNDAI"": 0, ""KB"": 1, ""MERITZ"": -1, ""DB"": 0, ""SAMSUNG"": 0}"
priority_injury,monte_carlo,all,0.0,135,SHINHAN|KAKAOPAY|HYUNDAI|KB|DB|MERITZ|SAMSUNG,True,True,True,0.2857142857142857,1,0.9047619047619048,0.9642857142857143,"{""SHINHAN"": 0, ""KAKAOPAY"": 0, ""HYUNDAI"": 0, ""KB"": 0, ""MERITZ"": 1, ""DB"": -1, ""SAMSUNG"": 0}"
priority_injury,monte_carlo,all,0.0,136,SHINHAN|KAKAOPAY|HYUNDAI|KB|DB|MERITZ|SAMSUNG,True,True,True,0.2857142857142857,1,0.9047619047619048,0.9642857142857143,"{""SHINHAN"": 0, ""KAKAOPAY"": 0, ""HYUNDAI"": 0, ""KB"": 0, ""MERITZ"": 1, ""DB"": -1, ""SAMSUNG"": 0}"
priority_injury,monte_carlo,all,0.0,137,SHINHAN|KAKAOPAY|HYUNDAI|MERITZ|KB|DB|SAMSUNG,True,True,True,0.2857142857142857,1,0.9047619047619048,0.9642857142857143,"{""SHINHAN"": 0, ""KAKAOPAY"": 0, ""HYUNDAI"": 0, ""KB"": 1, ""MERITZ"": -1, ""DB"": 0, ""SAMSUNG"": 0}"
priority_injury,monte_carlo,all,0.0,138,SHINHAN|KAKAOPAY|HYUNDAI|KB|MERITZ|DB|SAMSUNG,True,True,True,0.0,0,1.0,1.0,"{""SHINHAN"": 0, ""KAKAOPAY"": 0, ""HYUNDAI"": 0, ""KB"": 0, ""MERITZ"": 0, ""DB"": 0, ""SAMSUNG"": 0}"
priority_injury,monte_carlo,all,0.0,139,SHINHAN|KAKAOPAY|HYUNDAI|KB|DB|MERITZ|SAMSUNG,True,True,True,0.2857142857142857,1,0.9047619047619048,0.9642857142857143,"{""SHINHAN"": 0, ""KAKAOPAY"": 0, ""HYUNDAI"": 0, ""KB"": 0, ""MERITZ"": 1, ""DB"": -1, ""SAMSUNG"": 0}"
priority_injury,monte_carlo,all,0.0,140,SHINHAN|KAKAOPAY|HYUNDAI|KB|DB|MERITZ|SAMSUNG,True,True,True,0.2857142857142857,1,0.9047619047619048,0.9642857142857143,"{""SHINHAN"": 0, ""KAKAOPAY"": 0, ""HYUNDAI"": 0, ""KB"": 0, ""MERITZ"": 1, ""DB"": -1, ""SAMSUNG"": 0}"
priority_injury,monte_carlo,all,0.0,141,SHINHAN|KAKAOPAY|HYUNDAI|KB|MERITZ|DB|SAMSUNG,True,True,True,0.0,0,1.0,1.0,"{""SHINHAN"": 0, ""KAKAOPAY"": 0, ""HYUNDAI"": 0, ""KB"": 0, ""MERITZ"": 0, ""DB"": 0, ""SAMSUNG"": 0}"
priority_injury,monte_carlo,all,0.0,142,SHINHAN|KAKAOPAY|HYUNDAI|KB|DB|MERITZ|SAMSUNG,True,True,True,0.2857142857142857,1,0.9047619047619048,0.9642857142857143,"{""SHINHAN"": 0, ""KAKAOPAY"": 0, ""HYUNDAI"": 0, ""KB"": 0, ""MERITZ"": 1, ""DB"": -1, ""SAMSUNG"": 0}"
priority_injury,monte_carlo,all,0.0,143,SHINHAN|KAKAOPAY|HYUNDAI|KB|MERITZ|DB|SAMSUNG,True,True,True,0.0,0,1.0,1.0,"{""SHINHAN"": 0, ""KAKAOPAY"": 0, ""HYUNDAI"": 0, ""KB"": 0, ""MERITZ"": 0, ""DB"": 0, ""SAMSUNG"": 0}"
priority_injury,monte_carlo,all,0.0,144,SHINHAN|KAKAOPAY|HYUNDAI|KB|MERITZ|DB|SAMSUNG,True,True,True,0.0,0,1.0,1.0,"{""SHINHAN"": 0, ""KAKAOPAY"": 0, ""HYUNDAI"": 0, ""KB"": 0, ""MERITZ"": 0, ""DB"": 0, ""SAMSUNG"": 0}"
priority_injury,monte_carlo,all,0.0,145,SHINHAN|KAKAOPAY|HYUNDAI|MERITZ|KB|DB|SAMSUNG,True,True,True,0.2857142857142857,1,0.9047619047619048,0.9642857142857143,"{""SHINHAN"": 0, ""KAKAOPAY"": 0, ""HYUNDAI"": 0, ""KB"": 1, ""MERITZ"": -1, ""DB"": 0, ""SAMSUNG"": 0}"
priority_injury,monte_carlo,all,0.0,146,SHINHAN|KAKAOPAY|HYUNDAI|KB|MERITZ|DB|SAMSUNG,True,True,True,0.0,0,1.0,1.0,"{""SHINHAN"": 0, ""KAKAOPAY"": 0, ""HYUNDAI"": 0, ""KB"": 0, ""MERITZ"": 0, ""DB"": 0, ""SAMSUNG"": 0}"
priority_injury,monte_carlo,all,0.0,147,SHINHAN|KAKAOPAY|HYUNDAI|KB|MERITZ|DB|SAMSUNG,True,True,True,0.0,0,1.0,1.0,"{""SHINHAN"": 0, ""KAKAOPAY"": 0, ""HYUNDAI"": 0, ""KB"": 0, ""MERITZ"": 0, ""DB"": 0, ""SAMSUNG"": 0}"
priority_injury,monte_carlo,all,0.0,148,SHINHAN|KAKAOPAY|HYUNDAI|KB|DB|MERITZ|SAMSUNG,True,True,True,0.2857142857142857,1,0.9047619047619048,0.9642857142857143,"{""SHINHAN"": 0, ""KAKAOPAY"": 0, ""HYUNDAI"": 0, ""KB"": 0, ""MERITZ"": 1, ""DB"": -1, ""SAMSUNG"": 0}"
priority_injury,monte_carlo,all,0.0,149,SHINHAN|KAKAOPAY|HYUNDAI|KB|MERITZ|DB|SAMSUNG,True,True,True,0.0,0,1.0,1.0,"{""SHINHAN"": 0, ""KAKAOPAY"": 0, ""HYUNDAI"": 0, ""KB"": 0, ""MERITZ"": 0, ""DB"": 0, ""SAMSUNG"": 0}"
priority_injury,monte_carlo,all,0.0,150,SHINHAN|KAKAOPAY|HYUNDAI|KB|MERITZ|DB|SAMSUNG,True,True,True,0.0,0,1.0,1.0,"{""SHINHAN"": 0, ""KAKAOPAY"": 0, ""HYUNDAI"": 0, ""KB"": 0, ""MERITZ"": 0, ""DB"": 0, ""SAMSUNG"": 0}"
priority_injury,monte_carlo,all,0.0,151,SHINHAN|KAKAOPAY|HYUNDAI|KB|MERITZ|DB|SAMSUNG,True,True,True,0.0,0,1.0,1.0,"{""SHINHAN"": 0, ""KAKAOPAY"": 0, ""HYUNDAI"": 0, ""KB"": 0, ""MERITZ"": 0, ""DB"": 0, ""SAMSUNG"": 0}"
priority_injury,monte_carlo,all,0.0,152,SHINHAN|KAKAOPAY|HYUNDAI|KB|MERITZ|DB|SAMSUNG,True,True,True,0.0,0,1.0,1.0,"{""SHINHAN"": 0, ""KAKAOPAY"": 0, ""HYUNDAI"": 0, ""KB"": 0, ""MERITZ"": 0, ""DB"": 0, ""SAMSUNG"": 0}"
priority_injury,monte_carlo,all,0.0,153,SHINHAN|KAKAOPAY|HYUNDAI|KB|MERITZ|DB|SAMSUNG,True,True,True,0.0,0,1.0,1.0,"{""SHINHAN"": 0, ""KAKAOPAY"": 0, ""HYUNDAI"": 0, ""KB"": 0, ""MERITZ"": 0, ""DB"": 0, ""SAMSUNG"": 0}"
priority_injury,monte_carlo,all,0.0,154,SHINHAN|KAKAOPAY|HYUNDAI|KB|MERITZ|DB|SAMSUNG,True,True,True,0.0,0,1.0,1.0,"{""SHINHAN"": 0, ""KAKAOPAY"": 0, ""HYUNDAI"": 0, ""KB"": 0, ""MERITZ"": 0, ""DB"": 0, ""SAMSUNG"": 0}"
priority_injury,monte_carlo,all,0.0,155,SHINHAN|KAKAOPAY|HYUNDAI|KB|DB|MERITZ|SAMSUNG,True,True,True,0.2857142857142857,1,0.9047619047619048,0.9642857142857143,"{""SHINHAN"": 0, ""KAKAOPAY"": 0, ""HYUNDAI"": 0, ""KB"": 0, ""MERITZ"": 1, ""DB"": -1, ""SAMSUNG"": 0}"
priority_injury,monte_carlo,all,0.0,156,SHINHAN|KAKAOPAY|HYUNDAI|KB|DB|MERITZ|SAMSUNG,True,True,True,0.2857142857142857,1,0.9047619047619048,0.9642857142857143,"{""SHINHAN"": 0, ""KAKAOPAY"": 0, ""HYUNDAI"": 0, ""KB"": 0, ""MERITZ"": 1, ""DB"": -1, ""SAMSUNG"": 0}"
priority_injury,monte_carlo,all,0.0,157,SHINHAN|KAKAOPAY|HYUNDAI|KB|DB|MERITZ|SAMSUNG,True,True,True,0.2857142857142857,1,0.9047619047619048,0.9642857142857143,"{""SHINHAN"": 0, ""KAKAOPAY"": 0, ""HYUNDAI"": 0, ""KB"": 0, ""MERITZ"": 1, ""DB"": -1, ""SAMSUNG"": 0}"
priority_injury,monte_carlo,all,0.0,158,SHINHAN|KAKAOPAY|HYUNDAI|KB|MERITZ|DB|SAMSUNG,True,True,True,0.0,0,1.0,1.0,"{""SHINHAN"": 0, ""KAKAOPAY"": 0, ""HYUNDAI"": 0, ""KB"": 0, ""MERITZ"": 0, ""DB"": 0, ""SAMSUNG"": 0}"
priority_injury,monte_carlo,all,0.0,159,SHINHAN|KAKAOPAY|HYUNDAI|KB|MERITZ|DB|SAMSUNG,True,True,True,0.0,0,1.0,1.0,"{""SHINHAN"": 0, ""KAKAOPAY"": 0, ""HYUNDAI"": 0, ""KB"": 0, ""MERITZ"": 0, ""DB"": 0, ""SAMSUNG"": 0}"
priority_injury,monte_carlo,all,0.0,160,SHINHAN|KAKAOPAY|HYUNDAI|KB|MERITZ|DB|SAMSUNG,True,True,True,0.0,0,1.0,1.0,"{""SHINHAN"": 0, ""KAKAOPAY"": 0, ""HYUNDAI"": 0, ""KB"": 0, ""MERITZ"": 0, ""DB"": 0, ""SAMSUNG"": 0}"
priority_injury,monte_carlo,all,0.0,161,SHINHAN|KAKAOPAY|HYUNDAI|KB|MERITZ|DB|SAMSUNG,True,True,True,0.0,0,1.0,1.0,"{""SHINHAN"": 0, ""KAKAOPAY"": 0, ""HYUNDAI"": 0, ""KB"": 0, ""MERITZ"": 0, ""DB"": 0, ""SAMSUNG"": 0}"
priority_injury,monte_carlo,all,0.0,162,SHINHAN|KAKAOPAY|HYUNDAI|MERITZ|KB|DB|SAMSUNG,True,True,True,0.2857142857142857,1,0.9047619047619048,0.9642857142857143,"{""SHINHAN"": 0, ""KAKAOPAY"": 0, ""HYUNDAI"": 0, ""KB"": 1, ""MERITZ"": -1, ""DB"": 0, ""SAMSUNG"": 0}"
priority_injury,monte_carlo,all,0.0,163,SHINHAN|KAKAOPAY|HYUNDAI|MERITZ|KB|DB|SAMSUNG,True,True,True,0.2857142857142857,1,0.9047619047619048,0.9642857142857143,"{""SHINHAN"": 0, ""KAKAOPAY"": 0, ""HYUNDAI"": 0, ""KB"": 1, ""MERITZ"": -1, ""DB"": 0, ""SAMSUNG"": 0}"
priority_injury,monte_carlo,all,0.0,164,SHINHAN|KAKAOPAY|HYUNDAI|KB|MERITZ|DB|SAMSUNG,True,True,True,0.0,0,1.0,1.0,"{""SHINHAN"": 0, ""KAKAOPAY"": 0, ""HYUNDAI"": 0, ""KB"": 0, ""MERITZ"": 0, ""DB"": 0, ""SAMSUNG"": 0}"
priority_injury,monte_carlo,all,0.0,165,SHINHAN|KAKAOPAY|HYUNDAI|KB|MERITZ|DB|SAMSUNG,True,True,True,0.0,0,1.0,1.0,"{""SHINHAN"": 0, ""KAKAOPAY"": 0, ""HYUNDAI"": 0, ""KB"": 0, ""MERITZ"": 0, ""DB"": 0, ""SAMSUNG"": 0}"
priority_injury,monte_carlo,all,0.0,166,SHINHAN|KAKAOPAY|HYUNDAI|MERITZ|KB|DB|SAMSUNG,True,True,True,0.2857142857142857,1,0.9047619047619048,0.9642857142857143,"{""SHINHAN"": 0, ""KAKAOPAY"": 0, ""HYUNDAI"": 0, ""KB"": 1, ""MERITZ"": -1, ""DB"": 0, ""SAMSUNG"": 0}"
priority_injury,monte_carlo,all,0.0,167,SHINHAN|KAKAOPAY|HYUNDAI|KB|MERITZ|DB|SAMSUNG,True,True,True,0.0,0,1.0,1.0,"{""SHINHAN"": 0, ""KAKAOPAY"": 0, ""HYUNDAI"": 0, ""KB"": 0, ""MERITZ"": 0, ""DB"": 0, ""SAMSUNG"": 0}"
priority_injury,monte_carlo,all,0.0,168,SHINHAN|KAKAOPAY|HYUNDAI|MERITZ|KB|DB|SAMSUNG,True,True,True,0.2857142857142857,1,0.9047619047619048,0.9642857142857143,"{""SHINHAN"": 0, ""KAKAOPAY"": 0, ""HYUNDAI"": 0, ""KB"": 1, ""MERITZ"": -1, ""DB"": 0, ""SAMSUNG"": 0}"
priority_injury,monte_carlo,all,0.0,169,SHINHAN|KAKAOPAY|HYUNDAI|MERITZ|KB|DB|SAMSUNG,True,True,True,0.2857142857142857,1,0.9047619047619048,0.9642857142857143,"{""SHINHAN"": 0, ""KAKAOPAY"": 0, ""HYUNDAI"": 0, ""KB"": 1, ""MERITZ"": -1, ""DB"": 0, ""SAMSUNG"": 0}"
priority_injury,monte_carlo,all,0.0,170,SHINHAN|KAKAOPAY|HYUNDAI|KB|MERITZ|DB|SAMSUNG,True,True,True,0.0,0,1.0,1.0,"{""SHINHAN"": 0, ""KAKAOPAY"": 0, ""HYUNDAI"": 0, ""KB"": 0, ""MERITZ"": 0, ""DB"": 0, ""SAMSUNG"": 0}"
priority_injury,monte_carlo,all,0.0,171,SHINHAN|KAKAOPAY|HYUNDAI|KB|MERITZ|DB|SAMSUNG,True,True,True,0.0,0,1.0,1.0,"{""SHINHAN"": 0, ""KAKAOPAY"": 0, ""HYUNDAI"": 0, ""KB"": 0, ""MERITZ"": 0, ""DB"": 0, ""SAMSUNG"": 0}"
priority_injury,monte_carlo,all,0.0,172,SHINHAN|KAKAOPAY|HYUNDAI|KB|DB|MERITZ|SAMSUNG,True,True,True,0.2857142857142857,1,0.9047619047619048,0.9642857142857143,"{""SHINHAN"": 0, ""KAKAOPAY"": 0, ""HYUNDAI"": 0, ""KB"": 0, ""MERITZ"": 1, ""DB"": -1, ""SAMSUNG"": 0}"
priority_injury,monte_carlo,all,0.0,173,SHINHAN|KAKAOPAY|HYUNDAI|KB|MERITZ|DB|SAMSUNG,True,True,True,0.0,0,1.0,1.0,"{""SHINHAN"": 0, ""KAKAOPAY"": 0, ""HYUNDAI"": 0, ""KB"": 0, ""MERITZ"": 0, ""DB"": 0, ""SAMSUNG"": 0}"
priority_injury,monte_carlo,all,0.0,174,SHINHAN|KAKAOPAY|HYUNDAI|MERITZ|KB|DB|SAMSUNG,True,True,True,0.2857142857142857,1,0.9047619047619048,0.9642857142857143,"{""SHINHAN"": 0, ""KAKAOPAY"": 0, ""HYUNDAI"": 0, ""KB"": 1, ""MERITZ"": -1, ""DB"": 0, ""SAMSUNG"": 0}"
priority_injury,monte_carlo,all,0.0,175,SHINHAN|KAKAOPAY|HYUNDAI|KB|MERITZ|DB|SAMSUNG,True,True,True,0.0,0,1.0,1.0,"{""SHINHAN"": 0, ""KAKAOPAY"": 0, ""HYUNDAI"": 0, ""KB"": 0, ""MERITZ"": 0, ""DB"": 0, ""SAMSUNG"": 0}"
priority_injury,monte_carlo,all,0.0,176,SHINHAN|KAKAOPAY|HYUNDAI|KB|DB|MERITZ|SAMSUNG,True,True,True,0.2857142857142857,1,0.9047619047619048,0.9642857142857143,"{""SHINHAN"": 0, ""KAKAOPAY"": 0, ""HYUNDAI"": 0, ""KB"": 0, ""MERITZ"": 1, ""DB"": -1, ""SAMSUNG"": 0}"
priority_injury,monte_carlo,all,0.0,177,SHINHAN|KAKAOPAY|HYUNDAI|MERITZ|KB|DB|SAMSUNG,True,True,True,0.2857142857142857,1,0.9047619047619048,0.9642857142857143,"{""SHINHAN"": 0, ""KAKAOPAY"": 0, ""HYUNDAI"": 0, ""KB"": 1, ""MERITZ"": -1, ""DB"": 0, ""SAMSUNG"": 0}"
priority_injury,monte_carlo,all,0.0,178,SHINHAN|KAKAOPAY|HYUNDAI|MERITZ|KB|DB|SAMSUNG,True,True,True,0.2857142857142857,1,0.9047619047619048,0.9642857142857143,"{""SHINHAN"": 0, ""KAKAOPAY"": 0, ""HYUNDAI"": 0, ""KB"": 1, ""MERITZ"": -1, ""DB"": 0, ""SAMSUNG"": 0}"
priority_injury,monte_carlo,all,0.0,179,SHINHAN|KAKAOPAY|HYUNDAI|KB|MERITZ|DB|SAMSUNG,True,True,True,0.0,0,1.0,1.0,"{""SHINHAN"": 0, ""KAKAOPAY"": 0, ""HYUNDAI"": 0, ""KB"": 0, ""MERITZ"": 0, ""DB"": 0, ""SAMSUNG"": 0}"
priority_injury,monte_carlo,all,0.0,180,SHINHAN|KAKAOPAY|HYUNDAI|KB|MERITZ|DB|SAMSUNG,True,True,True,0.0,0,1.0,1.0,"{""SHINHAN"": 0, ""KAKAOPAY"": 0, ""HYUNDAI"": 0, ""KB"": 0, ""MERITZ"": 0, ""DB"": 0, ""SAMSUNG"": 0}"
priority_injury,monte_carlo,all,0.0,181,SHINHAN|KAKAOPAY|HYUNDAI|MERITZ|KB|DB|SAMSUNG,True,True,True,0.2857142857142857,1,0.9047619047619048,0.9642857142857143,"{""SHINHAN"": 0, ""KAKAOPAY"": 0, ""HYUNDAI"": 0, ""KB"": 1, ""MERITZ"": -1, ""DB"": 0, ""SAMSUNG"": 0}"
priority_injury,monte_carlo,all,0.0,182,SHINHAN|KAKAOPAY|HYUNDAI|MERITZ|KB|DB|SAMSUNG,True,True,True,0.2857142857142857,1,0.9047619047619048,0.9642857142857143,"{""SHINHAN"": 0, ""KAKAOPAY"": 0, ""HYUNDAI"": 0, ""KB"": 1, ""MERITZ"": -1, ""DB"": 0, ""SAMSUNG"": 0}"
priority_injury,monte_carlo,all,0.0,183,SHINHAN|KAKAOPAY|HYUNDAI|MERITZ|KB|DB|SAMSUNG,True,True,True,0.2857142857142857,1,0.9047619047619048,0.9642857142857143,"{""SHINHAN"": 0, ""KAKAOPAY"": 0, ""HYUNDAI"": 0, ""KB"": 1, ""MERITZ"": -1, ""DB"": 0, ""SAMSUNG"": 0}"
priority_injury,monte_carlo,all,0.0,184,SHINHAN|KAKAOPAY|HYUNDAI|KB|DB|MERITZ|SAMSUNG,True,True,True,0.2857142857142857,1,0.9047619047619048,0.9642857142857143,"{""SHINHAN"": 0, ""KAKAOPAY"": 0, ""HYUNDAI"": 0, ""KB"": 0, ""MERITZ"": 1, ""DB"": -1, ""SAMSUNG"": 0}"
priority_injury,monte_carlo,all,0.0,185,SHINHAN|KAKAOPAY|HYUNDAI|KB|MERITZ|DB|SAMSUNG,True,True,True,0.0,0,1.0,1.0,"{""SHINHAN"": 0, ""KAKAOPAY"": 0, ""HYUNDAI"": 0, ""KB"": 0, ""MERITZ"": 0, ""DB"": 0, ""SAMSUNG"": 0}"
priority_injury,monte_carlo,all,0.0,186,SHINHAN|KAKAOPAY|HYUNDAI|KB|MERITZ|DB|SAMSUNG,True,True,True,0.0,0,1.0,1.0,"{""SHINHAN"": 0, ""KAKAOPAY"": 0, ""HYUNDAI"": 0, ""KB"": 0, ""MERITZ"": 0, ""DB"": 0, ""SAMSUNG"": 0}"
priority_injury,monte_carlo,all,0.0,187,SHINHAN|KAKAOPAY|HYUNDAI|KB|MERITZ|DB|SAMSUNG,True,True,True,0.0,0,1.0,1.0,"{""SHINHAN"": 0, ""KAKAOPAY"": 0, ""HYUNDAI"": 0, ""KB"": 0, ""MERITZ"": 0, ""DB"": 0, ""SAMSUNG"": 0}"
priority_injury,monte_carlo,all,0.0,188,SHINHAN|KAKAOPAY|HYUNDAI|MERITZ|KB|DB|SAMSUNG,True,True,True,0.2857142857142857,1,0.9047619047619048,0.9642857142857143,"{""SHINHAN"": 0, ""KAKAOPAY"": 0, ""HYUNDAI"": 0, ""KB"": 1, ""MERITZ"": -1, ""DB"": 0, ""SAMSUNG"": 0}"
priority_injury,monte_carlo,all,0.0,189,SHINHAN|KAKAOPAY|HYUNDAI|KB|MERITZ|DB|SAMSUNG,True,True,True,0.0,0,1.0,1.0,"{""SHINHAN"": 0, ""KAKAOPAY"": 0, ""HYUNDAI"": 0, ""KB"": 0, ""MERITZ"": 0, ""DB"": 0, ""SAMSUNG"": 0}"
priority_injury,monte_carlo,all,0.0,190,SHINHAN|KAKAOPAY|HYUNDAI|MERITZ|KB|DB|SAMSUNG,True,True,True,0.2857142857142857,1,0.9047619047619048,0.9642857142857143,"{""SHINHAN"": 0, ""KAKAOPAY"": 0, ""HYUNDAI"": 0, ""KB"": 1, ""MERITZ"": -1, ""DB"": 0, ""SAMSUNG"": 0}"
priority_injury,monte_carlo,all,0.0,191,SHINHAN|KAKAOPAY|HYUNDAI|KB|MERITZ|DB|SAMSUNG,True,True,True,0.0,0,1.0,1.0,"{""SHINHAN"": 0, ""KAKAOPAY"": 0, ""HYUNDAI"": 0, ""KB"": 0, ""MERITZ"": 0, ""DB"": 0, ""SAMSUNG"": 0}"
priority_injury,monte_carlo,all,0.0,192,SHINHAN|KAKAOPAY|HYUNDAI|KB|MERITZ|DB|SAMSUNG,True,True,True,0.0,0,1.0,1.0,"{""SHINHAN"": 0, ""KAKAOPAY"": 0, ""HYUNDAI"": 0, ""KB"": 0, ""MERITZ"": 0, ""DB"": 0, ""SAMSUNG"": 0}"
priority_injury,monte_carlo,all,0.0,193,SHINHAN|KAKAOPAY|HYUNDAI|KB|MERITZ|DB|SAMSUNG,True,True,True,0.0,0,1.0,1.0,"{""SHINHAN"": 0, ""KAKAOPAY"": 0, ""HYUNDAI"": 0, ""KB"": 0, ""MERITZ"": 0, ""DB"": 0, ""SAMSUNG"": 0}"
priority_injury,monte_carlo,all,0.0,194,SHINHAN|KAKAOPAY|HYUNDAI|KB|MERITZ|DB|SAMSUNG,True,True,True,0.0,0,1.0,1.0,"{""SHINHAN"": 0, ""KAKAOPAY"": 0, ""HYUNDAI"": 0, ""KB"": 0, ""MERITZ"": 0, ""DB"": 0, ""SAMSUNG"": 0}"
priority_injury,monte_carlo,all,0.0,195,SHINHAN|KAKAOPAY|HYUNDAI|KB|MERITZ|DB|SAMSUNG,True,True,True,0.0,0,1.0,1.0,"{""SHINHAN"": 0, ""KAKAOPAY"": 0, ""HYUNDAI"": 0, ""KB"": 0, ""MERITZ"": 0, ""DB"": 0, ""SAMSUNG"": 0}"
priority_injury,monte_carlo,all,0.0,196,SHINHAN|KAKAOPAY|HYUNDAI|MERITZ|KB|DB|SAMSUNG,True,True,True,0.2857142857142857,1,0.9047619047619048,0.9642857142857143,"{""SHINHAN"": 0, ""KAKAOPAY"": 0, ""HYUNDAI"": 0, ""KB"": 1, ""MERITZ"": -1, ""DB"": 0, ""SAMSUNG"": 0}"
priority_injury,monte_carlo,all,0.0,197,SHINHAN|KAKAOPAY|HYUNDAI|MERITZ|KB|DB|SAMSUNG,True,True,True,0.2857142857142857,1,0.9047619047619048,0.9642857142857143,"{""SHINHAN"": 0, ""KAKAOPAY"": 0, ""HYUNDAI"": 0, ""KB"": 1, ""MERITZ"": -1, ""DB"": 0, ""SAMSUNG"": 0}"
priority_injury,monte_carlo,all,0.0,198,SHINHAN|KAKAOPAY|HYUNDAI|KB|MERITZ|DB|SAMSUNG,True,True,True,0.0,0,1.0,1.0,"{""SHINHAN"": 0, ""KAKAOPAY"": 0, ""HYUNDAI"": 0, ""KB"": 0, ""MERITZ"": 0, ""DB"": 0, ""SAMSUNG"": 0}"
priority_injury,monte_carlo,all,0.0,199,SHINHAN|KAKAOPAY|HYUNDAI|KB|MERITZ|DB|SAMSUNG,True,True,True,0.0,0,1.0,1.0,"{""SHINHAN"": 0, ""KAKAOPAY"": 0, ""HYUNDAI"": 0, ""KB"": 0, ""MERITZ"": 0, ""DB"": 0, ""SAMSUNG"": 0}"
ski,oat_heuristic,priority_multiplier,0.8,0,KAKAOPAY|HYUNDAI|KB|SAMSUNG|SHINHAN|MERITZ|DB,True,True,True,0.0,0,1.0,1.0,"{""KAKAOPAY"": 0, ""HYUNDAI"": 0, ""KB"": 0, ""SAMSUNG"": 0, ""SHINHAN"": 0, ""MERITZ"": 0, ""DB"": 0}"
ski,oat_heuristic,priority_multiplier,0.9,0,KAKAOPAY|HYUNDAI|KB|SAMSUNG|SHINHAN|MERITZ|DB,True,True,True,0.0,0,1.0,1.0,"{""KAKAOPAY"": 0, ""HYUNDAI"": 0, ""KB"": 0, ""SAMSUNG"": 0, ""SHINHAN"": 0, ""MERITZ"": 0, ""DB"": 0}"
ski,oat_heuristic,priority_multiplier,1.1,0,KAKAOPAY|HYUNDAI|KB|SAMSUNG|SHINHAN|MERITZ|DB,True,True,True,0.0,0,1.0,1.0,"{""KAKAOPAY"": 0, ""HYUNDAI"": 0, ""KB"": 0, ""SAMSUNG"": 0, ""SHINHAN"": 0, ""MERITZ"": 0, ""DB"": 0}"
ski,oat_heuristic,priority_multiplier,1.2,0,KAKAOPAY|HYUNDAI|KB|SAMSUNG|SHINHAN|DB|MERITZ,True,True,True,0.2857142857142857,1,0.9047619047619048,0.9642857142857143,"{""KAKAOPAY"": 0, ""HYUNDAI"": 0, ""KB"": 0, ""SAMSUNG"": 0, ""SHINHAN"": 0, ""MERITZ"": 1, ""DB"": -1}"
ski,oat_heuristic,activity_bump,0.8,0,KAKAOPAY|HYUNDAI|KB|SAMSUNG|SHINHAN|MERITZ|DB,True,True,True,0.0,0,1.0,1.0,"{""KAKAOPAY"": 0, ""HYUNDAI"": 0, ""KB"": 0, ""SAMSUNG"": 0, ""SHINHAN"": 0, ""MERITZ"": 0, ""DB"": 0}"
ski,oat_heuristic,activity_bump,0.9,0,KAKAOPAY|HYUNDAI|KB|SAMSUNG|SHINHAN|MERITZ|DB,True,True,True,0.0,0,1.0,1.0,"{""KAKAOPAY"": 0, ""HYUNDAI"": 0, ""KB"": 0, ""SAMSUNG"": 0, ""SHINHAN"": 0, ""MERITZ"": 0, ""DB"": 0}"
ski,oat_heuristic,activity_bump,1.1,0,KAKAOPAY|HYUNDAI|KB|SAMSUNG|SHINHAN|MERITZ|DB,True,True,True,0.0,0,1.0,1.0,"{""KAKAOPAY"": 0, ""HYUNDAI"": 0, ""KB"": 0, ""SAMSUNG"": 0, ""SHINHAN"": 0, ""MERITZ"": 0, ""DB"": 0}"
ski,oat_heuristic,activity_bump,1.2,0,KAKAOPAY|HYUNDAI|KB|SAMSUNG|SHINHAN|MERITZ|DB,True,True,True,0.0,0,1.0,1.0,"{""KAKAOPAY"": 0, ""HYUNDAI"": 0, ""KB"": 0, ""SAMSUNG"": 0, ""SHINHAN"": 0, ""MERITZ"": 0, ""DB"": 0}"
ski,oat_heuristic,companion_bump,0.8,0,KAKAOPAY|HYUNDAI|KB|SAMSUNG|SHINHAN|MERITZ|DB,True,True,True,0.0,0,1.0,1.0,"{""KAKAOPAY"": 0, ""HYUNDAI"": 0, ""KB"": 0, ""SAMSUNG"": 0, ""SHINHAN"": 0, ""MERITZ"": 0, ""DB"": 0}"
ski,oat_heuristic,companion_bump,0.9,0,KAKAOPAY|HYUNDAI|KB|SAMSUNG|SHINHAN|MERITZ|DB,True,True,True,0.0,0,1.0,1.0,"{""KAKAOPAY"": 0, ""HYUNDAI"": 0, ""KB"": 0, ""SAMSUNG"": 0, ""SHINHAN"": 0, ""MERITZ"": 0, ""DB"": 0}"
ski,oat_heuristic,companion_bump,1.1,0,KAKAOPAY|HYUNDAI|KB|SAMSUNG|SHINHAN|MERITZ|DB,True,True,True,0.0,0,1.0,1.0,"{""KAKAOPAY"": 0, ""HYUNDAI"": 0, ""KB"": 0, ""SAMSUNG"": 0, ""SHINHAN"": 0, ""MERITZ"": 0, ""DB"": 0}"
ski,oat_heuristic,companion_bump,1.2,0,KAKAOPAY|HYUNDAI|KB|SAMSUNG|SHINHAN|MERITZ|DB,True,True,True,0.0,0,1.0,1.0,"{""KAKAOPAY"": 0, ""HYUNDAI"": 0, ""KB"": 0, ""SAMSUNG"": 0, ""SHINHAN"": 0, ""MERITZ"": 0, ""DB"": 0}"
ski,oat_heuristic,rental_car_bump,0.8,0,KAKAOPAY|HYUNDAI|KB|SAMSUNG|SHINHAN|MERITZ|DB,True,True,True,0.0,0,1.0,1.0,"{""KAKAOPAY"": 0, ""HYUNDAI"": 0, ""KB"": 0, ""SAMSUNG"": 0, ""SHINHAN"": 0, ""MERITZ"": 0, ""DB"": 0}"
ski,oat_heuristic,rental_car_bump,0.9,0,KAKAOPAY|HYUNDAI|KB|SAMSUNG|SHINHAN|MERITZ|DB,True,True,True,0.0,0,1.0,1.0,"{""KAKAOPAY"": 0, ""HYUNDAI"": 0, ""KB"": 0, ""SAMSUNG"": 0, ""SHINHAN"": 0, ""MERITZ"": 0, ""DB"": 0}"
ski,oat_heuristic,rental_car_bump,1.1,0,KAKAOPAY|HYUNDAI|KB|SAMSUNG|SHINHAN|MERITZ|DB,True,True,True,0.0,0,1.0,1.0,"{""KAKAOPAY"": 0, ""HYUNDAI"": 0, ""KB"": 0, ""SAMSUNG"": 0, ""SHINHAN"": 0, ""MERITZ"": 0, ""DB"": 0}"
ski,oat_heuristic,rental_car_bump,1.2,0,KAKAOPAY|HYUNDAI|KB|SAMSUNG|SHINHAN|MERITZ|DB,True,True,True,0.0,0,1.0,1.0,"{""KAKAOPAY"": 0, ""HYUNDAI"": 0, ""KB"": 0, ""SAMSUNG"": 0, ""SHINHAN"": 0, ""MERITZ"": 0, ""DB"": 0}"
ski,oat_heuristic,risk_emergency_bump,0.8,0,KAKAOPAY|HYUNDAI|KB|SAMSUNG|SHINHAN|MERITZ|DB,True,True,True,0.0,0,1.0,1.0,"{""KAKAOPAY"": 0, ""HYUNDAI"": 0, ""KB"": 0, ""SAMSUNG"": 0, ""SHINHAN"": 0, ""MERITZ"": 0, ""DB"": 0}"
ski,oat_heuristic,risk_emergency_bump,0.9,0,KAKAOPAY|HYUNDAI|KB|SAMSUNG|SHINHAN|MERITZ|DB,True,True,True,0.0,0,1.0,1.0,"{""KAKAOPAY"": 0, ""HYUNDAI"": 0, ""KB"": 0, ""SAMSUNG"": 0, ""SHINHAN"": 0, ""MERITZ"": 0, ""DB"": 0}"
ski,oat_heuristic,risk_emergency_bump,1.1,0,KAKAOPAY|HYUNDAI|KB|SAMSUNG|SHINHAN|MERITZ|DB,True,True,True,0.0,0,1.0,1.0,"{""KAKAOPAY"": 0, ""HYUNDAI"": 0, ""KB"": 0, ""SAMSUNG"": 0, ""SHINHAN"": 0, ""MERITZ"": 0, ""DB"": 0}"
ski,oat_heuristic,risk_emergency_bump,1.2,0,KAKAOPAY|HYUNDAI|KB|SAMSUNG|SHINHAN|MERITZ|DB,True,True,True,0.0,0,1.0,1.0,"{""KAKAOPAY"": 0, ""HYUNDAI"": 0, ""KB"": 0, ""SAMSUNG"": 0, ""SHINHAN"": 0, ""MERITZ"": 0, ""DB"": 0}"
ski,oat_heuristic,risk_illness_bump,0.8,0,KAKAOPAY|HYUNDAI|KB|SAMSUNG|SHINHAN|MERITZ|DB,True,True,True,0.0,0,1.0,1.0,"{""KAKAOPAY"": 0, ""HYUNDAI"": 0, ""KB"": 0, ""SAMSUNG"": 0, ""SHINHAN"": 0, ""MERITZ"": 0, ""DB"": 0}"
ski,oat_heuristic,risk_illness_bump,0.9,0,KAKAOPAY|HYUNDAI|KB|SAMSUNG|SHINHAN|MERITZ|DB,True,True,True,0.0,0,1.0,1.0,"{""KAKAOPAY"": 0, ""HYUNDAI"": 0, ""KB"": 0, ""SAMSUNG"": 0, ""SHINHAN"": 0, ""MERITZ"": 0, ""DB"": 0}"
ski,oat_heuristic,risk_illness_bump,1.1,0,KAKAOPAY|HYUNDAI|KB|SAMSUNG|SHINHAN|MERITZ|DB,True,True,True,0.0,0,1.0,1.0,"{""KAKAOPAY"": 0, ""HYUNDAI"": 0, ""KB"": 0, ""SAMSUNG"": 0, ""SHINHAN"": 0, ""MERITZ"": 0, ""DB"": 0}"
ski,oat_heuristic,risk_illness_bump,1.2,0,KAKAOPAY|HYUNDAI|KB|SAMSUNG|SHINHAN|MERITZ|DB,True,True,True,0.0,0,1.0,1.0,"{""KAKAOPAY"": 0, ""HYUNDAI"": 0, ""KB"": 0, ""SAMSUNG"": 0, ""SHINHAN"": 0, ""MERITZ"": 0, ""DB"": 0}"
ski,oat_heuristic,long_trip_bump,0.8,0,KAKAOPAY|HYUNDAI|KB|SAMSUNG|SHINHAN|MERITZ|DB,True,True,True,0.0,0,1.0,1.0,"{""KAKAOPAY"": 0, ""HYUNDAI"": 0, ""KB"": 0, ""SAMSUNG"": 0, ""SHINHAN"": 0, ""MERITZ"": 0, ""DB"": 0}"
ski,oat_heuristic,long_trip_bump,0.9,0,KAKAOPAY|HYUNDAI|KB|SAMSUNG|SHINHAN|MERITZ|DB,True,True,True,0.0,0,1.0,1.0,"{""KAKAOPAY"": 0, ""HYUNDAI"": 0, ""KB"": 0, ""SAMSUNG"": 0, ""SHINHAN"": 0, ""MERITZ"": 0, ""DB"": 0}"
ski,oat_heuristic,long_trip_bump,1.1,0,KAKAOPAY|HYUNDAI|KB|SAMSUNG|SHINHAN|MERITZ|DB,True,True,True,0.0,0,1.0,1.0,"{""KAKAOPAY"": 0, ""HYUNDAI"": 0, ""KB"": 0, ""SAMSUNG"": 0, ""SHINHAN"": 0, ""MERITZ"": 0, ""DB"": 0}"
ski,oat_heuristic,long_trip_bump,1.2,0,KAKAOPAY|HYUNDAI|KB|SAMSUNG|SHINHAN|MERITZ|DB,True,True,True,0.0,0,1.0,1.0,"{""KAKAOPAY"": 0, ""HYUNDAI"": 0, ""KB"": 0, ""SAMSUNG"": 0, ""SHINHAN"": 0, ""MERITZ"": 0, ""DB"": 0}"
ski,oat_heuristic,senior_illness_bump,0.8,0,KAKAOPAY|HYUNDAI|KB|SAMSUNG|SHINHAN|MERITZ|DB,True,True,True,0.0,0,1.0,1.0,"{""KAKAOPAY"": 0, ""HYUNDAI"": 0, ""KB"": 0, ""SAMSUNG"": 0, ""SHINHAN"": 0, ""MERITZ"": 0, ""DB"": 0}"
ski,oat_heuristic,senior_illness_bump,0.9,0,KAKAOPAY|HYUNDAI|KB|SAMSUNG|SHINHAN|MERITZ|DB,True,True,True,0.0,0,1.0,1.0,"{""KAKAOPAY"": 0, ""HYUNDAI"": 0, ""KB"": 0, ""SAMSUNG"": 0, ""SHINHAN"": 0, ""MERITZ"": 0, ""DB"": 0}"
ski,oat_heuristic,senior_illness_bump,1.1,0,KAKAOPAY|HYUNDAI|KB|SAMSUNG|SHINHAN|MERITZ|DB,True,True,True,0.0,0,1.0,1.0,"{""KAKAOPAY"": 0, ""HYUNDAI"": 0, ""KB"": 0, ""SAMSUNG"": 0, ""SHINHAN"": 0, ""MERITZ"": 0, ""DB"": 0}"
ski,oat_heuristic,senior_illness_bump,1.2,0,KAKAOPAY|HYUNDAI|KB|SAMSUNG|SHINHAN|MERITZ|DB,True,True,True,0.0,0,1.0,1.0,"{""KAKAOPAY"": 0, ""HYUNDAI"": 0, ""KB"": 0, ""SAMSUNG"": 0, ""SHINHAN"": 0, ""MERITZ"": 0, ""DB"": 0}"
ski,oat_heuristic,senior_emergency_bump,0.8,0,KAKAOPAY|HYUNDAI|KB|SAMSUNG|SHINHAN|MERITZ|DB,True,True,True,0.0,0,1.0,1.0,"{""KAKAOPAY"": 0, ""HYUNDAI"": 0, ""KB"": 0, ""SAMSUNG"": 0, ""SHINHAN"": 0, ""MERITZ"": 0, ""DB"": 0}"
ski,oat_heuristic,senior_emergency_bump,0.9,0,KAKAOPAY|HYUNDAI|KB|SAMSUNG|SHINHAN|MERITZ|DB,True,True,True,0.0,0,1.0,1.0,"{""KAKAOPAY"": 0, ""HYUNDAI"": 0, ""KB"": 0, ""SAMSUNG"": 0, ""SHINHAN"": 0, ""MERITZ"": 0, ""DB"": 0}"
ski,oat_heuristic,senior_emergency_bump,1.1,0,KAKAOPAY|HYUNDAI|KB|SAMSUNG|SHINHAN|MERITZ|DB,True,True,True,0.0,0,1.0,1.0,"{""KAKAOPAY"": 0, ""HYUNDAI"": 0, ""KB"": 0, ""SAMSUNG"": 0, ""SHINHAN"": 0, ""MERITZ"": 0, ""DB"": 0}"
ski,oat_heuristic,senior_emergency_bump,1.2,0,KAKAOPAY|HYUNDAI|KB|SAMSUNG|SHINHAN|MERITZ|DB,True,True,True,0.0,0,1.0,1.0,"{""KAKAOPAY"": 0, ""HYUNDAI"": 0, ""KB"": 0, ""SAMSUNG"": 0, ""SHINHAN"": 0, ""MERITZ"": 0, ""DB"": 0}"
ski,oat_axis,axis:amount,0.8,0,KAKAOPAY|HYUNDAI|KB|SHINHAN|SAMSUNG|DB|MERITZ,True,True,True,0.5714285714285714,1,0.8095238095238095,0.9285714285714286,"{""KAKAOPAY"": 0, ""HYUNDAI"": 0, ""KB"": 0, ""SAMSUNG"": 1, ""SHINHAN"": -1, ""MERITZ"": 1, ""DB"": -1}"
ski,oat_axis,axis:amount,0.9,0,KAKAOPAY|HYUNDAI|KB|SAMSUNG|SHINHAN|DB|MERITZ,True,True,True,0.2857142857142857,1,0.9047619047619048,0.9642857142857143,"{""KAKAOPAY"": 0, ""HYUNDAI"": 0, ""KB"": 0, ""SAMSUNG"": 0, ""SHINHAN"": 0, ""MERITZ"": 1, ""DB"": -1}"
ski,oat_axis,axis:amount,1.1,0,KAKAOPAY|HYUNDAI|KB|SAMSUNG|SHINHAN|MERITZ|DB,True,True,True,0.0,0,1.0,1.0,"{""KAKAOPAY"": 0, ""HYUNDAI"": 0, ""KB"": 0, ""SAMSUNG"": 0, ""SHINHAN"": 0, ""MERITZ"": 0, ""DB"": 0}"
ski,oat_axis,axis:amount,1.2,0,KAKAOPAY|HYUNDAI|KB|SAMSUNG|SHINHAN|MERITZ|DB,True,True,True,0.0,0,1.0,1.0,"{""KAKAOPAY"": 0, ""HYUNDAI"": 0, ""KB"": 0, ""SAMSUNG"": 0, ""SHINHAN"": 0, ""MERITZ"": 0, ""DB"": 0}"
ski,oat_axis,axis:clause,0.8,0,KAKAOPAY|HYUNDAI|KB|SAMSUNG|SHINHAN|MERITZ|DB,True,True,True,0.0,0,1.0,1.0,"{""KAKAOPAY"": 0, ""HYUNDAI"": 0, ""KB"": 0, ""SAMSUNG"": 0, ""SHINHAN"": 0, ""MERITZ"": 0, ""DB"": 0}"
ski,oat_axis,axis:clause,0.9,0,KAKAOPAY|HYUNDAI|KB|SAMSUNG|SHINHAN|MERITZ|DB,True,True,True,0.0,0,1.0,1.0,"{""KAKAOPAY"": 0, ""HYUNDAI"": 0, ""KB"": 0, ""SAMSUNG"": 0, ""SHINHAN"": 0, ""MERITZ"": 0, ""DB"": 0}"
ski,oat_axis,axis:clause,1.1,0,KAKAOPAY|HYUNDAI|KB|SAMSUNG|SHINHAN|MERITZ|DB,True,True,True,0.0,0,1.0,1.0,"{""KAKAOPAY"": 0, ""HYUNDAI"": 0, ""KB"": 0, ""SAMSUNG"": 0, ""SHINHAN"": 0, ""MERITZ"": 0, ""DB"": 0}"
ski,oat_axis,axis:clause,1.2,0,KAKAOPAY|HYUNDAI|KB|SAMSUNG|SHINHAN|MERITZ|DB,True,True,True,0.0,0,1.0,1.0,"{""KAKAOPAY"": 0, ""HYUNDAI"": 0, ""KB"": 0, ""SAMSUNG"": 0, ""SHINHAN"": 0, ""MERITZ"": 0, ""DB"": 0}"
ski,oat_axis,axis:price,0.8,0,KAKAOPAY|HYUNDAI|KB|SAMSUNG|SHINHAN|MERITZ|DB,True,True,True,0.0,0,1.0,1.0,"{""KAKAOPAY"": 0, ""HYUNDAI"": 0, ""KB"": 0, ""SAMSUNG"": 0, ""SHINHAN"": 0, ""MERITZ"": 0, ""DB"": 0}"
ski,oat_axis,axis:price,0.9,0,KAKAOPAY|HYUNDAI|KB|SAMSUNG|SHINHAN|MERITZ|DB,True,True,True,0.0,0,1.0,1.0,"{""KAKAOPAY"": 0, ""HYUNDAI"": 0, ""KB"": 0, ""SAMSUNG"": 0, ""SHINHAN"": 0, ""MERITZ"": 0, ""DB"": 0}"
ski,oat_axis,axis:price,1.1,0,KAKAOPAY|HYUNDAI|KB|SAMSUNG|SHINHAN|MERITZ|DB,True,True,True,0.0,0,1.0,1.0,"{""KAKAOPAY"": 0, ""HYUNDAI"": 0, ""KB"": 0, ""SAMSUNG"": 0, ""SHINHAN"": 0, ""MERITZ"": 0, ""DB"": 0}"
ski,oat_axis,axis:price,1.2,0,KAKAOPAY|HYUNDAI|KB|SHINHAN|SAMSUNG|DB|MERITZ,True,True,True,0.5714285714285714,1,0.8095238095238095,0.9285714285714286,"{""KAKAOPAY"": 0, ""HYUNDAI"": 0, ""KB"": 0, ""SAMSUNG"": 1, ""SHINHAN"": -1, ""MERITZ"": 1, ""DB"": -1}"
ski,oat_axis,axis:overlap,0.8,0,KAKAOPAY|HYUNDAI|KB|SAMSUNG|SHINHAN|MERITZ|DB,True,True,True,0.0,0,1.0,1.0,"{""KAKAOPAY"": 0, ""HYUNDAI"": 0, ""KB"": 0, ""SAMSUNG"": 0, ""SHINHAN"": 0, ""MERITZ"": 0, ""DB"": 0}"
ski,oat_axis,axis:overlap,0.9,0,KAKAOPAY|HYUNDAI|KB|SAMSUNG|SHINHAN|MERITZ|DB,True,True,True,0.0,0,1.0,1.0,"{""KAKAOPAY"": 0, ""HYUNDAI"": 0, ""KB"": 0, ""SAMSUNG"": 0, ""SHINHAN"": 0, ""MERITZ"": 0, ""DB"": 0}"
ski,oat_axis,axis:overlap,1.1,0,KAKAOPAY|HYUNDAI|KB|SAMSUNG|SHINHAN|MERITZ|DB,True,True,True,0.0,0,1.0,1.0,"{""KAKAOPAY"": 0, ""HYUNDAI"": 0, ""KB"": 0, ""SAMSUNG"": 0, ""SHINHAN"": 0, ""MERITZ"": 0, ""DB"": 0}"
ski,oat_axis,axis:overlap,1.2,0,KAKAOPAY|HYUNDAI|KB|SAMSUNG|SHINHAN|MERITZ|DB,True,True,True,0.0,0,1.0,1.0,"{""KAKAOPAY"": 0, ""HYUNDAI"": 0, ""KB"": 0, ""SAMSUNG"": 0, ""SHINHAN"": 0, ""MERITZ"": 0, ""DB"": 0}"
ski,oat_axis,axis:activity,0.8,0,KAKAOPAY|HYUNDAI|KB|SAMSUNG|SHINHAN|MERITZ|DB,True,True,True,0.0,0,1.0,1.0,"{""KAKAOPAY"": 0, ""HYUNDAI"": 0, ""KB"": 0, ""SAMSUNG"": 0, ""SHINHAN"": 0, ""MERITZ"": 0, ""DB"": 0}"
ski,oat_axis,axis:activity,0.9,0,KAKAOPAY|HYUNDAI|KB|SAMSUNG|SHINHAN|MERITZ|DB,True,True,True,0.0,0,1.0,1.0,"{""KAKAOPAY"": 0, ""HYUNDAI"": 0, ""KB"": 0, ""SAMSUNG"": 0, ""SHINHAN"": 0, ""MERITZ"": 0, ""DB"": 0}"
ski,oat_axis,axis:activity,1.1,0,KAKAOPAY|HYUNDAI|KB|SAMSUNG|SHINHAN|MERITZ|DB,True,True,True,0.0,0,1.0,1.0,"{""KAKAOPAY"": 0, ""HYUNDAI"": 0, ""KB"": 0, ""SAMSUNG"": 0, ""SHINHAN"": 0, ""MERITZ"": 0, ""DB"": 0}"
ski,oat_axis,axis:activity,1.2,0,KAKAOPAY|HYUNDAI|KB|SAMSUNG|SHINHAN|MERITZ|DB,True,True,True,0.0,0,1.0,1.0,"{""KAKAOPAY"": 0, ""HYUNDAI"": 0, ""KB"": 0, ""SAMSUNG"": 0, ""SHINHAN"": 0, ""MERITZ"": 0, ""DB"": 0}"
ski,monte_carlo,all,0.0,0,KAKAOPAY|HYUNDAI|KB|SAMSUNG|SHINHAN|DB|MERITZ,True,True,True,0.2857142857142857,1,0.9047619047619048,0.9642857142857143,"{""KAKAOPAY"": 0, ""HYUNDAI"": 0, ""KB"": 0, ""SAMSUNG"": 0, ""SHINHAN"": 0, ""MERITZ"": 1, ""DB"": -1}"
ski,monte_carlo,all,0.0,1,KAKAOPAY|HYUNDAI|KB|SAMSUNG|SHINHAN|MERITZ|DB,True,True,True,0.0,0,1.0,1.0,"{""KAKAOPAY"": 0, ""HYUNDAI"": 0, ""KB"": 0, ""SAMSUNG"": 0, ""SHINHAN"": 0, ""MERITZ"": 0, ""DB"": 0}"
ski,monte_carlo,all,0.0,2,KAKAOPAY|HYUNDAI|KB|SAMSUNG|SHINHAN|MERITZ|DB,True,True,True,0.0,0,1.0,1.0,"{""KAKAOPAY"": 0, ""HYUNDAI"": 0, ""KB"": 0, ""SAMSUNG"": 0, ""SHINHAN"": 0, ""MERITZ"": 0, ""DB"": 0}"
ski,monte_carlo,all,0.0,3,KAKAOPAY|HYUNDAI|KB|SHINHAN|SAMSUNG|DB|MERITZ,True,True,True,0.5714285714285714,1,0.8095238095238095,0.9285714285714286,"{""KAKAOPAY"": 0, ""HYUNDAI"": 0, ""KB"": 0, ""SAMSUNG"": 1, ""SHINHAN"": -1, ""MERITZ"": 1, ""DB"": -1}"
ski,monte_carlo,all,0.0,4,KAKAOPAY|HYUNDAI|KB|SAMSUNG|SHINHAN|MERITZ|DB,True,True,True,0.0,0,1.0,1.0,"{""KAKAOPAY"": 0, ""HYUNDAI"": 0, ""KB"": 0, ""SAMSUNG"": 0, ""SHINHAN"": 0, ""MERITZ"": 0, ""DB"": 0}"
ski,monte_carlo,all,0.0,5,KAKAOPAY|HYUNDAI|KB|SAMSUNG|SHINHAN|DB|MERITZ,True,True,True,0.2857142857142857,1,0.9047619047619048,0.9642857142857143,"{""KAKAOPAY"": 0, ""HYUNDAI"": 0, ""KB"": 0, ""SAMSUNG"": 0, ""SHINHAN"": 0, ""MERITZ"": 1, ""DB"": -1}"
ski,monte_carlo,all,0.0,6,KAKAOPAY|HYUNDAI|KB|SAMSUNG|SHINHAN|MERITZ|DB,True,True,True,0.0,0,1.0,1.0,"{""KAKAOPAY"": 0, ""HYUNDAI"": 0, ""KB"": 0, ""SAMSUNG"": 0, ""SHINHAN"": 0, ""MERITZ"": 0, ""DB"": 0}"
ski,monte_carlo,all,0.0,7,KAKAOPAY|HYUNDAI|KB|SAMSUNG|SHINHAN|MERITZ|DB,True,True,True,0.0,0,1.0,1.0,"{""KAKAOPAY"": 0, ""HYUNDAI"": 0, ""KB"": 0, ""SAMSUNG"": 0, ""SHINHAN"": 0, ""MERITZ"": 0, ""DB"": 0}"
ski,monte_carlo,all,0.0,8,KAKAOPAY|HYUNDAI|KB|SHINHAN|SAMSUNG|DB|MERITZ,True,True,True,0.5714285714285714,1,0.8095238095238095,0.9285714285714286,"{""KAKAOPAY"": 0, ""HYUNDAI"": 0, ""KB"": 0, ""SAMSUNG"": 1, ""SHINHAN"": -1, ""MERITZ"": 1, ""DB"": -1}"
ski,monte_carlo,all,0.0,9,KAKAOPAY|HYUNDAI|KB|SAMSUNG|SHINHAN|DB|MERITZ,True,True,True,0.2857142857142857,1,0.9047619047619048,0.9642857142857143,"{""KAKAOPAY"": 0, ""HYUNDAI"": 0, ""KB"": 0, ""SAMSUNG"": 0, ""SHINHAN"": 0, ""MERITZ"": 1, ""DB"": -1}"
ski,monte_carlo,all,0.0,10,KAKAOPAY|HYUNDAI|KB|SAMSUNG|SHINHAN|DB|MERITZ,True,True,True,0.2857142857142857,1,0.9047619047619048,0.9642857142857143,"{""KAKAOPAY"": 0, ""HYUNDAI"": 0, ""KB"": 0, ""SAMSUNG"": 0, ""SHINHAN"": 0, ""MERITZ"": 1, ""DB"": -1}"
ski,monte_carlo,all,0.0,11,KAKAOPAY|HYUNDAI|KB|SAMSUNG|SHINHAN|MERITZ|DB,True,True,True,0.0,0,1.0,1.0,"{""KAKAOPAY"": 0, ""HYUNDAI"": 0, ""KB"": 0, ""SAMSUNG"": 0, ""SHINHAN"": 0, ""MERITZ"": 0, ""DB"": 0}"
ski,monte_carlo,all,0.0,12,KAKAOPAY|HYUNDAI|KB|SAMSUNG|SHINHAN|DB|MERITZ,True,True,True,0.2857142857142857,1,0.9047619047619048,0.9642857142857143,"{""KAKAOPAY"": 0, ""HYUNDAI"": 0, ""KB"": 0, ""SAMSUNG"": 0, ""SHINHAN"": 0, ""MERITZ"": 1, ""DB"": -1}"
ski,monte_carlo,all,0.0,13,KAKAOPAY|HYUNDAI|KB|SAMSUNG|SHINHAN|MERITZ|DB,True,True,True,0.0,0,1.0,1.0,"{""KAKAOPAY"": 0, ""HYUNDAI"": 0, ""KB"": 0, ""SAMSUNG"": 0, ""SHINHAN"": 0, ""MERITZ"": 0, ""DB"": 0}"
ski,monte_carlo,all,0.0,14,KAKAOPAY|HYUNDAI|KB|SAMSUNG|SHINHAN|MERITZ|DB,True,True,True,0.0,0,1.0,1.0,"{""KAKAOPAY"": 0, ""HYUNDAI"": 0, ""KB"": 0, ""SAMSUNG"": 0, ""SHINHAN"": 0, ""MERITZ"": 0, ""DB"": 0}"
ski,monte_carlo,all,0.0,15,KAKAOPAY|HYUNDAI|KB|SAMSUNG|SHINHAN|MERITZ|DB,True,True,True,0.0,0,1.0,1.0,"{""KAKAOPAY"": 0, ""HYUNDAI"": 0, ""KB"": 0, ""SAMSUNG"": 0, ""SHINHAN"": 0, ""MERITZ"": 0, ""DB"": 0}"
ski,monte_carlo,all,0.0,16,KAKAOPAY|HYUNDAI|KB|SAMSUNG|SHINHAN|MERITZ|DB,True,True,True,0.0,0,1.0,1.0,"{""KAKAOPAY"": 0, ""HYUNDAI"": 0, ""KB"": 0, ""SAMSUNG"": 0, ""SHINHAN"": 0, ""MERITZ"": 0, ""DB"": 0}"
ski,monte_carlo,all,0.0,17,KAKAOPAY|HYUNDAI|KB|SHINHAN|SAMSUNG|MERITZ|DB,True,True,True,0.2857142857142857,1,0.9047619047619048,0.9642857142857143,"{""KAKAOPAY"": 0, ""HYUNDAI"": 0, ""KB"": 0, ""SAMSUNG"": 1, ""SHINHAN"": -1, ""MERITZ"": 0, ""DB"": 0}"
ski,monte_carlo,all,0.0,18,KAKAOPAY|HYUNDAI|KB|SAMSUNG|SHINHAN|MERITZ|DB,True,True,True,0.0,0,1.0,1.0,"{""KAKAOPAY"": 0, ""HYUNDAI"": 0, ""KB"": 0, ""SAMSUNG"": 0, ""SHINHAN"": 0, ""MERITZ"": 0, ""DB"": 0}"
ski,monte_carlo,all,0.0,19,KAKAOPAY|HYUNDAI|KB|SAMSUNG|SHINHAN|MERITZ|DB,True,True,True,0.0,0,1.0,1.0,"{""KAKAOPAY"": 0, ""HYUNDAI"": 0, ""KB"": 0, ""SAMSUNG"": 0, ""SHINHAN"": 0, ""MERITZ"": 0, ""DB"": 0}"
ski,monte_carlo,all,0.0,20,KAKAOPAY|HYUNDAI|KB|SAMSUNG|SHINHAN|MERITZ|DB,True,True,True,0.0,0,1.0,1.0,"{""KAKAOPAY"": 0, ""HYUNDAI"": 0, ""KB"": 0, ""SAMSUNG"": 0, ""SHINHAN"": 0, ""MERITZ"": 0, ""DB"": 0}"
ski,monte_carlo,all,0.0,21,KAKAOPAY|HYUNDAI|KB|SAMSUNG|SHINHAN|MERITZ|DB,True,True,True,0.0,0,1.0,1.0,"{""KAKAOPAY"": 0, ""HYUNDAI"": 0, ""KB"": 0, ""SAMSUNG"": 0, ""SHINHAN"": 0, ""MERITZ"": 0, ""DB"": 0}"
ski,monte_carlo,all,0.0,22,KAKAOPAY|HYUNDAI|KB|SHINHAN|SAMSUNG|DB|MERITZ,True,True,True,0.5714285714285714,1,0.8095238095238095,0.9285714285714286,"{""KAKAOPAY"": 0, ""HYUNDAI"": 0, ""KB"": 0, ""SAMSUNG"": 1, ""SHINHAN"": -1, ""MERITZ"": 1, ""DB"": -1}"
ski,monte_carlo,all,0.0,23,KAKAOPAY|HYUNDAI|KB|SHINHAN|SAMSUNG|DB|MERITZ,True,True,True,0.5714285714285714,1,0.8095238095238095,0.9285714285714286,"{""KAKAOPAY"": 0, ""HYUNDAI"": 0, ""KB"": 0, ""SAMSUNG"": 1, ""SHINHAN"": -1, ""MERITZ"": 1, ""DB"": -1}"
ski,monte_carlo,all,0.0,24,KAKAOPAY|HYUNDAI|KB|SAMSUNG|SHINHAN|DB|MERITZ,True,True,True,0.2857142857142857,1,0.9047619047619048,0.9642857142857143,"{""KAKAOPAY"": 0, ""HYUNDAI"": 0, ""KB"": 0, ""SAMSUNG"": 0, ""SHINHAN"": 0, ""MERITZ"": 1, ""DB"": -1}"
ski,monte_carlo,all,0.0,25,KAKAOPAY|HYUNDAI|KB|SAMSUNG|SHINHAN|MERITZ|DB,True,True,True,0.0,0,1.0,1.0,"{""KAKAOPAY"": 0, ""HYUNDAI"": 0, ""KB"": 0, ""SAMSUNG"": 0, ""SHINHAN"": 0, ""MERITZ"": 0, ""DB"": 0}"
ski,monte_carlo,all,0.0,26,KAKAOPAY|HYUNDAI|KB|SAMSUNG|SHINHAN|MERITZ|DB,True,True,True,0.0,0,1.0,1.0,"{""KAKAOPAY"": 0, ""HYUNDAI"": 0, ""KB"": 0, ""SAMSUNG"": 0, ""SHINHAN"": 0, ""MERITZ"": 0, ""DB"": 0}"
ski,monte_carlo,all,0.0,27,KAKAOPAY|KB|SAMSUNG|HYUNDAI|SHINHAN|MERITZ|DB,True,False,False,0.5714285714285714,2,0.8095238095238095,0.8928571428571429,"{""KAKAOPAY"": 0, ""HYUNDAI"": 2, ""KB"": -1, ""SAMSUNG"": -1, ""SHINHAN"": 0, ""MERITZ"": 0, ""DB"": 0}"
ski,monte_carlo,all,0.0,28,KAKAOPAY|HYUNDAI|KB|SAMSUNG|SHINHAN|MERITZ|DB,True,True,True,0.0,0,1.0,1.0,"{""KAKAOPAY"": 0, ""HYUNDAI"": 0, ""KB"": 0, ""SAMSUNG"": 0, ""SHINHAN"": 0, ""MERITZ"": 0, ""DB"": 0}"
ski,monte_carlo,all,0.0,29,KAKAOPAY|HYUNDAI|KB|SAMSUNG|SHINHAN|MERITZ|DB,True,True,True,0.0,0,1.0,1.0,"{""KAKAOPAY"": 0, ""HYUNDAI"": 0, ""KB"": 0, ""SAMSUNG"": 0, ""SHINHAN"": 0, ""MERITZ"": 0, ""DB"": 0}"
ski,monte_carlo,all,0.0,30,KAKAOPAY|HYUNDAI|KB|SHINHAN|SAMSUNG|DB|MERITZ,True,True,True,0.5714285714285714,1,0.8095238095238095,0.9285714285714286,"{""KAKAOPAY"": 0, ""HYUNDAI"": 0, ""KB"": 0, ""SAMSUNG"": 1, ""SHINHAN"": -1, ""MERITZ"": 1, ""DB"": -1}"
ski,monte_carlo,all,0.0,31,KAKAOPAY|HYUNDAI|KB|SAMSUNG|SHINHAN|MERITZ|DB,True,True,True,0.0,0,1.0,1.0,"{""KAKAOPAY"": 0, ""HYUNDAI"": 0, ""KB"": 0, ""SAMSUNG"": 0, ""SHINHAN"": 0, ""MERITZ"": 0, ""DB"": 0}"
ski,monte_carlo,all,0.0,32,KAKAOPAY|HYUNDAI|KB|SHINHAN|SAMSUNG|MERITZ|DB,True,True,True,0.2857142857142857,1,0.9047619047619048,0.9642857142857143,"{""KAKAOPAY"": 0, ""HYUNDAI"": 0, ""KB"": 0, ""SAMSUNG"": 1, ""SHINHAN"": -1, ""MERITZ"": 0, ""DB"": 0}"
ski,monte_carlo,all,0.0,33,KAKAOPAY|HYUNDAI|KB|SAMSUNG|SHINHAN|MERITZ|DB,True,True,True,0.0,0,1.0,1.0,"{""KAKAOPAY"": 0, ""HYUNDAI"": 0, ""KB"": 0, ""SAMSUNG"": 0, ""SHINHAN"": 0, ""MERITZ"": 0, ""DB"": 0}"
ski,monte_carlo,all,0.0,34,KAKAOPAY|HYUNDAI|KB|SAMSUNG|SHINHAN|MERITZ|DB,True,True,True,0.0,0,1.0,1.0,"{""KAKAOPAY"": 0, ""HYUNDAI"": 0, ""KB"": 0, ""SAMSUNG"": 0, ""SHINHAN"": 0, ""MERITZ"": 0, ""DB"": 0}"
ski,monte_carlo,all,0.0,35,KAKAOPAY|HYUNDAI|KB|SHINHAN|SAMSUNG|DB|MERITZ,True,True,True,0.5714285714285714,1,0.8095238095238095,0.9285714285714286,"{""KAKAOPAY"": 0, ""HYUNDAI"": 0, ""KB"": 0, ""SAMSUNG"": 1, ""SHINHAN"": -1, ""MERITZ"": 1, ""DB"": -1}"
ski,monte_carlo,all,0.0,36,KAKAOPAY|HYUNDAI|KB|SAMSUNG|SHINHAN|MERITZ|DB,True,True,True,0.0,0,1.0,1.0,"{""KAKAOPAY"": 0, ""HYUNDAI"": 0, ""KB"": 0, ""SAMSUNG"": 0, ""SHINHAN"": 0, ""MERITZ"": 0, ""DB"": 0}"
ski,monte_carlo,all,0.0,37,KAKAOPAY|HYUNDAI|KB|SAMSUNG|SHINHAN|MERITZ|DB,True,True,True,0.0,0,1.0,1.0,"{""KAKAOPAY"": 0, ""HYUNDAI"": 0, ""KB"": 0, ""SAMSUNG"": 0, ""SHINHAN"": 0, ""MERITZ"": 0, ""DB"": 0}"
ski,monte_carlo,all,0.0,38,KAKAOPAY|KB|HYUNDAI|SAMSUNG|SHINHAN|MERITZ|DB,True,True,False,0.2857142857142857,1,0.9047619047619048,0.9642857142857143,"{""KAKAOPAY"": 0, ""HYUNDAI"": 1, ""KB"": -1, ""SAMSUNG"": 0, ""SHINHAN"": 0, ""MERITZ"": 0, ""DB"": 0}"
ski,monte_carlo,all,0.0,39,KAKAOPAY|KB|HYUNDAI|SAMSUNG|SHINHAN|MERITZ|DB,True,True,False,0.2857142857142857,1,0.9047619047619048,0.9642857142857143,"{""KAKAOPAY"": 0, ""HYUNDAI"": 1, ""KB"": -1, ""SAMSUNG"": 0, ""SHINHAN"": 0, ""MERITZ"": 0, ""DB"": 0}"
ski,monte_carlo,all,0.0,40,KAKAOPAY|HYUNDAI|KB|SAMSUNG|SHINHAN|MERITZ|DB,True,True,True,0.0,0,1.0,1.0,"{""KAKAOPAY"": 0, ""HYUNDAI"": 0, ""KB"": 0, ""SAMSUNG"": 0, ""SHINHAN"": 0, ""MERITZ"": 0, ""DB"": 0}"
ski,monte_carlo,all,0.0,41,KAKAOPAY|HYUNDAI|KB|SAMSUNG|SHINHAN|MERITZ|DB,True,True,True,0.0,0,1.0,1.0,"{""KAKAOPAY"": 0, ""HYUNDAI"": 0, ""KB"": 0, ""SAMSUNG"": 0, ""SHINHAN"": 0, ""MERITZ"": 0, ""DB"": 0}"
ski,monte_carlo,all,0.0,42,KAKAOPAY|HYUNDAI|KB|SAMSUNG|SHINHAN|DB|MERITZ,True,True,True,0.2857142857142857,1,0.9047619047619048,0.9642857142857143,"{""KAKAOPAY"": 0, ""HYUNDAI"": 0, ""KB"": 0, ""SAMSUNG"": 0, ""SHINHAN"": 0, ""MERITZ"": 1, ""DB"": -1}"
ski,monte_carlo,all,0.0,43,KAKAOPAY|HYUNDAI|KB|SAMSUNG|SHINHAN|MERITZ|DB,True,True,True,0.0,0,1.0,1.0,"{""KAKAOPAY"": 0, ""HYUNDAI"": 0, ""KB"": 0, ""SAMSUNG"": 0, ""SHINHAN"": 0, ""MERITZ"": 0, ""DB"": 0}"
ski,monte_carlo,all,0.0,44,KAKAOPAY|HYUNDAI|KB|SHINHAN|SAMSUNG|DB|MERITZ,True,True,True,0.5714285714285714,1,0.8095238095238095,0.9285714285714286,"{""KAKAOPAY"": 0, ""HYUNDAI"": 0, ""KB"": 0, ""SAMSUNG"": 1, ""SHINHAN"": -1, ""MERITZ"": 1, ""DB"": -1}"
ski,monte_carlo,all,0.0,45,KAKAOPAY|HYUNDAI|KB|SAMSUNG|SHINHAN|MERITZ|DB,True,True,True,0.0,0,1.0,1.0,"{""KAKAOPAY"": 0, ""HYUNDAI"": 0, ""KB"": 0, ""SAMSUNG"": 0, ""SHINHAN"": 0, ""MERITZ"": 0, ""DB"": 0}"
ski,monte_carlo,all,0.0,46,KAKAOPAY|HYUNDAI|KB|SAMSUNG|SHINHAN|MERITZ|DB,True,True,True,0.0,0,1.0,1.0,"{""KAKAOPAY"": 0, ""HYUNDAI"": 0, ""KB"": 0, ""SAMSUNG"": 0, ""SHINHAN"": 0, ""MERITZ"": 0, ""DB"": 0}"
ski,monte_carlo,all,0.0,47,KAKAOPAY|HYUNDAI|KB|SAMSUNG|SHINHAN|MERITZ|DB,True,True,True,0.0,0,1.0,1.0,"{""KAKAOPAY"": 0, ""HYUNDAI"": 0, ""KB"": 0, ""SAMSUNG"": 0, ""SHINHAN"": 0, ""MERITZ"": 0, ""DB"": 0}"
ski,monte_carlo,all,0.0,48,KAKAOPAY|HYUNDAI|KB|SAMSUNG|SHINHAN|MERITZ|DB,True,True,True,0.0,0,1.0,1.0,"{""KAKAOPAY"": 0, ""HYUNDAI"": 0, ""KB"": 0, ""SAMSUNG"": 0, ""SHINHAN"": 0, ""MERITZ"": 0, ""DB"": 0}"
ski,monte_carlo,all,0.0,49,KAKAOPAY|KB|HYUNDAI|SAMSUNG|SHINHAN|MERITZ|DB,True,True,False,0.2857142857142857,1,0.9047619047619048,0.9642857142857143,"{""KAKAOPAY"": 0, ""HYUNDAI"": 1, ""KB"": -1, ""SAMSUNG"": 0, ""SHINHAN"": 0, ""MERITZ"": 0, ""DB"": 0}"
ski,monte_carlo,all,0.0,50,KAKAOPAY|HYUNDAI|KB|SAMSUNG|SHINHAN|MERITZ|DB,True,True,True,0.0,0,1.0,1.0,"{""KAKAOPAY"": 0, ""HYUNDAI"": 0, ""KB"": 0, ""SAMSUNG"": 0, ""SHINHAN"": 0, ""MERITZ"": 0, ""DB"": 0}"
ski,monte_carlo,all,0.0,51,KAKAOPAY|HYUNDAI|KB|SAMSUNG|SHINHAN|MERITZ|DB,True,True,True,0.0,0,1.0,1.0,"{""KAKAOPAY"": 0, ""HYUNDAI"": 0, ""KB"": 0, ""SAMSUNG"": 0, ""SHINHAN"": 0, ""MERITZ"": 0, ""DB"": 0}"
ski,monte_carlo,all,0.0,52,KAKAOPAY|HYUNDAI|KB|SAMSUNG|SHINHAN|MERITZ|DB,True,True,True,0.0,0,1.0,1.0,"{""KAKAOPAY"": 0, ""HYUNDAI"": 0, ""KB"": 0, ""SAMSUNG"": 0, ""SHINHAN"": 0, ""MERITZ"": 0, ""DB"": 0}"
ski,monte_carlo,all,0.0,53,KAKAOPAY|KB|SAMSUNG|HYUNDAI|SHINHAN|MERITZ|DB,True,False,False,0.5714285714285714,2,0.8095238095238095,0.8928571428571429,"{""KAKAOPAY"": 0, ""HYUNDAI"": 2, ""KB"": -1, ""SAMSUNG"": -1, ""SHINHAN"": 0, ""MERITZ"": 0, ""DB"": 0}"
ski,monte_carlo,all,0.0,54,KAKAOPAY|HYUNDAI|KB|SAMSUNG|SHINHAN|MERITZ|DB,True,True,True,0.0,0,1.0,1.0,"{""KAKAOPAY"": 0, ""HYUNDAI"": 0, ""KB"": 0, ""SAMSUNG"": 0, ""SHINHAN"": 0, ""MERITZ"": 0, ""DB"": 0}"
ski,monte_carlo,all,0.0,55,KAKAOPAY|HYUNDAI|KB|SAMSUNG|SHINHAN|MERITZ|DB,True,True,True,0.0,0,1.0,1.0,"{""KAKAOPAY"": 0, ""HYUNDAI"": 0, ""KB"": 0, ""SAMSUNG"": 0, ""SHINHAN"": 0, ""MERITZ"": 0, ""DB"": 0}"
ski,monte_carlo,all,0.0,56,KAKAOPAY|HYUNDAI|KB|SHINHAN|SAMSUNG|DB|MERITZ,True,True,True,0.5714285714285714,1,0.8095238095238095,0.9285714285714286,"{""KAKAOPAY"": 0, ""HYUNDAI"": 0, ""KB"": 0, ""SAMSUNG"": 1, ""SHINHAN"": -1, ""MERITZ"": 1, ""DB"": -1}"
ski,monte_carlo,all,0.0,57,KAKAOPAY|HYUNDAI|KB|SAMSUNG|SHINHAN|DB|MERITZ,True,True,True,0.2857142857142857,1,0.9047619047619048,0.9642857142857143,"{""KAKAOPAY"": 0, ""HYUNDAI"": 0, ""KB"": 0, ""SAMSUNG"": 0, ""SHINHAN"": 0, ""MERITZ"": 1, ""DB"": -1}"
ski,monte_carlo,all,0.0,58,KAKAOPAY|KB|HYUNDAI|SAMSUNG|SHINHAN|MERITZ|DB,True,True,False,0.2857142857142857,1,0.9047619047619048,0.9642857142857143,"{""KAKAOPAY"": 0, ""HYUNDAI"": 1, ""KB"": -1, ""SAMSUNG"": 0, ""SHINHAN"": 0, ""MERITZ"": 0, ""DB"": 0}"
ski,monte_carlo,all,0.0,59,KAKAOPAY|HYUNDAI|KB|SAMSUNG|SHINHAN|MERITZ|DB,True,True,True,0.0,0,1.0,1.0,"{""KAKAOPAY"": 0, ""HYUNDAI"": 0, ""KB"": 0, ""SAMSUNG"": 0, ""SHINHAN"": 0, ""MERITZ"": 0, ""DB"": 0}"
ski,monte_carlo,all,0.0,60,KAKAOPAY|HYUNDAI|KB|SAMSUNG|SHINHAN|MERITZ|DB,True,True,True,0.0,0,1.0,1.0,"{""KAKAOPAY"": 0, ""HYUNDAI"": 0, ""KB"": 0, ""SAMSUNG"": 0, ""SHINHAN"": 0, ""MERITZ"": 0, ""DB"": 0}"
ski,monte_carlo,all,0.0,61,KAKAOPAY|SAMSUNG|KB|HYUNDAI|SHINHAN|MERITZ|DB,True,False,False,0.5714285714285714,2,0.7142857142857143,0.8571428571428572,"{""KAKAOPAY"": 0, ""HYUNDAI"": 2, ""KB"": 0, ""SAMSUNG"": -2, ""SHINHAN"": 0, ""MERITZ"": 0, ""DB"": 0}"
ski,monte_carlo,all,0.0,62,KAKAOPAY|HYUNDAI|KB|SAMSUNG|SHINHAN|MERITZ|DB,True,True,True,0.0,0,1.0,1.0,"{""KAKAOPAY"": 0, ""HYUNDAI"": 0, ""KB"": 0, ""SAMSUNG"": 0, ""SHINHAN"": 0, ""MERITZ"": 0, ""DB"": 0}"
ski,monte_carlo,all,0.0,63,KAKAOPAY|HYUNDAI|KB|SAMSUNG|SHINHAN|DB|MERITZ,True,True,True,0.2857142857142857,1,0.9047619047619048,0.9642857142857143,"{""KAKAOPAY"": 0, ""HYUNDAI"": 0, ""KB"": 0, ""SAMSUNG"": 0, ""SHINHAN"": 0, ""MERITZ"": 1, ""DB"": -1}"
ski,monte_carlo,all,0.0,64,KAKAOPAY|HYUNDAI|KB|SHINHAN|SAMSUNG|DB|MERITZ,True,True,True,0.5714285714285714,1,0.8095238095238095,0.9285714285714286,"{""KAKAOPAY"": 0, ""HYUNDAI"": 0, ""KB"": 0, ""SAMSUNG"": 1, ""SHINHAN"": -1, ""MERITZ"": 1, ""DB"": -1}"
ski,monte_carlo,all,0.0,65,KAKAOPAY|HYUNDAI|KB|SAMSUNG|SHINHAN|MERITZ|DB,True,True,True,0.0,0,1.0,1.0,"{""KAKAOPAY"": 0, ""HYUNDAI"": 0, ""KB"": 0, ""SAMSUNG"": 0, ""SHINHAN"": 0, ""MERITZ"": 0, ""DB"": 0}"
ski,monte_carlo,all,0.0,66,KAKAOPAY|HYUNDAI|KB|SAMSUNG|SHINHAN|DB|MERITZ,True,True,True,0.2857142857142857,1,0.9047619047619048,0.9642857142857143,"{""KAKAOPAY"": 0, ""HYUNDAI"": 0, ""KB"": 0, ""SAMSUNG"": 0, ""SHINHAN"": 0, ""MERITZ"": 1, ""DB"": -1}"
ski,monte_carlo,all,0.0,67,KAKAOPAY|HYUNDAI|KB|SAMSUNG|SHINHAN|MERITZ|DB,True,True,True,0.0,0,1.0,1.0,"{""KAKAOPAY"": 0, ""HYUNDAI"": 0, ""KB"": 0, ""SAMSUNG"": 0, ""SHINHAN"": 0, ""MERITZ"": 0, ""DB"": 0}"
ski,monte_carlo,all,0.0,68,KAKAOPAY|HYUNDAI|KB|SAMSUNG|SHINHAN|DB|MERITZ,True,True,True,0.2857142857142857,1,0.9047619047619048,0.9642857142857143,"{""KAKAOPAY"": 0, ""HYUNDAI"": 0, ""KB"": 0, ""SAMSUNG"": 0, ""SHINHAN"": 0, ""MERITZ"": 1, ""DB"": -1}"
ski,monte_carlo,all,0.0,69,KAKAOPAY|HYUNDAI|KB|SAMSUNG|SHINHAN|MERITZ|DB,True,True,True,0.0,0,1.0,1.0,"{""KAKAOPAY"": 0, ""HYUNDAI"": 0, ""KB"": 0, ""SAMSUNG"": 0, ""SHINHAN"": 0, ""MERITZ"": 0, ""DB"": 0}"
ski,monte_carlo,all,0.0,70,KAKAOPAY|HYUNDAI|KB|SAMSUNG|SHINHAN|MERITZ|DB,True,True,True,0.0,0,1.0,1.0,"{""KAKAOPAY"": 0, ""HYUNDAI"": 0, ""KB"": 0, ""SAMSUNG"": 0, ""SHINHAN"": 0, ""MERITZ"": 0, ""DB"": 0}"
ski,monte_carlo,all,0.0,71,KAKAOPAY|HYUNDAI|KB|SAMSUNG|SHINHAN|MERITZ|DB,True,True,True,0.0,0,1.0,1.0,"{""KAKAOPAY"": 0, ""HYUNDAI"": 0, ""KB"": 0, ""SAMSUNG"": 0, ""SHINHAN"": 0, ""MERITZ"": 0, ""DB"": 0}"
ski,monte_carlo,all,0.0,72,KAKAOPAY|KB|SAMSUNG|HYUNDAI|SHINHAN|MERITZ|DB,True,False,False,0.5714285714285714,2,0.8095238095238095,0.8928571428571429,"{""KAKAOPAY"": 0, ""HYUNDAI"": 2, ""KB"": -1, ""SAMSUNG"": -1, ""SHINHAN"": 0, ""MERITZ"": 0, ""DB"": 0}"
ski,monte_carlo,all,0.0,73,KAKAOPAY|HYUNDAI|KB|SAMSUNG|SHINHAN|MERITZ|DB,True,True,True,0.0,0,1.0,1.0,"{""KAKAOPAY"": 0, ""HYUNDAI"": 0, ""KB"": 0, ""SAMSUNG"": 0, ""SHINHAN"": 0, ""MERITZ"": 0, ""DB"": 0}"
ski,monte_carlo,all,0.0,74,KAKAOPAY|KB|SAMSUNG|HYUNDAI|SHINHAN|MERITZ|DB,True,False,False,0.5714285714285714,2,0.8095238095238095,0.8928571428571429,"{""KAKAOPAY"": 0, ""HYUNDAI"": 2, ""KB"": -1, ""SAMSUNG"": -1, ""SHINHAN"": 0, ""MERITZ"": 0, ""DB"": 0}"
ski,monte_carlo,all,0.0,75,KAKAOPAY|HYUNDAI|KB|SAMSUNG|SHINHAN|MERITZ|DB,True,True,True,0.0,0,1.0,1.0,"{""KAKAOPAY"": 0, ""HYUNDAI"": 0, ""KB"": 0, ""SAMSUNG"": 0, ""SHINHAN"": 0, ""MERITZ"": 0, ""DB"": 0}"
ski,monte_carlo,all,0.0,76,KAKAOPAY|HYUNDAI|KB|SHINHAN|SAMSUNG|MERITZ|DB,True,True,True,0.2857142857142857,1,0.9047619047619048,0.9642857142857143,"{""KAKAOPAY"": 0, ""HYUNDAI"": 0, ""KB"": 0, ""SAMSUNG"": 1, ""SHINHAN"": -1, ""MERITZ"": 0, ""DB"": 0}"
ski,monte_carlo,all,0.0,77,KAKAOPAY|HYUNDAI|KB|SAMSUNG|SHINHAN|DB|MERITZ,True,True,True,0.2857142857142857,1,0.9047619047619048,0.9642857142857143,"{""KAKAOPAY"": 0, ""HYUNDAI"": 0, ""KB"": 0, ""SAMSUNG"": 0, ""SHINHAN"": 0, ""MERITZ"": 1, ""DB"": -1}"
ski,monte_carlo,all,0.0,78,KAKAOPAY|HYUNDAI|KB|SAMSUNG|SHINHAN|MERITZ|DB,True,True,True,0.0,0,1.0,1.0,"{""KAKAOPAY"": 0, ""HYUNDAI"": 0, ""KB"": 0, ""SAMSUNG"": 0, ""SHINHAN"": 0, ""MERITZ"": 0, ""DB"": 0}"
ski,monte_carlo,all,0.0,79,KAKAOPAY|HYUNDAI|KB|SAMSUNG|SHINHAN|MERITZ|DB,True,True,True,0.0,0,1.0,1.0,"{""KAKAOPAY"": 0, ""HYUNDAI"": 0, ""KB"": 0, ""SAMSUNG"": 0, ""SHINHAN"": 0, ""MERITZ"": 0, ""DB"": 0}"
ski,monte_carlo,all,0.0,80,KAKAOPAY|KB|HYUNDAI|SAMSUNG|SHINHAN|MERITZ|DB,True,True,False,0.2857142857142857,1,0.9047619047619048,0.9642857142857143,"{""KAKAOPAY"": 0, ""HYUNDAI"": 1, ""KB"": -1, ""SAMSUNG"": 0, ""SHINHAN"": 0, ""MERITZ"": 0, ""DB"": 0}"
ski,monte_carlo,all,0.0,81,KAKAOPAY|HYUNDAI|KB|SAMSUNG|SHINHAN|MERITZ|DB,True,True,True,0.0,0,1.0,1.0,"{""KAKAOPAY"": 0, ""HYUNDAI"": 0, ""KB"": 0, ""SAMSUNG"": 0, ""SHINHAN"": 0, ""MERITZ"": 0, ""DB"": 0}"
ski,monte_carlo,all,0.0,82,KAKAOPAY|HYUNDAI|KB|SAMSUNG|SHINHAN|MERITZ|DB,True,True,True,0.0,0,1.0,1.0,"{""KAKAOPAY"": 0, ""HYUNDAI"": 0, ""KB"": 0, ""SAMSUNG"": 0, ""SHINHAN"": 0, ""MERITZ"": 0, ""DB"": 0}"
ski,monte_carlo,all,0.0,83,KAKAOPAY|HYUNDAI|KB|SHINHAN|SAMSUNG|DB|MERITZ,True,True,True,0.5714285714285714,1,0.8095238095238095,0.9285714285714286,"{""KAKAOPAY"": 0, ""HYUNDAI"": 0, ""KB"": 0, ""SAMSUNG"": 1, ""SHINHAN"": -1, ""MERITZ"": 1, ""DB"": -1}"
ski,monte_carlo,all,0.0,84,KAKAOPAY|HYUNDAI|KB|SAMSUNG|SHINHAN|MERITZ|DB,True,True,True,0.0,0,1.0,1.0,"{""KAKAOPAY"": 0, ""HYUNDAI"": 0, ""KB"": 0, ""SAMSUNG"": 0, ""SHINHAN"": 0, ""MERITZ"": 0, ""DB"": 0}"
ski,monte_carlo,all,0.0,85,KAKAOPAY|HYUNDAI|KB|SAMSUNG|SHINHAN|MERITZ|DB,True,True,True,0.0,0,1.0,1.0,"{""KAKAOPAY"": 0, ""HYUNDAI"": 0, ""KB"": 0, ""SAMSUNG"": 0, ""SHINHAN"": 0, ""MERITZ"": 0, ""DB"": 0}"
ski,monte_carlo,all,0.0,86,KAKAOPAY|HYUNDAI|KB|SAMSUNG|SHINHAN|MERITZ|DB,True,True,True,0.0,0,1.0,1.0,"{""KAKAOPAY"": 0, ""HYUNDAI"": 0, ""KB"": 0, ""SAMSUNG"": 0, ""SHINHAN"": 0, ""MERITZ"": 0, ""DB"": 0}"
ski,monte_carlo,all,0.0,87,KAKAOPAY|HYUNDAI|KB|SAMSUNG|SHINHAN|MERITZ|DB,True,True,True,0.0,0,1.0,1.0,"{""KAKAOPAY"": 0, ""HYUNDAI"": 0, ""KB"": 0, ""SAMSUNG"": 0, ""SHINHAN"": 0, ""MERITZ"": 0, ""DB"": 0}"
ski,monte_carlo,all,0.0,88,KAKAOPAY|HYUNDAI|KB|SAMSUNG|SHINHAN|MERITZ|DB,True,True,True,0.0,0,1.0,1.0,"{""KAKAOPAY"": 0, ""HYUNDAI"": 0, ""KB"": 0, ""SAMSUNG"": 0, ""SHINHAN"": 0, ""MERITZ"": 0, ""DB"": 0}"
ski,monte_carlo,all,0.0,89,KAKAOPAY|HYUNDAI|KB|SAMSUNG|SHINHAN|MERITZ|DB,True,True,True,0.0,0,1.0,1.0,"{""KAKAOPAY"": 0, ""HYUNDAI"": 0, ""KB"": 0, ""SAMSUNG"": 0, ""SHINHAN"": 0, ""MERITZ"": 0, ""DB"": 0}"
ski,monte_carlo,all,0.0,90,KAKAOPAY|HYUNDAI|KB|SAMSUNG|SHINHAN|DB|MERITZ,True,True,True,0.2857142857142857,1,0.9047619047619048,0.9642857142857143,"{""KAKAOPAY"": 0, ""HYUNDAI"": 0, ""KB"": 0, ""SAMSUNG"": 0, ""SHINHAN"": 0, ""MERITZ"": 1, ""DB"": -1}"
ski,monte_carlo,all,0.0,91,KAKAOPAY|HYUNDAI|KB|SAMSUNG|SHINHAN|DB|MERITZ,True,True,True,0.2857142857142857,1,0.9047619047619048,0.9642857142857143,"{""KAKAOPAY"": 0, ""HYUNDAI"": 0, ""KB"": 0, ""SAMSUNG"": 0, ""SHINHAN"": 0, ""MERITZ"": 1, ""DB"": -1}"
ski,monte_carlo,all,0.0,92,KAKAOPAY|HYUNDAI|KB|SAMSUNG|SHINHAN|DB|MERITZ,True,True,True,0.2857142857142857,1,0.9047619047619048,0.9642857142857143,"{""KAKAOPAY"": 0, ""HYUNDAI"": 0, ""KB"": 0, ""SAMSUNG"": 0, ""SHINHAN"": 0, ""MERITZ"": 1, ""DB"": -1}"
ski,monte_carlo,all,0.0,93,KAKAOPAY|HYUNDAI|KB|SHINHAN|SAMSUNG|DB|MERITZ,True,True,True,0.5714285714285714,1,0.8095238095238095,0.9285714285714286,"{""KAKAOPAY"": 0, ""HYUNDAI"": 0, ""KB"": 0, ""SAMSUNG"": 1, ""SHINHAN"": -1, ""MERITZ"": 1, ""DB"": -1}"
ski,monte_carlo,all,0.0,94,KAKAOPAY|HYUNDAI|KB|SAMSUNG|SHINHAN|MERITZ|DB,True,True,True,0.0,0,1.0,1.0,"{""KAKAOPAY"": 0, ""HYUNDAI"": 0, ""KB"": 0, ""SAMSUNG"": 0, ""SHINHAN"": 0, ""MERITZ"": 0, ""DB"": 0}"
ski,monte_carlo,all,0.0,95,KAKAOPAY|HYUNDAI|KB|SHINHAN|SAMSUNG|DB|MERITZ,True,True,True,0.5714285714285714,1,0.8095238095238095,0.9285714285714286,"{""KAKAOPAY"": 0, ""HYUNDAI"": 0, ""KB"": 0, ""SAMSUNG"": 1, ""SHINHAN"": -1, ""MERITZ"": 1, ""DB"": -1}"
ski,monte_carlo,all,0.0,96,KAKAOPAY|HYUNDAI|KB|SAMSUNG|SHINHAN|MERITZ|DB,True,True,True,0.0,0,1.0,1.0,"{""KAKAOPAY"": 0, ""HYUNDAI"": 0, ""KB"": 0, ""SAMSUNG"": 0, ""SHINHAN"": 0, ""MERITZ"": 0, ""DB"": 0}"
ski,monte_carlo,all,0.0,97,KAKAOPAY|HYUNDAI|KB|SHINHAN|SAMSUNG|MERITZ|DB,True,True,True,0.2857142857142857,1,0.9047619047619048,0.9642857142857143,"{""KAKAOPAY"": 0, ""HYUNDAI"": 0, ""KB"": 0, ""SAMSUNG"": 1, ""SHINHAN"": -1, ""MERITZ"": 0, ""DB"": 0}"
ski,monte_carlo,all,0.0,98,KAKAOPAY|HYUNDAI|KB|SAMSUNG|SHINHAN|MERITZ|DB,True,True,True,0.0,0,1.0,1.0,"{""KAKAOPAY"": 0, ""HYUNDAI"": 0, ""KB"": 0, ""SAMSUNG"": 0, ""SHINHAN"": 0, ""MERITZ"": 0, ""DB"": 0}"
ski,monte_carlo,all,0.0,99,KAKAOPAY|KB|SAMSUNG|HYUNDAI|SHINHAN|MERITZ|DB,True,False,False,0.5714285714285714,2,0.8095238095238095,0.8928571428571429,"{""KAKAOPAY"": 0, ""HYUNDAI"": 2, ""KB"": -1, ""SAMSUNG"": -1, ""SHINHAN"": 0, ""MERITZ"": 0, ""DB"": 0}"
ski,monte_carlo,all,0.0,100,KAKAOPAY|HYUNDAI|KB|SAMSUNG|SHINHAN|MERITZ|DB,True,True,True,0.0,0,1.0,1.0,"{""KAKAOPAY"": 0, ""HYUNDAI"": 0, ""KB"": 0, ""SAMSUNG"": 0, ""SHINHAN"": 0, ""MERITZ"": 0, ""DB"": 0}"
ski,monte_carlo,all,0.0,101,KAKAOPAY|HYUNDAI|KB|SAMSUNG|SHINHAN|MERITZ|DB,True,True,True,0.0,0,1.0,1.0,"{""KAKAOPAY"": 0, ""HYUNDAI"": 0, ""KB"": 0, ""SAMSUNG"": 0, ""SHINHAN"": 0, ""MERITZ"": 0, ""DB"": 0}"
ski,monte_carlo,all,0.0,102,KAKAOPAY|HYUNDAI|KB|SAMSUNG|SHINHAN|MERITZ|DB,True,True,True,0.0,0,1.0,1.0,"{""KAKAOPAY"": 0, ""HYUNDAI"": 0, ""KB"": 0, ""SAMSUNG"": 0, ""SHINHAN"": 0, ""MERITZ"": 0, ""DB"": 0}"
ski,monte_carlo,all,0.0,103,KAKAOPAY|HYUNDAI|KB|SAMSUNG|SHINHAN|MERITZ|DB,True,True,True,0.0,0,1.0,1.0,"{""KAKAOPAY"": 0, ""HYUNDAI"": 0, ""KB"": 0, ""SAMSUNG"": 0, ""SHINHAN"": 0, ""MERITZ"": 0, ""DB"": 0}"
ski,monte_carlo,all,0.0,104,KAKAOPAY|HYUNDAI|KB|SAMSUNG|SHINHAN|MERITZ|DB,True,True,True,0.0,0,1.0,1.0,"{""KAKAOPAY"": 0, ""HYUNDAI"": 0, ""KB"": 0, ""SAMSUNG"": 0, ""SHINHAN"": 0, ""MERITZ"": 0, ""DB"": 0}"
ski,monte_carlo,all,0.0,105,KAKAOPAY|HYUNDAI|KB|SAMSUNG|SHINHAN|MERITZ|DB,True,True,True,0.0,0,1.0,1.0,"{""KAKAOPAY"": 0, ""HYUNDAI"": 0, ""KB"": 0, ""SAMSUNG"": 0, ""SHINHAN"": 0, ""MERITZ"": 0, ""DB"": 0}"
ski,monte_carlo,all,0.0,106,KAKAOPAY|HYUNDAI|KB|SAMSUNG|SHINHAN|MERITZ|DB,True,True,True,0.0,0,1.0,1.0,"{""KAKAOPAY"": 0, ""HYUNDAI"": 0, ""KB"": 0, ""SAMSUNG"": 0, ""SHINHAN"": 0, ""MERITZ"": 0, ""DB"": 0}"
ski,monte_carlo,all,0.0,107,KAKAOPAY|HYUNDAI|KB|SAMSUNG|SHINHAN|MERITZ|DB,True,True,True,0.0,0,1.0,1.0,"{""KAKAOPAY"": 0, ""HYUNDAI"": 0, ""KB"": 0, ""SAMSUNG"": 0, ""SHINHAN"": 0, ""MERITZ"": 0, ""DB"": 0}"
ski,monte_carlo,all,0.0,108,KAKAOPAY|HYUNDAI|KB|SAMSUNG|SHINHAN|MERITZ|DB,True,True,True,0.0,0,1.0,1.0,"{""KAKAOPAY"": 0, ""HYUNDAI"": 0, ""KB"": 0, ""SAMSUNG"": 0, ""SHINHAN"": 0, ""MERITZ"": 0, ""DB"": 0}"
ski,monte_carlo,all,0.0,109,KAKAOPAY|HYUNDAI|KB|SAMSUNG|SHINHAN|MERITZ|DB,True,True,True,0.0,0,1.0,1.0,"{""KAKAOPAY"": 0, ""HYUNDAI"": 0, ""KB"": 0, ""SAMSUNG"": 0, ""SHINHAN"": 0, ""MERITZ"": 0, ""DB"": 0}"
ski,monte_carlo,all,0.0,110,KAKAOPAY|HYUNDAI|KB|SHINHAN|SAMSUNG|MERITZ|DB,True,True,True,0.2857142857142857,1,0.9047619047619048,0.9642857142857143,"{""KAKAOPAY"": 0, ""HYUNDAI"": 0, ""KB"": 0, ""SAMSUNG"": 1, ""SHINHAN"": -1, ""MERITZ"": 0, ""DB"": 0}"
ski,monte_carlo,all,0.0,111,KAKAOPAY|HYUNDAI|KB|SAMSUNG|SHINHAN|MERITZ|DB,True,True,True,0.0,0,1.0,1.0,"{""KAKAOPAY"": 0, ""HYUNDAI"": 0, ""KB"": 0, ""SAMSUNG"": 0, ""SHINHAN"": 0, ""MERITZ"": 0, ""DB"": 0}"
ski,monte_carlo,all,0.0,112,KAKAOPAY|HYUNDAI|KB|SAMSUNG|SHINHAN|MERITZ|DB,True,True,True,0.0,0,1.0,1.0,"{""KAKAOPAY"": 0, ""HYUNDAI"": 0, ""KB"": 0, ""SAMSUNG"": 0, ""SHINHAN"": 0, ""MERITZ"": 0, ""DB"": 0}"
ski,monte_carlo,all,0.0,113,KAKAOPAY|HYUNDAI|KB|SAMSUNG|SHINHAN|MERITZ|DB,True,True,True,0.0,0,1.0,1.0,"{""KAKAOPAY"": 0, ""HYUNDAI"": 0, ""KB"": 0, ""SAMSUNG"": 0, ""SHINHAN"": 0, ""MERITZ"": 0, ""DB"": 0}"
ski,monte_carlo,all,0.0,114,KAKAOPAY|KB|HYUNDAI|SAMSUNG|SHINHAN|MERITZ|DB,True,True,False,0.2857142857142857,1,0.9047619047619048,0.9642857142857143,"{""KAKAOPAY"": 0, ""HYUNDAI"": 1, ""KB"": -1, ""SAMSUNG"": 0, ""SHINHAN"": 0, ""MERITZ"": 0, ""DB"": 0}"
ski,monte_carlo,all,0.0,115,KAKAOPAY|HYUNDAI|KB|SAMSUNG|SHINHAN|MERITZ|DB,True,True,True,0.0,0,1.0,1.0,"{""KAKAOPAY"": 0, ""HYUNDAI"": 0, ""KB"": 0, ""SAMSUNG"": 0, ""SHINHAN"": 0, ""MERITZ"": 0, ""DB"": 0}"
ski,monte_carlo,all,0.0,116,KAKAOPAY|HYUNDAI|KB|SHINHAN|SAMSUNG|DB|MERITZ,True,True,True,0.5714285714285714,1,0.8095238095238095,0.9285714285714286,"{""KAKAOPAY"": 0, ""HYUNDAI"": 0, ""KB"": 0, ""SAMSUNG"": 1, ""SHINHAN"": -1, ""MERITZ"": 1, ""DB"": -1}"
ski,monte_carlo,all,0.0,117,KAKAOPAY|HYUNDAI|KB|SAMSUNG|SHINHAN|MERITZ|DB,True,True,True,0.0,0,1.0,1.0,"{""KAKAOPAY"": 0, ""HYUNDAI"": 0, ""KB"": 0, ""SAMSUNG"": 0, ""SHINHAN"": 0, ""MERITZ"": 0, ""DB"": 0}"
ski,monte_carlo,all,0.0,118,KAKAOPAY|KB|SAMSUNG|HYUNDAI|SHINHAN|MERITZ|DB,True,False,False,0.5714285714285714,2,0.8095238095238095,0.8928571428571429,"{""KAKAOPAY"": 0, ""HYUNDAI"": 2, ""KB"": -1, ""SAMSUNG"": -1, ""SHINHAN"": 0, ""MERITZ"": 0, ""DB"": 0}"
ski,monte_carlo,all,0.0,119,KAKAOPAY|HYUNDAI|KB|SAMSUNG|SHINHAN|MERITZ|DB,True,True,True,0.0,0,1.0,1.0,"{""KAKAOPAY"": 0, ""HYUNDAI"": 0, ""KB"": 0, ""SAMSUNG"": 0, ""SHINHAN"": 0, ""MERITZ"": 0, ""DB"": 0}"
ski,monte_carlo,all,0.0,120,KAKAOPAY|HYUNDAI|KB|SAMSUNG|SHINHAN|MERITZ|DB,True,True,True,0.0,0,1.0,1.0,"{""KAKAOPAY"": 0, ""HYUNDAI"": 0, ""KB"": 0, ""SAMSUNG"": 0, ""SHINHAN"": 0, ""MERITZ"": 0, ""DB"": 0}"
ski,monte_carlo,all,0.0,121,KAKAOPAY|KB|SAMSUNG|HYUNDAI|SHINHAN|MERITZ|DB,True,False,False,0.5714285714285714,2,0.8095238095238095,0.8928571428571429,"{""KAKAOPAY"": 0, ""HYUNDAI"": 2, ""KB"": -1, ""SAMSUNG"": -1, ""SHINHAN"": 0, ""MERITZ"": 0, ""DB"": 0}"
ski,monte_carlo,all,0.0,122,KAKAOPAY|HYUNDAI|KB|SAMSUNG|SHINHAN|DB|MERITZ,True,True,True,0.2857142857142857,1,0.9047619047619048,0.9642857142857143,"{""KAKAOPAY"": 0, ""HYUNDAI"": 0, ""KB"": 0, ""SAMSUNG"": 0, ""SHINHAN"": 0, ""MERITZ"": 1, ""DB"": -1}"
ski,monte_carlo,all,0.0,123,KAKAOPAY|HYUNDAI|KB|SHINHAN|SAMSUNG|DB|MERITZ,True,True,True,0.5714285714285714,1,0.8095238095238095,0.9285714285714286,"{""KAKAOPAY"": 0, ""HYUNDAI"": 0, ""KB"": 0, ""SAMSUNG"": 1, ""SHINHAN"": -1, ""MERITZ"": 1, ""DB"": -1}"
ski,monte_carlo,all,0.0,124,KAKAOPAY|HYUNDAI|KB|SAMSUNG|SHINHAN|MERITZ|DB,True,True,True,0.0,0,1.0,1.0,"{""KAKAOPAY"": 0, ""HYUNDAI"": 0, ""KB"": 0, ""SAMSUNG"": 0, ""SHINHAN"": 0, ""MERITZ"": 0, ""DB"": 0}"
ski,monte_carlo,all,0.0,125,KAKAOPAY|HYUNDAI|KB|SAMSUNG|SHINHAN|DB|MERITZ,True,True,True,0.2857142857142857,1,0.9047619047619048,0.9642857142857143,"{""KAKAOPAY"": 0, ""HYUNDAI"": 0, ""KB"": 0, ""SAMSUNG"": 0, ""SHINHAN"": 0, ""MERITZ"": 1, ""DB"": -1}"
ski,monte_carlo,all,0.0,126,KAKAOPAY|HYUNDAI|KB|SAMSUNG|SHINHAN|MERITZ|DB,True,True,True,0.0,0,1.0,1.0,"{""KAKAOPAY"": 0, ""HYUNDAI"": 0, ""KB"": 0, ""SAMSUNG"": 0, ""SHINHAN"": 0, ""MERITZ"": 0, ""DB"": 0}"
ski,monte_carlo,all,0.0,127,KAKAOPAY|HYUNDAI|KB|SAMSUNG|SHINHAN|MERITZ|DB,True,True,True,0.0,0,1.0,1.0,"{""KAKAOPAY"": 0, ""HYUNDAI"": 0, ""KB"": 0, ""SAMSUNG"": 0, ""SHINHAN"": 0, ""MERITZ"": 0, ""DB"": 0}"
ski,monte_carlo,all,0.0,128,KAKAOPAY|KB|HYUNDAI|SAMSUNG|SHINHAN|MERITZ|DB,True,True,False,0.2857142857142857,1,0.9047619047619048,0.9642857142857143,"{""KAKAOPAY"": 0, ""HYUNDAI"": 1, ""KB"": -1, ""SAMSUNG"": 0, ""SHINHAN"": 0, ""MERITZ"": 0, ""DB"": 0}"
ski,monte_carlo,all,0.0,129,KAKAOPAY|KB|SAMSUNG|HYUNDAI|SHINHAN|MERITZ|DB,True,False,False,0.5714285714285714,2,0.8095238095238095,0.8928571428571429,"{""KAKAOPAY"": 0, ""HYUNDAI"": 2, ""KB"": -1, ""SAMSUNG"": -1, ""SHINHAN"": 0, ""MERITZ"": 0, ""DB"": 0}"
ski,monte_carlo,all,0.0,130,KAKAOPAY|HYUNDAI|KB|SAMSUNG|SHINHAN|MERITZ|DB,True,True,True,0.0,0,1.0,1.0,"{""KAKAOPAY"": 0, ""HYUNDAI"": 0, ""KB"": 0, ""SAMSUNG"": 0, ""SHINHAN"": 0, ""MERITZ"": 0, ""DB"": 0}"
ski,monte_carlo,all,0.0,131,KAKAOPAY|HYUNDAI|KB|SAMSUNG|SHINHAN|MERITZ|DB,True,True,True,0.0,0,1.0,1.0,"{""KAKAOPAY"": 0, ""HYUNDAI"": 0, ""KB"": 0, ""SAMSUNG"": 0, ""SHINHAN"": 0, ""MERITZ"": 0, ""DB"": 0}"
ski,monte_carlo,all,0.0,132,KAKAOPAY|HYUNDAI|KB|SAMSUNG|SHINHAN|DB|MERITZ,True,True,True,0.2857142857142857,1,0.9047619047619048,0.9642857142857143,"{""KAKAOPAY"": 0, ""HYUNDAI"": 0, ""KB"": 0, ""SAMSUNG"": 0, ""SHINHAN"": 0, ""MERITZ"": 1, ""DB"": -1}"
ski,monte_carlo,all,0.0,133,KAKAOPAY|HYUNDAI|KB|SHINHAN|SAMSUNG|DB|MERITZ,True,True,True,0.5714285714285714,1,0.8095238095238095,0.9285714285714286,"{""KAKAOPAY"": 0, ""HYUNDAI"": 0, ""KB"": 0, ""SAMSUNG"": 1, ""SHINHAN"": -1, ""MERITZ"": 1, ""DB"": -1}"
ski,monte_carlo,all,0.0,134,KAKAOPAY|HYUNDAI|KB|SAMSUNG|SHINHAN|MERITZ|DB,True,True,True,0.0,0,1.0,1.0,"{""KAKAOPAY"": 0, ""HYUNDAI"": 0, ""KB"": 0, ""SAMSUNG"": 0, ""SHINHAN"": 0, ""MERITZ"": 0, ""DB"": 0}"
ski,monte_carlo,all,0.0,135,KAKAOPAY|HYUNDAI|KB|SAMSUNG|SHINHAN|MERITZ|DB,True,True,True,0.0,0,1.0,1.0,"{""KAKAOPAY"": 0, ""HYUNDAI"": 0, ""KB"": 0, ""SAMSUNG"": 0, ""SHINHAN"": 0, ""MERITZ"": 0, ""DB"": 0}"
ski,monte_carlo,all,0.0,136,KAKAOPAY|HYUNDAI|KB|SAMSUNG|SHINHAN|MERITZ|DB,True,True,True,0.0,0,1.0,1.0,"{""KAKAOPAY"": 0, ""HYUNDAI"": 0, ""KB"": 0, ""SAMSUNG"": 0, ""SHINHAN"": 0, ""MERITZ"": 0, ""DB"": 0}"
ski,monte_carlo,all,0.0,137,KAKAOPAY|HYUNDAI|KB|SAMSUNG|SHINHAN|MERITZ|DB,True,True,True,0.0,0,1.0,1.0,"{""KAKAOPAY"": 0, ""HYUNDAI"": 0, ""KB"": 0, ""SAMSUNG"": 0, ""SHINHAN"": 0, ""MERITZ"": 0, ""DB"": 0}"
ski,monte_carlo,all,0.0,138,KAKAOPAY|KB|HYUNDAI|SAMSUNG|SHINHAN|MERITZ|DB,True,True,False,0.2857142857142857,1,0.9047619047619048,0.9642857142857143,"{""KAKAOPAY"": 0, ""HYUNDAI"": 1, ""KB"": -1, ""SAMSUNG"": 0, ""SHINHAN"": 0, ""MERITZ"": 0, ""DB"": 0}"
ski,monte_carlo,all,0.0,139,KAKAOPAY|HYUNDAI|KB|SHINHAN|SAMSUNG|DB|MERITZ,True,True,True,0.5714285714285714,1,0.8095238095238095,0.9285714285714286,"{""KAKAOPAY"": 0, ""HYUNDAI"": 0, ""KB"": 0, ""SAMSUNG"": 1, ""SHINHAN"": -1, ""MERITZ"": 1, ""DB"": -1}"
ski,monte_carlo,all,0.0,140,KAKAOPAY|HYUNDAI|KB|SAMSUNG|SHINHAN|MERITZ|DB,True,True,True,0.0,0,1.0,1.0,"{""KAKAOPAY"": 0, ""HYUNDAI"": 0, ""KB"": 0, ""SAMSUNG"": 0, ""SHINHAN"": 0, ""MERITZ"": 0, ""DB"": 0}"
ski,monte_carlo,all,0.0,141,KAKAOPAY|HYUNDAI|KB|SAMSUNG|SHINHAN|MERITZ|DB,True,True,True,0.0,0,1.0,1.0,"{""KAKAOPAY"": 0, ""HYUNDAI"": 0, ""KB"": 0, ""SAMSUNG"": 0, ""SHINHAN"": 0, ""MERITZ"": 0, ""DB"": 0}"
ski,monte_carlo,all,0.0,142,KAKAOPAY|HYUNDAI|KB|SAMSUNG|SHINHAN|MERITZ|DB,True,True,True,0.0,0,1.0,1.0,"{""KAKAOPAY"": 0, ""HYUNDAI"": 0, ""KB"": 0, ""SAMSUNG"": 0, ""SHINHAN"": 0, ""MERITZ"": 0, ""DB"": 0}"
ski,monte_carlo,all,0.0,143,KAKAOPAY|HYUNDAI|KB|SHINHAN|SAMSUNG|DB|MERITZ,True,True,True,0.5714285714285714,1,0.8095238095238095,0.9285714285714286,"{""KAKAOPAY"": 0, ""HYUNDAI"": 0, ""KB"": 0, ""SAMSUNG"": 1, ""SHINHAN"": -1, ""MERITZ"": 1, ""DB"": -1}"
ski,monte_carlo,all,0.0,144,KAKAOPAY|HYUNDAI|KB|SAMSUNG|SHINHAN|MERITZ|DB,True,True,True,0.0,0,1.0,1.0,"{""KAKAOPAY"": 0, ""HYUNDAI"": 0, ""KB"": 0, ""SAMSUNG"": 0, ""SHINHAN"": 0, ""MERITZ"": 0, ""DB"": 0}"
ski,monte_carlo,all,0.0,145,KAKAOPAY|HYUNDAI|KB|SAMSUNG|SHINHAN|MERITZ|DB,True,True,True,0.0,0,1.0,1.0,"{""KAKAOPAY"": 0, ""HYUNDAI"": 0, ""KB"": 0, ""SAMSUNG"": 0, ""SHINHAN"": 0, ""MERITZ"": 0, ""DB"": 0}"
ski,monte_carlo,all,0.0,146,KAKAOPAY|HYUNDAI|KB|SAMSUNG|SHINHAN|MERITZ|DB,True,True,True,0.0,0,1.0,1.0,"{""KAKAOPAY"": 0, ""HYUNDAI"": 0, ""KB"": 0, ""SAMSUNG"": 0, ""SHINHAN"": 0, ""MERITZ"": 0, ""DB"": 0}"
ski,monte_carlo,all,0.0,147,KAKAOPAY|HYUNDAI|KB|SAMSUNG|SHINHAN|MERITZ|DB,True,True,True,0.0,0,1.0,1.0,"{""KAKAOPAY"": 0, ""HYUNDAI"": 0, ""KB"": 0, ""SAMSUNG"": 0, ""SHINHAN"": 0, ""MERITZ"": 0, ""DB"": 0}"
ski,monte_carlo,all,0.0,148,KAKAOPAY|HYUNDAI|KB|SAMSUNG|SHINHAN|MERITZ|DB,True,True,True,0.0,0,1.0,1.0,"{""KAKAOPAY"": 0, ""HYUNDAI"": 0, ""KB"": 0, ""SAMSUNG"": 0, ""SHINHAN"": 0, ""MERITZ"": 0, ""DB"": 0}"
ski,monte_carlo,all,0.0,149,KAKAOPAY|HYUNDAI|KB|SHINHAN|SAMSUNG|DB|MERITZ,True,True,True,0.5714285714285714,1,0.8095238095238095,0.9285714285714286,"{""KAKAOPAY"": 0, ""HYUNDAI"": 0, ""KB"": 0, ""SAMSUNG"": 1, ""SHINHAN"": -1, ""MERITZ"": 1, ""DB"": -1}"
ski,monte_carlo,all,0.0,150,KAKAOPAY|HYUNDAI|KB|SAMSUNG|SHINHAN|MERITZ|DB,True,True,True,0.0,0,1.0,1.0,"{""KAKAOPAY"": 0, ""HYUNDAI"": 0, ""KB"": 0, ""SAMSUNG"": 0, ""SHINHAN"": 0, ""MERITZ"": 0, ""DB"": 0}"
ski,monte_carlo,all,0.0,151,KAKAOPAY|HYUNDAI|KB|SHINHAN|SAMSUNG|DB|MERITZ,True,True,True,0.5714285714285714,1,0.8095238095238095,0.9285714285714286,"{""KAKAOPAY"": 0, ""HYUNDAI"": 0, ""KB"": 0, ""SAMSUNG"": 1, ""SHINHAN"": -1, ""MERITZ"": 1, ""DB"": -1}"
ski,monte_carlo,all,0.0,152,KAKAOPAY|KB|HYUNDAI|SAMSUNG|SHINHAN|MERITZ|DB,True,True,False,0.2857142857142857,1,0.9047619047619048,0.9642857142857143,"{""KAKAOPAY"": 0, ""HYUNDAI"": 1, ""KB"": -1, ""SAMSUNG"": 0, ""SHINHAN"": 0, ""MERITZ"": 0, ""DB"": 0}"
ski,monte_carlo,all,0.0,153,KAKAOPAY|HYUNDAI|KB|SAMSUNG|SHINHAN|MERITZ|DB,True,True,True,0.0,0,1.0,1.0,"{""KAKAOPAY"": 0, ""HYUNDAI"": 0, ""KB"": 0, ""SAMSUNG"": 0, ""SHINHAN"": 0, ""MERITZ"": 0, ""DB"": 0}"
ski,monte_carlo,all,0.0,154,KAKAOPAY|HYUNDAI|KB|SAMSUNG|SHINHAN|MERITZ|DB,True,True,True,0.0,0,1.0,1.0,"{""KAKAOPAY"": 0, ""HYUNDAI"": 0, ""KB"": 0, ""SAMSUNG"": 0, ""SHINHAN"": 0, ""MERITZ"": 0, ""DB"": 0}"
ski,monte_carlo,all,0.0,155,KAKAOPAY|HYUNDAI|KB|SHINHAN|SAMSUNG|MERITZ|DB,True,True,True,0.2857142857142857,1,0.9047619047619048,0.9642857142857143,"{""KAKAOPAY"": 0, ""HYUNDAI"": 0, ""KB"": 0, ""SAMSUNG"": 1, ""SHINHAN"": -1, ""MERITZ"": 0, ""DB"": 0}"
ski,monte_carlo,all,0.0,156,KAKAOPAY|HYUNDAI|KB|SAMSUNG|SHINHAN|MERITZ|DB,True,True,True,0.0,0,1.0,1.0,"{""KAKAOPAY"": 0, ""HYUNDAI"": 0, ""KB"": 0, ""SAMSUNG"": 0, ""SHINHAN"": 0, ""MERITZ"": 0, ""DB"": 0}"
ski,monte_carlo,all,0.0,157,KAKAOPAY|HYUNDAI|KB|SAMSUNG|SHINHAN|MERITZ|DB,True,True,True,0.0,0,1.0,1.0,"{""KAKAOPAY"": 0, ""HYUNDAI"": 0, ""KB"": 0, ""SAMSUNG"": 0, ""SHINHAN"": 0, ""MERITZ"": 0, ""DB"": 0}"
ski,monte_carlo,all,0.0,158,KAKAOPAY|HYUNDAI|KB|SHINHAN|SAMSUNG|DB|MERITZ,True,True,True,0.5714285714285714,1,0.8095238095238095,0.9285714285714286,"{""KAKAOPAY"": 0, ""HYUNDAI"": 0, ""KB"": 0, ""SAMSUNG"": 1, ""SHINHAN"": -1, ""MERITZ"": 1, ""DB"": -1}"
ski,monte_carlo,all,0.0,159,KAKAOPAY|HYUNDAI|KB|SAMSUNG|SHINHAN|MERITZ|DB,True,True,True,0.0,0,1.0,1.0,"{""KAKAOPAY"": 0, ""HYUNDAI"": 0, ""KB"": 0, ""SAMSUNG"": 0, ""SHINHAN"": 0, ""MERITZ"": 0, ""DB"": 0}"
ski,monte_carlo,all,0.0,160,KAKAOPAY|HYUNDAI|KB|SAMSUNG|SHINHAN|MERITZ|DB,True,True,True,0.0,0,1.0,1.0,"{""KAKAOPAY"": 0, ""HYUNDAI"": 0, ""KB"": 0, ""SAMSUNG"": 0, ""SHINHAN"": 0, ""MERITZ"": 0, ""DB"": 0}"
ski,monte_carlo,all,0.0,161,KAKAOPAY|HYUNDAI|KB|SAMSUNG|SHINHAN|MERITZ|DB,True,True,True,0.0,0,1.0,1.0,"{""KAKAOPAY"": 0, ""HYUNDAI"": 0, ""KB"": 0, ""SAMSUNG"": 0, ""SHINHAN"": 0, ""MERITZ"": 0, ""DB"": 0}"
ski,monte_carlo,all,0.0,162,KAKAOPAY|HYUNDAI|KB|SHINHAN|SAMSUNG|DB|MERITZ,True,True,True,0.5714285714285714,1,0.8095238095238095,0.9285714285714286,"{""KAKAOPAY"": 0, ""HYUNDAI"": 0, ""KB"": 0, ""SAMSUNG"": 1, ""SHINHAN"": -1, ""MERITZ"": 1, ""DB"": -1}"
ski,monte_carlo,all,0.0,163,KAKAOPAY|HYUNDAI|KB|SHINHAN|SAMSUNG|DB|MERITZ,True,True,True,0.5714285714285714,1,0.8095238095238095,0.9285714285714286,"{""KAKAOPAY"": 0, ""HYUNDAI"": 0, ""KB"": 0, ""SAMSUNG"": 1, ""SHINHAN"": -1, ""MERITZ"": 1, ""DB"": -1}"
ski,monte_carlo,all,0.0,164,KAKAOPAY|HYUNDAI|KB|SAMSUNG|SHINHAN|MERITZ|DB,True,True,True,0.0,0,1.0,1.0,"{""KAKAOPAY"": 0, ""HYUNDAI"": 0, ""KB"": 0, ""SAMSUNG"": 0, ""SHINHAN"": 0, ""MERITZ"": 0, ""DB"": 0}"
ski,monte_carlo,all,0.0,165,KAKAOPAY|HYUNDAI|KB|SAMSUNG|SHINHAN|MERITZ|DB,True,True,True,0.0,0,1.0,1.0,"{""KAKAOPAY"": 0, ""HYUNDAI"": 0, ""KB"": 0, ""SAMSUNG"": 0, ""SHINHAN"": 0, ""MERITZ"": 0, ""DB"": 0}"
ski,monte_carlo,all,0.0,166,KAKAOPAY|HYUNDAI|KB|SAMSUNG|SHINHAN|DB|MERITZ,True,True,True,0.2857142857142857,1,0.9047619047619048,0.9642857142857143,"{""KAKAOPAY"": 0, ""HYUNDAI"": 0, ""KB"": 0, ""SAMSUNG"": 0, ""SHINHAN"": 0, ""MERITZ"": 1, ""DB"": -1}"
ski,monte_carlo,all,0.0,167,KAKAOPAY|HYUNDAI|KB|SAMSUNG|SHINHAN|MERITZ|DB,True,True,True,0.0,0,1.0,1.0,"{""KAKAOPAY"": 0, ""HYUNDAI"": 0, ""KB"": 0, ""SAMSUNG"": 0, ""SHINHAN"": 0, ""MERITZ"": 0, ""DB"": 0}"
ski,monte_carlo,all,0.0,168,KAKAOPAY|HYUNDAI|KB|SHINHAN|SAMSUNG|DB|MERITZ,True,True,True,0.5714285714285714,1,0.8095238095238095,0.9285714285714286,"{""KAKAOPAY"": 0, ""HYUNDAI"": 0, ""KB"": 0, ""SAMSUNG"": 1, ""SHINHAN"": -1, ""MERITZ"": 1, ""DB"": -1}"
ski,monte_carlo,all,0.0,169,KAKAOPAY|HYUNDAI|KB|SAMSUNG|SHINHAN|MERITZ|DB,True,True,True,0.0,0,1.0,1.0,"{""KAKAOPAY"": 0, ""HYUNDAI"": 0, ""KB"": 0, ""SAMSUNG"": 0, ""SHINHAN"": 0, ""MERITZ"": 0, ""DB"": 0}"
ski,monte_carlo,all,0.0,170,KAKAOPAY|HYUNDAI|KB|SAMSUNG|SHINHAN|MERITZ|DB,True,True,True,0.0,0,1.0,1.0,"{""KAKAOPAY"": 0, ""HYUNDAI"": 0, ""KB"": 0, ""SAMSUNG"": 0, ""SHINHAN"": 0, ""MERITZ"": 0, ""DB"": 0}"
ski,monte_carlo,all,0.0,171,KAKAOPAY|HYUNDAI|KB|SAMSUNG|SHINHAN|MERITZ|DB,True,True,True,0.0,0,1.0,1.0,"{""KAKAOPAY"": 0, ""HYUNDAI"": 0, ""KB"": 0, ""SAMSUNG"": 0, ""SHINHAN"": 0, ""MERITZ"": 0, ""DB"": 0}"
ski,monte_carlo,all,0.0,172,KAKAOPAY|HYUNDAI|KB|SHINHAN|SAMSUNG|DB|MERITZ,True,True,True,0.5714285714285714,1,0.8095238095238095,0.9285714285714286,"{""KAKAOPAY"": 0, ""HYUNDAI"": 0, ""KB"": 0, ""SAMSUNG"": 1, ""SHINHAN"": -1, ""MERITZ"": 1, ""DB"": -1}"
ski,monte_carlo,all,0.0,173,KAKAOPAY|KB|HYUNDAI|SAMSUNG|SHINHAN|MERITZ|DB,True,True,False,0.2857142857142857,1,0.9047619047619048,0.9642857142857143,"{""KAKAOPAY"": 0, ""HYUNDAI"": 1, ""KB"": -1, ""SAMSUNG"": 0, ""SHINHAN"": 0, ""MERITZ"": 0, ""DB"": 0}"
ski,monte_carlo,all,0.0,174,KAKAOPAY|HYUNDAI|KB|SAMSUNG|SHINHAN|DB|MERITZ,True,True,True,0.2857142857142857,1,0.9047619047619048,0.9642857142857143,"{""KAKAOPAY"": 0, ""HYUNDAI"": 0, ""KB"": 0, ""SAMSUNG"": 0, ""SHINHAN"": 0, ""MERITZ"": 1, ""DB"": -1}"
ski,monte_carlo,all,0.0,175,KAKAOPAY|HYUNDAI|KB|SAMSUNG|SHINHAN|MERITZ|DB,True,True,True,0.0,0,1.0,1.0,"{""KAKAOPAY"": 0, ""HYUNDAI"": 0, ""KB"": 0, ""SAMSUNG"": 0, ""SHINHAN"": 0, ""MERITZ"": 0, ""DB"": 0}"
ski,monte_carlo,all,0.0,176,KAKAOPAY|HYUNDAI|KB|SAMSUNG|SHINHAN|DB|MERITZ,True,True,True,0.2857142857142857,1,0.9047619047619048,0.9642857142857143,"{""KAKAOPAY"": 0, ""HYUNDAI"": 0, ""KB"": 0, ""SAMSUNG"": 0, ""SHINHAN"": 0, ""MERITZ"": 1, ""DB"": -1}"
ski,monte_carlo,all,0.0,177,KAKAOPAY|KB|HYUNDAI|SAMSUNG|SHINHAN|MERITZ|DB,True,True,False,0.2857142857142857,1,0.9047619047619048,0.9642857142857143,"{""KAKAOPAY"": 0, ""HYUNDAI"": 1, ""KB"": -1, ""SAMSUNG"": 0, ""SHINHAN"": 0, ""MERITZ"": 0, ""DB"": 0}"
ski,monte_carlo,all,0.0,178,KAKAOPAY|HYUNDAI|KB|SAMSUNG|SHINHAN|MERITZ|DB,True,True,True,0.0,0,1.0,1.0,"{""KAKAOPAY"": 0, ""HYUNDAI"": 0, ""KB"": 0, ""SAMSUNG"": 0, ""SHINHAN"": 0, ""MERITZ"": 0, ""DB"": 0}"
ski,monte_carlo,all,0.0,179,KAKAOPAY|HYUNDAI|KB|SAMSUNG|SHINHAN|DB|MERITZ,True,True,True,0.2857142857142857,1,0.9047619047619048,0.9642857142857143,"{""KAKAOPAY"": 0, ""HYUNDAI"": 0, ""KB"": 0, ""SAMSUNG"": 0, ""SHINHAN"": 0, ""MERITZ"": 1, ""DB"": -1}"
ski,monte_carlo,all,0.0,180,KAKAOPAY|HYUNDAI|KB|SHINHAN|SAMSUNG|DB|MERITZ,True,True,True,0.5714285714285714,1,0.8095238095238095,0.9285714285714286,"{""KAKAOPAY"": 0, ""HYUNDAI"": 0, ""KB"": 0, ""SAMSUNG"": 1, ""SHINHAN"": -1, ""MERITZ"": 1, ""DB"": -1}"
ski,monte_carlo,all,0.0,181,KAKAOPAY|HYUNDAI|KB|SHINHAN|SAMSUNG|MERITZ|DB,True,True,True,0.2857142857142857,1,0.9047619047619048,0.9642857142857143,"{""KAKAOPAY"": 0, ""HYUNDAI"": 0, ""KB"": 0, ""SAMSUNG"": 1, ""SHINHAN"": -1, ""MERITZ"": 0, ""DB"": 0}"
ski,monte_carlo,all,0.0,182,KAKAOPAY|HYUNDAI|KB|SAMSUNG|SHINHAN|MERITZ|DB,True,True,True,0.0,0,1.0,1.0,"{""KAKAOPAY"": 0, ""HYUNDAI"": 0, ""KB"": 0, ""SAMSUNG"": 0, ""SHINHAN"": 0, ""MERITZ"": 0, ""DB"": 0}"
ski,monte_carlo,all,0.0,183,KAKAOPAY|HYUNDAI|KB|SAMSUNG|SHINHAN|MERITZ|DB,True,True,True,0.0,0,1.0,1.0,"{""KAKAOPAY"": 0, ""HYUNDAI"": 0, ""KB"": 0, ""SAMSUNG"": 0, ""SHINHAN"": 0, ""MERITZ"": 0, ""DB"": 0}"
ski,monte_carlo,all,0.0,184,KAKAOPAY|HYUNDAI|KB|SAMSUNG|SHINHAN|MERITZ|DB,True,True,True,0.0,0,1.0,1.0,"{""KAKAOPAY"": 0, ""HYUNDAI"": 0, ""KB"": 0, ""SAMSUNG"": 0, ""SHINHAN"": 0, ""MERITZ"": 0, ""DB"": 0}"
ski,monte_carlo,all,0.0,185,KAKAOPAY|HYUNDAI|KB|SHINHAN|SAMSUNG|DB|MERITZ,True,True,True,0.5714285714285714,1,0.8095238095238095,0.9285714285714286,"{""KAKAOPAY"": 0, ""HYUNDAI"": 0, ""KB"": 0, ""SAMSUNG"": 1, ""SHINHAN"": -1, ""MERITZ"": 1, ""DB"": -1}"
ski,monte_carlo,all,0.0,186,KAKAOPAY|HYUNDAI|KB|SAMSUNG|SHINHAN|DB|MERITZ,True,True,True,0.2857142857142857,1,0.9047619047619048,0.9642857142857143,"{""KAKAOPAY"": 0, ""HYUNDAI"": 0, ""KB"": 0, ""SAMSUNG"": 0, ""SHINHAN"": 0, ""MERITZ"": 1, ""DB"": -1}"
ski,monte_carlo,all,0.0,187,KAKAOPAY|HYUNDAI|KB|SAMSUNG|SHINHAN|MERITZ|DB,True,True,True,0.0,0,1.0,1.0,"{""KAKAOPAY"": 0, ""HYUNDAI"": 0, ""KB"": 0, ""SAMSUNG"": 0, ""SHINHAN"": 0, ""MERITZ"": 0, ""DB"": 0}"
ski,monte_carlo,all,0.0,188,KAKAOPAY|HYUNDAI|KB|SAMSUNG|SHINHAN|MERITZ|DB,True,True,True,0.0,0,1.0,1.0,"{""KAKAOPAY"": 0, ""HYUNDAI"": 0, ""KB"": 0, ""SAMSUNG"": 0, ""SHINHAN"": 0, ""MERITZ"": 0, ""DB"": 0}"
ski,monte_carlo,all,0.0,189,KAKAOPAY|HYUNDAI|KB|SAMSUNG|SHINHAN|MERITZ|DB,True,True,True,0.0,0,1.0,1.0,"{""KAKAOPAY"": 0, ""HYUNDAI"": 0, ""KB"": 0, ""SAMSUNG"": 0, ""SHINHAN"": 0, ""MERITZ"": 0, ""DB"": 0}"
ski,monte_carlo,all,0.0,190,KAKAOPAY|HYUNDAI|KB|SAMSUNG|SHINHAN|MERITZ|DB,True,True,True,0.0,0,1.0,1.0,"{""KAKAOPAY"": 0, ""HYUNDAI"": 0, ""KB"": 0, ""SAMSUNG"": 0, ""SHINHAN"": 0, ""MERITZ"": 0, ""DB"": 0}"
ski,monte_carlo,all,0.0,191,KAKAOPAY|KB|SAMSUNG|HYUNDAI|SHINHAN|MERITZ|DB,True,False,False,0.5714285714285714,2,0.8095238095238095,0.8928571428571429,"{""KAKAOPAY"": 0, ""HYUNDAI"": 2, ""KB"": -1, ""SAMSUNG"": -1, ""SHINHAN"": 0, ""MERITZ"": 0, ""DB"": 0}"
ski,monte_carlo,all,0.0,192,KAKAOPAY|HYUNDAI|KB|SAMSUNG|SHINHAN|MERITZ|DB,True,True,True,0.0,0,1.0,1.0,"{""KAKAOPAY"": 0, ""HYUNDAI"": 0, ""KB"": 0, ""SAMSUNG"": 0, ""SHINHAN"": 0, ""MERITZ"": 0, ""DB"": 0}"
ski,monte_carlo,all,0.0,193,KAKAOPAY|HYUNDAI|KB|SAMSUNG|SHINHAN|DB|MERITZ,True,True,True,0.2857142857142857,1,0.9047619047619048,0.9642857142857143,"{""KAKAOPAY"": 0, ""HYUNDAI"": 0, ""KB"": 0, ""SAMSUNG"": 0, ""SHINHAN"": 0, ""MERITZ"": 1, ""DB"": -1}"
ski,monte_carlo,all,0.0,194,KAKAOPAY|HYUNDAI|KB|SAMSUNG|SHINHAN|MERITZ|DB,True,True,True,0.0,0,1.0,1.0,"{""KAKAOPAY"": 0, ""HYUNDAI"": 0, ""KB"": 0, ""SAMSUNG"": 0, ""SHINHAN"": 0, ""MERITZ"": 0, ""DB"": 0}"
ski,monte_carlo,all,0.0,195,KAKAOPAY|HYUNDAI|KB|SAMSUNG|SHINHAN|MERITZ|DB,True,True,True,0.0,0,1.0,1.0,"{""KAKAOPAY"": 0, ""HYUNDAI"": 0, ""KB"": 0, ""SAMSUNG"": 0, ""SHINHAN"": 0, ""MERITZ"": 0, ""DB"": 0}"
ski,monte_carlo,all,0.0,196,KAKAOPAY|HYUNDAI|KB|SAMSUNG|SHINHAN|MERITZ|DB,True,True,True,0.0,0,1.0,1.0,"{""KAKAOPAY"": 0, ""HYUNDAI"": 0, ""KB"": 0, ""SAMSUNG"": 0, ""SHINHAN"": 0, ""MERITZ"": 0, ""DB"": 0}"
ski,monte_carlo,all,0.0,197,KAKAOPAY|HYUNDAI|KB|SAMSUNG|SHINHAN|MERITZ|DB,True,True,True,0.0,0,1.0,1.0,"{""KAKAOPAY"": 0, ""HYUNDAI"": 0, ""KB"": 0, ""SAMSUNG"": 0, ""SHINHAN"": 0, ""MERITZ"": 0, ""DB"": 0}"
ski,monte_carlo,all,0.0,198,KAKAOPAY|HYUNDAI|KB|SAMSUNG|SHINHAN|DB|MERITZ,True,True,True,0.2857142857142857,1,0.9047619047619048,0.9642857142857143,"{""KAKAOPAY"": 0, ""HYUNDAI"": 0, ""KB"": 0, ""SAMSUNG"": 0, ""SHINHAN"": 0, ""MERITZ"": 1, ""DB"": -1}"
ski,monte_carlo,all,0.0,199,KAKAOPAY|HYUNDAI|KB|SAMSUNG|SHINHAN|MERITZ|DB,True,True,True,0.0,0,1.0,1.0,"{""KAKAOPAY"": 0, ""HYUNDAI"": 0, ""KB"": 0, ""SAMSUNG"": 0, ""SHINHAN"": 0, ""MERITZ"": 0, ""DB"": 0}"
family_rentalcar,oat_heuristic,priority_multiplier,0.8,0,SHINHAN|KAKAOPAY|KB|MERITZ|HYUNDAI|DB|SAMSUNG,False,True,False,0.5714285714285714,2,0.7142857142857143,0.8571428571428572,"{""KB"": 2, ""KAKAOPAY"": 0, ""SHINHAN"": -2, ""MERITZ"": 0, ""HYUNDAI"": 0, ""DB"": 0, ""SAMSUNG"": 0}"
family_rentalcar,oat_heuristic,priority_multiplier,0.9,0,SHINHAN|KAKAOPAY|KB|MERITZ|HYUNDAI|DB|SAMSUNG,False,True,False,0.5714285714285714,2,0.7142857142857143,0.8571428571428572,"{""KB"": 2, ""KAKAOPAY"": 0, ""SHINHAN"": -2, ""MERITZ"": 0, ""HYUNDAI"": 0, ""DB"": 0, ""SAMSUNG"": 0}"
family_rentalcar,oat_heuristic,priority_multiplier,1.1,0,KB|KAKAOPAY|SHINHAN|MERITZ|HYUNDAI|DB|SAMSUNG,True,True,True,0.0,0,1.0,1.0,"{""KB"": 0, ""KAKAOPAY"": 0, ""SHINHAN"": 0, ""MERITZ"": 0, ""HYUNDAI"": 0, ""DB"": 0, ""SAMSUNG"": 0}"
family_rentalcar,oat_heuristic,priority_multiplier,1.2,0,KB|KAKAOPAY|SHINHAN|MERITZ|HYUNDAI|DB|SAMSUNG,True,True,True,0.0,0,1.0,1.0,"{""KB"": 0, ""KAKAOPAY"": 0, ""SHINHAN"": 0, ""MERITZ"": 0, ""HYUNDAI"": 0, ""DB"": 0, ""SAMSUNG"": 0}"
family_rentalcar,oat_heuristic,activity_bump,0.8,0,KB|KAKAOPAY|SHINHAN|MERITZ|HYUNDAI|DB|SAMSUNG,True,True,True,0.0,0,1.0,1.0,"{""KB"": 0, ""KAKAOPAY"": 0, ""SHINHAN"": 0, ""MERITZ"": 0, ""HYUNDAI"": 0, ""DB"": 0, ""SAMSUNG"": 0}"
family_rentalcar,oat_heuristic,activity_bump,0.9,0,KB|KAKAOPAY|SHINHAN|MERITZ|HYUNDAI|DB|SAMSUNG,True,True,True,0.0,0,1.0,1.0,"{""KB"": 0, ""KAKAOPAY"": 0, ""SHINHAN"": 0, ""MERITZ"": 0, ""HYUNDAI"": 0, ""DB"": 0, ""SAMSUNG"": 0}"
family_rentalcar,oat_heuristic,activity_bump,1.1,0,KB|KAKAOPAY|SHINHAN|MERITZ|HYUNDAI|DB|SAMSUNG,True,True,True,0.0,0,1.0,1.0,"{""KB"": 0, ""KAKAOPAY"": 0, ""SHINHAN"": 0, ""MERITZ"": 0, ""HYUNDAI"": 0, ""DB"": 0, ""SAMSUNG"": 0}"
family_rentalcar,oat_heuristic,activity_bump,1.2,0,KB|KAKAOPAY|SHINHAN|MERITZ|HYUNDAI|DB|SAMSUNG,True,True,True,0.0,0,1.0,1.0,"{""KB"": 0, ""KAKAOPAY"": 0, ""SHINHAN"": 0, ""MERITZ"": 0, ""HYUNDAI"": 0, ""DB"": 0, ""SAMSUNG"": 0}"
family_rentalcar,oat_heuristic,companion_bump,0.8,0,KB|KAKAOPAY|SHINHAN|MERITZ|HYUNDAI|DB|SAMSUNG,True,True,True,0.0,0,1.0,1.0,"{""KB"": 0, ""KAKAOPAY"": 0, ""SHINHAN"": 0, ""MERITZ"": 0, ""HYUNDAI"": 0, ""DB"": 0, ""SAMSUNG"": 0}"
family_rentalcar,oat_heuristic,companion_bump,0.9,0,KB|KAKAOPAY|SHINHAN|MERITZ|HYUNDAI|DB|SAMSUNG,True,True,True,0.0,0,1.0,1.0,"{""KB"": 0, ""KAKAOPAY"": 0, ""SHINHAN"": 0, ""MERITZ"": 0, ""HYUNDAI"": 0, ""DB"": 0, ""SAMSUNG"": 0}"
family_rentalcar,oat_heuristic,companion_bump,1.1,0,KB|KAKAOPAY|SHINHAN|MERITZ|HYUNDAI|DB|SAMSUNG,True,True,True,0.0,0,1.0,1.0,"{""KB"": 0, ""KAKAOPAY"": 0, ""SHINHAN"": 0, ""MERITZ"": 0, ""HYUNDAI"": 0, ""DB"": 0, ""SAMSUNG"": 0}"
family_rentalcar,oat_heuristic,companion_bump,1.2,0,KB|KAKAOPAY|SHINHAN|MERITZ|HYUNDAI|DB|SAMSUNG,True,True,True,0.0,0,1.0,1.0,"{""KB"": 0, ""KAKAOPAY"": 0, ""SHINHAN"": 0, ""MERITZ"": 0, ""HYUNDAI"": 0, ""DB"": 0, ""SAMSUNG"": 0}"
family_rentalcar,oat_heuristic,rental_car_bump,0.8,0,KB|KAKAOPAY|SHINHAN|MERITZ|HYUNDAI|DB|SAMSUNG,True,True,True,0.0,0,1.0,1.0,"{""KB"": 0, ""KAKAOPAY"": 0, ""SHINHAN"": 0, ""MERITZ"": 0, ""HYUNDAI"": 0, ""DB"": 0, ""SAMSUNG"": 0}"
family_rentalcar,oat_heuristic,rental_car_bump,0.9,0,KB|KAKAOPAY|SHINHAN|MERITZ|HYUNDAI|DB|SAMSUNG,True,True,True,0.0,0,1.0,1.0,"{""KB"": 0, ""KAKAOPAY"": 0, ""SHINHAN"": 0, ""MERITZ"": 0, ""HYUNDAI"": 0, ""DB"": 0, ""SAMSUNG"": 0}"
family_rentalcar,oat_heuristic,rental_car_bump,1.1,0,KB|KAKAOPAY|SHINHAN|MERITZ|HYUNDAI|DB|SAMSUNG,True,True,True,0.0,0,1.0,1.0,"{""KB"": 0, ""KAKAOPAY"": 0, ""SHINHAN"": 0, ""MERITZ"": 0, ""HYUNDAI"": 0, ""DB"": 0, ""SAMSUNG"": 0}"
family_rentalcar,oat_heuristic,rental_car_bump,1.2,0,KB|KAKAOPAY|SHINHAN|MERITZ|HYUNDAI|DB|SAMSUNG,True,True,True,0.0,0,1.0,1.0,"{""KB"": 0, ""KAKAOPAY"": 0, ""SHINHAN"": 0, ""MERITZ"": 0, ""HYUNDAI"": 0, ""DB"": 0, ""SAMSUNG"": 0}"
family_rentalcar,oat_heuristic,risk_emergency_bump,0.8,0,KB|KAKAOPAY|SHINHAN|MERITZ|HYUNDAI|DB|SAMSUNG,True,True,True,0.0,0,1.0,1.0,"{""KB"": 0, ""KAKAOPAY"": 0, ""SHINHAN"": 0, ""MERITZ"": 0, ""HYUNDAI"": 0, ""DB"": 0, ""SAMSUNG"": 0}"
family_rentalcar,oat_heuristic,risk_emergency_bump,0.9,0,KB|KAKAOPAY|SHINHAN|MERITZ|HYUNDAI|DB|SAMSUNG,True,True,True,0.0,0,1.0,1.0,"{""KB"": 0, ""KAKAOPAY"": 0, ""SHINHAN"": 0, ""MERITZ"": 0, ""HYUNDAI"": 0, ""DB"": 0, ""SAMSUNG"": 0}"
family_rentalcar,oat_heuristic,risk_emergency_bump,1.1,0,KB|KAKAOPAY|SHINHAN|MERITZ|HYUNDAI|DB|SAMSUNG,True,True,True,0.0,0,1.0,1.0,"{""KB"": 0, ""KAKAOPAY"": 0, ""SHINHAN"": 0, ""MERITZ"": 0, ""HYUNDAI"": 0, ""DB"": 0, ""SAMSUNG"": 0}"
family_rentalcar,oat_heuristic,risk_emergency_bump,1.2,0,KB|KAKAOPAY|SHINHAN|MERITZ|HYUNDAI|DB|SAMSUNG,True,True,True,0.0,0,1.0,1.0,"{""KB"": 0, ""KAKAOPAY"": 0, ""SHINHAN"": 0, ""MERITZ"": 0, ""HYUNDAI"": 0, ""DB"": 0, ""SAMSUNG"": 0}"
family_rentalcar,oat_heuristic,risk_illness_bump,0.8,0,KB|KAKAOPAY|SHINHAN|MERITZ|HYUNDAI|DB|SAMSUNG,True,True,True,0.0,0,1.0,1.0,"{""KB"": 0, ""KAKAOPAY"": 0, ""SHINHAN"": 0, ""MERITZ"": 0, ""HYUNDAI"": 0, ""DB"": 0, ""SAMSUNG"": 0}"
family_rentalcar,oat_heuristic,risk_illness_bump,0.9,0,KB|KAKAOPAY|SHINHAN|MERITZ|HYUNDAI|DB|SAMSUNG,True,True,True,0.0,0,1.0,1.0,"{""KB"": 0, ""KAKAOPAY"": 0, ""SHINHAN"": 0, ""MERITZ"": 0, ""HYUNDAI"": 0, ""DB"": 0, ""SAMSUNG"": 0}"
family_rentalcar,oat_heuristic,risk_illness_bump,1.1,0,KB|KAKAOPAY|SHINHAN|MERITZ|HYUNDAI|DB|SAMSUNG,True,True,True,0.0,0,1.0,1.0,"{""KB"": 0, ""KAKAOPAY"": 0, ""SHINHAN"": 0, ""MERITZ"": 0, ""HYUNDAI"": 0, ""DB"": 0, ""SAMSUNG"": 0}"
family_rentalcar,oat_heuristic,risk_illness_bump,1.2,0,KB|KAKAOPAY|SHINHAN|MERITZ|HYUNDAI|DB|SAMSUNG,True,True,True,0.0,0,1.0,1.0,"{""KB"": 0, ""KAKAOPAY"": 0, ""SHINHAN"": 0, ""MERITZ"": 0, ""HYUNDAI"": 0, ""DB"": 0, ""SAMSUNG"": 0}"
family_rentalcar,oat_heuristic,long_trip_bump,0.8,0,KB|KAKAOPAY|SHINHAN|MERITZ|HYUNDAI|DB|SAMSUNG,True,True,True,0.0,0,1.0,1.0,"{""KB"": 0, ""KAKAOPAY"": 0, ""SHINHAN"": 0, ""MERITZ"": 0, ""HYUNDAI"": 0, ""DB"": 0, ""SAMSUNG"": 0}"
family_rentalcar,oat_heuristic,long_trip_bump,0.9,0,KB|KAKAOPAY|SHINHAN|MERITZ|HYUNDAI|DB|SAMSUNG,True,True,True,0.0,0,1.0,1.0,"{""KB"": 0, ""KAKAOPAY"": 0, ""SHINHAN"": 0, ""MERITZ"": 0, ""HYUNDAI"": 0, ""DB"": 0, ""SAMSUNG"": 0}"
family_rentalcar,oat_heuristic,long_trip_bump,1.1,0,KB|KAKAOPAY|SHINHAN|MERITZ|HYUNDAI|DB|SAMSUNG,True,True,True,0.0,0,1.0,1.0,"{""KB"": 0, ""KAKAOPAY"": 0, ""SHINHAN"": 0, ""MERITZ"": 0, ""HYUNDAI"": 0, ""DB"": 0, ""SAMSUNG"": 0}"
family_rentalcar,oat_heuristic,long_trip_bump,1.2,0,KB|KAKAOPAY|SHINHAN|MERITZ|HYUNDAI|DB|SAMSUNG,True,True,True,0.0,0,1.0,1.0,"{""KB"": 0, ""KAKAOPAY"": 0, ""SHINHAN"": 0, ""MERITZ"": 0, ""HYUNDAI"": 0, ""DB"": 0, ""SAMSUNG"": 0}"
family_rentalcar,oat_heuristic,senior_illness_bump,0.8,0,KB|KAKAOPAY|SHINHAN|MERITZ|HYUNDAI|DB|SAMSUNG,True,True,True,0.0,0,1.0,1.0,"{""KB"": 0, ""KAKAOPAY"": 0, ""SHINHAN"": 0, ""MERITZ"": 0, ""HYUNDAI"": 0, ""DB"": 0, ""SAMSUNG"": 0}"
family_rentalcar,oat_heuristic,senior_illness_bump,0.9,0,KB|KAKAOPAY|SHINHAN|MERITZ|HYUNDAI|DB|SAMSUNG,True,True,True,0.0,0,1.0,1.0,"{""KB"": 0, ""KAKAOPAY"": 0, ""SHINHAN"": 0, ""MERITZ"": 0, ""HYUNDAI"": 0, ""DB"": 0, ""SAMSUNG"": 0}"
family_rentalcar,oat_heuristic,senior_illness_bump,1.1,0,KB|KAKAOPAY|SHINHAN|MERITZ|HYUNDAI|DB|SAMSUNG,True,True,True,0.0,0,1.0,1.0,"{""KB"": 0, ""KAKAOPAY"": 0, ""SHINHAN"": 0, ""MERITZ"": 0, ""HYUNDAI"": 0, ""DB"": 0, ""SAMSUNG"": 0}"
family_rentalcar,oat_heuristic,senior_illness_bump,1.2,0,KB|KAKAOPAY|SHINHAN|MERITZ|HYUNDAI|DB|SAMSUNG,True,True,True,0.0,0,1.0,1.0,"{""KB"": 0, ""KAKAOPAY"": 0, ""SHINHAN"": 0, ""MERITZ"": 0, ""HYUNDAI"": 0, ""DB"": 0, ""SAMSUNG"": 0}"
family_rentalcar,oat_heuristic,senior_emergency_bump,0.8,0,KB|KAKAOPAY|SHINHAN|MERITZ|HYUNDAI|DB|SAMSUNG,True,True,True,0.0,0,1.0,1.0,"{""KB"": 0, ""KAKAOPAY"": 0, ""SHINHAN"": 0, ""MERITZ"": 0, ""HYUNDAI"": 0, ""DB"": 0, ""SAMSUNG"": 0}"
family_rentalcar,oat_heuristic,senior_emergency_bump,0.9,0,KB|KAKAOPAY|SHINHAN|MERITZ|HYUNDAI|DB|SAMSUNG,True,True,True,0.0,0,1.0,1.0,"{""KB"": 0, ""KAKAOPAY"": 0, ""SHINHAN"": 0, ""MERITZ"": 0, ""HYUNDAI"": 0, ""DB"": 0, ""SAMSUNG"": 0}"
family_rentalcar,oat_heuristic,senior_emergency_bump,1.1,0,KB|KAKAOPAY|SHINHAN|MERITZ|HYUNDAI|DB|SAMSUNG,True,True,True,0.0,0,1.0,1.0,"{""KB"": 0, ""KAKAOPAY"": 0, ""SHINHAN"": 0, ""MERITZ"": 0, ""HYUNDAI"": 0, ""DB"": 0, ""SAMSUNG"": 0}"
family_rentalcar,oat_heuristic,senior_emergency_bump,1.2,0,KB|KAKAOPAY|SHINHAN|MERITZ|HYUNDAI|DB|SAMSUNG,True,True,True,0.0,0,1.0,1.0,"{""KB"": 0, ""KAKAOPAY"": 0, ""SHINHAN"": 0, ""MERITZ"": 0, ""HYUNDAI"": 0, ""DB"": 0, ""SAMSUNG"": 0}"
family_rentalcar,oat_axis,axis:amount,0.8,0,KAKAOPAY|SHINHAN|KB|MERITZ|HYUNDAI|DB|SAMSUNG,False,True,False,0.5714285714285714,2,0.8095238095238095,0.8928571428571429,"{""KB"": 2, ""KAKAOPAY"": -1, ""SHINHAN"": -1, ""MERITZ"": 0, ""HYUNDAI"": 0, ""DB"": 0, ""SAMSUNG"": 0}"
family_rentalcar,oat_axis,axis:amount,0.9,0,KAKAOPAY|KB|SHINHAN|MERITZ|HYUNDAI|DB|SAMSUNG,False,True,False,0.2857142857142857,1,0.9047619047619048,0.9642857142857143,"{""KB"": 1, ""KAKAOPAY"": -1, ""SHINHAN"": 0, ""MERITZ"": 0, ""HYUNDAI"": 0, ""DB"": 0, ""SAMSUNG"": 0}"
family_rentalcar,oat_axis,axis:amount,1.1,0,KB|SHINHAN|KAKAOPAY|MERITZ|HYUNDAI|DB|SAMSUNG,True,True,False,0.2857142857142857,1,0.9047619047619048,0.9642857142857143,"{""KB"": 0, ""KAKAOPAY"": 1, ""SHINHAN"": -1, ""MERITZ"": 0, ""HYUNDAI"": 0, ""DB"": 0, ""SAMSUNG"": 0}"
family_rentalcar,oat_axis,axis:amount,1.2,0,KB|SHINHAN|MERITZ|KAKAOPAY|HYUNDAI|DB|SAMSUNG,True,False,False,0.5714285714285714,2,0.8095238095238095,0.8928571428571429,"{""KB"": 0, ""KAKAOPAY"": 2, ""SHINHAN"": -1, ""MERITZ"": -1, ""HYUNDAI"": 0, ""DB"": 0, ""SAMSUNG"": 0}"
family_rentalcar,oat_axis,axis:clause,0.8,0,KB|KAKAOPAY|SHINHAN|MERITZ|HYUNDAI|DB|SAMSUNG,True,True,True,0.0,0,1.0,1.0,"{""KB"": 0, ""KAKAOPAY"": 0, ""SHINHAN"": 0, ""MERITZ"": 0, ""HYUNDAI"": 0, ""DB"": 0, ""SAMSUNG"": 0}"
family_rentalcar,oat_axis,axis:clause,0.9,0,KB|KAKAOPAY|SHINHAN|MERITZ|HYUNDAI|DB|SAMSUNG,True,True,True,0.0,0,1.0,1.0,"{""KB"": 0, ""KAKAOPAY"": 0, ""SHINHAN"": 0, ""MERITZ"": 0, ""HYUNDAI"": 0, ""DB"": 0, ""SAMSUNG"": 0}"
family_rentalcar,oat_axis,axis:clause,1.1,0,KB|KAKAOPAY|SHINHAN|MERITZ|HYUNDAI|DB|SAMSUNG,True,True,True,0.0,0,1.0,1.0,"{""KB"": 0, ""KAKAOPAY"": 0, ""SHINHAN"": 0, ""MERITZ"": 0, ""HYUNDAI"": 0, ""DB"": 0, ""SAMSUNG"": 0}"
family_rentalcar,oat_axis,axis:clause,1.2,0,KB|KAKAOPAY|SHINHAN|MERITZ|HYUNDAI|DB|SAMSUNG,True,True,True,0.0,0,1.0,1.0,"{""KB"": 0, ""KAKAOPAY"": 0, ""SHINHAN"": 0, ""MERITZ"": 0, ""HYUNDAI"": 0, ""DB"": 0, ""SAMSUNG"": 0}"
family_rentalcar,oat_axis,axis:price,0.8,0,KB|SHINHAN|MERITZ|KAKAOPAY|HYUNDAI|DB|SAMSUNG,True,False,False,0.5714285714285714,2,0.8095238095238095,0.8928571428571429,"{""KB"": 0, ""KAKAOPAY"": 2, ""SHINHAN"": -1, ""MERITZ"": -1, ""HYUNDAI"": 0, ""DB"": 0, ""SAMSUNG"": 0}"
family_rentalcar,oat_axis,axis:price,0.9,0,KB|SHINHAN|MERITZ|KAKAOPAY|HYUNDAI|DB|SAMSUNG,True,False,False,0.5714285714285714,2,0.8095238095238095,0.8928571428571429,"{""KB"": 0, ""KAKAOPAY"": 2, ""SHINHAN"": -1, ""MERITZ"": -1, ""HYUNDAI"": 0, ""DB"": 0, ""SAMSUNG"": 0}"
family_rentalcar,oat_axis,axis:price,1.1,0,KAKAOPAY|KB|SHINHAN|MERITZ|HYUNDAI|DB|SAMSUNG,False,True,False,0.2857142857142857,1,0.9047619047619048,0.9642857142857143,"{""KB"": 1, ""KAKAOPAY"": -1, ""SHINHAN"": 0, ""MERITZ"": 0, ""HYUNDAI"": 0, ""DB"": 0, ""SAMSUNG"": 0}"
family_rentalcar,oat_axis,axis:price,1.2,0,KAKAOPAY|SHINHAN|KB|MERITZ|HYUNDAI|DB|SAMSUNG,False,True,False,0.5714285714285714,2,0.8095238095238095,0.8928571428571429,"{""KB"": 2, ""KAKAOPAY"": -1, ""SHINHAN"": -1, ""MERITZ"": 0, ""HYUNDAI"": 0, ""DB"": 0, ""SAMSUNG"": 0}"
family_rentalcar,oat_axis,axis:overlap,0.8,0,KAKAOPAY|KB|SHINHAN|MERITZ|HYUNDAI|DB|SAMSUNG,False,True,False,0.2857142857142857,1,0.9047619047619048,0.9642857142857143,"{""KB"": 1, ""KAKAOPAY"": -1, ""SHINHAN"": 0, ""MERITZ"": 0, ""HYUNDAI"": 0, ""DB"": 0, ""SAMSUNG"": 0}"
family_rentalcar,oat_axis,axis:overlap,0.9,0,KB|KAKAOPAY|SHINHAN|MERITZ|HYUNDAI|DB|SAMSUNG,True,True,True,0.0,0,1.0,1.0,"{""KB"": 0, ""KAKAOPAY"": 0, ""SHINHAN"": 0, ""MERITZ"": 0, ""HYUNDAI"": 0, ""DB"": 0, ""SAMSUNG"": 0}"
family_rentalcar,oat_axis,axis:overlap,1.1,0,KB|KAKAOPAY|SHINHAN|MERITZ|HYUNDAI|DB|SAMSUNG,True,True,True,0.0,0,1.0,1.0,"{""KB"": 0, ""KAKAOPAY"": 0, ""SHINHAN"": 0, ""MERITZ"": 0, ""HYUNDAI"": 0, ""DB"": 0, ""SAMSUNG"": 0}"
family_rentalcar,oat_axis,axis:overlap,1.2,0,KB|SHINHAN|KAKAOPAY|MERITZ|HYUNDAI|DB|SAMSUNG,True,True,False,0.2857142857142857,1,0.9047619047619048,0.9642857142857143,"{""KB"": 0, ""KAKAOPAY"": 1, ""SHINHAN"": -1, ""MERITZ"": 0, ""HYUNDAI"": 0, ""DB"": 0, ""SAMSUNG"": 0}"
family_rentalcar,oat_axis,axis:activity,0.8,0,KB|KAKAOPAY|SHINHAN|MERITZ|HYUNDAI|DB|SAMSUNG,True,True,True,0.0,0,1.0,1.0,"{""KB"": 0, ""KAKAOPAY"": 0, ""SHINHAN"": 0, ""MERITZ"": 0, ""HYUNDAI"": 0, ""DB"": 0, ""SAMSUNG"": 0}"
family_rentalcar,oat_axis,axis:activity,0.9,0,KB|KAKAOPAY|SHINHAN|MERITZ|HYUNDAI|DB|SAMSUNG,True,True,True,0.0,0,1.0,1.0,"{""KB"": 0, ""KAKAOPAY"": 0, ""SHINHAN"": 0, ""MERITZ"": 0, ""HYUNDAI"": 0, ""DB"": 0, ""SAMSUNG"": 0}"
family_rentalcar,oat_axis,axis:activity,1.1,0,KB|KAKAOPAY|SHINHAN|MERITZ|HYUNDAI|DB|SAMSUNG,True,True,True,0.0,0,1.0,1.0,"{""KB"": 0, ""KAKAOPAY"": 0, ""SHINHAN"": 0, ""MERITZ"": 0, ""HYUNDAI"": 0, ""DB"": 0, ""SAMSUNG"": 0}"
family_rentalcar,oat_axis,axis:activity,1.2,0,KB|KAKAOPAY|SHINHAN|MERITZ|HYUNDAI|DB|SAMSUNG,True,True,True,0.0,0,1.0,1.0,"{""KB"": 0, ""KAKAOPAY"": 0, ""SHINHAN"": 0, ""MERITZ"": 0, ""HYUNDAI"": 0, ""DB"": 0, ""SAMSUNG"": 0}"
family_rentalcar,monte_carlo,all,0.0,0,KAKAOPAY|KB|SHINHAN|MERITZ|HYUNDAI|DB|SAMSUNG,False,True,False,0.2857142857142857,1,0.9047619047619048,0.9642857142857143,"{""KB"": 1, ""KAKAOPAY"": -1, ""SHINHAN"": 0, ""MERITZ"": 0, ""HYUNDAI"": 0, ""DB"": 0, ""SAMSUNG"": 0}"
family_rentalcar,monte_carlo,all,0.0,1,KB|MERITZ|SHINHAN|KAKAOPAY|HYUNDAI|DB|SAMSUNG,True,False,False,0.5714285714285714,2,0.7142857142857143,0.8571428571428572,"{""KB"": 0, ""KAKAOPAY"": 2, ""SHINHAN"": 0, ""MERITZ"": -2, ""HYUNDAI"": 0, ""DB"": 0, ""SAMSUNG"": 0}"
family_rentalcar,monte_carlo,all,0.0,2,KAKAOPAY|SHINHAN|KB|MERITZ|HYUNDAI|DB|SAMSUNG,False,True,False,0.5714285714285714,2,0.8095238095238095,0.8928571428571429,"{""KB"": 2, ""KAKAOPAY"": -1, ""SHINHAN"": -1, ""MERITZ"": 0, ""HYUNDAI"": 0, ""DB"": 0, ""SAMSUNG"": 0}"
family_rentalcar,monte_carlo,all,0.0,3,SHINHAN|KB|KAKAOPAY|MERITZ|HYUNDAI|DB|SAMSUNG,False,True,False,0.5714285714285714,2,0.8095238095238095,0.8928571428571429,"{""KB"": 1, ""KAKAOPAY"": 1, ""SHINHAN"": -2, ""MERITZ"": 0, ""HYUNDAI"": 0, ""DB"": 0, ""SAMSUNG"": 0}"
family_rentalcar,monte_carlo,all,0.0,4,KB|KAKAOPAY|SHINHAN|MERITZ|HYUNDAI|DB|SAMSUNG,True,True,True,0.0,0,1.0,1.0,"{""KB"": 0, ""KAKAOPAY"": 0, ""SHINHAN"": 0, ""MERITZ"": 0, ""HYUNDAI"": 0, ""DB"": 0, ""SAMSUNG"": 0}"
family_rentalcar,monte_carlo,all,0.0,5,KAKAOPAY|SHINHAN|KB|MERITZ|HYUNDAI|DB|SAMSUNG,False,True,False,0.5714285714285714,2,0.8095238095238095,0.8928571428571429,"{""KB"": 2, ""KAKAOPAY"": -1, ""SHINHAN"": -1, ""MERITZ"": 0, ""HYUNDAI"": 0, ""DB"": 0, ""SAMSUNG"": 0}"
family_rentalcar,monte_carlo,all,0.0,6,SHINHAN|KB|KAKAOPAY|MERITZ|HYUNDAI|DB|SAMSUNG,False,True,False,0.5714285714285714,2,0.8095238095238095,0.8928571428571429,"{""KB"": 1, ""KAKAOPAY"": 1, ""SHINHAN"": -2, ""MERITZ"": 0, ""HYUNDAI"": 0, ""DB"": 0, ""SAMSUNG"": 0}"
family_rentalcar,monte_carlo,all,0.0,7,SHINHAN|KB|MERITZ|KAKAOPAY|HYUNDAI|DB|SAMSUNG,False,False,False,0.8571428571428571,2,0.7142857142857143,0.8214285714285714,"{""KB"": 1, ""KAKAOPAY"": 2, ""SHINHAN"": -2, ""MERITZ"": -1, ""HYUNDAI"": 0, ""DB"": 0, ""SAMSUNG"": 0}"
family_rentalcar,monte_carlo,all,0.0,8,KAKAOPAY|SHINHAN|KB|MERITZ|HYUNDAI|DB|SAMSUNG,False,True,False,0.5714285714285714,2,0.8095238095238095,0.8928571428571429,"{""KB"": 2, ""KAKAOPAY"": -1, ""SHINHAN"": -1, ""MERITZ"": 0, ""HYUNDAI"": 0, ""DB"": 0, ""SAMSUNG"": 0}"
family_rentalcar,monte_carlo,all,0.0,9,SHINHAN|KAKAOPAY|KB|MERITZ|HYUNDAI|DB|SAMSUNG,False,True,False,0.5714285714285714,2,0.7142857142857143,0.8571428571428572,"{""KB"": 2, ""KAKAOPAY"": 0, ""SHINHAN"": -2, ""MERITZ"": 0, ""HYUNDAI"": 0, ""DB"": 0, ""SAMSUNG"": 0}"
family_rentalcar,monte_carlo,all,0.0,10,KB|SHINHAN|KAKAOPAY|MERITZ|HYUNDAI|DB|SAMSUNG,True,True,False,0.2857142857142857,1,0.9047619047619048,0.9642857142857143,"{""KB"": 0, ""KAKAOPAY"": 1, ""SHINHAN"": -1, ""MERITZ"": 0, ""HYUNDAI"": 0, ""DB"": 0, ""SAMSUNG"": 0}"
family_rentalcar,monte_carlo,all,0.0,11,KAKAOPAY|KB|SHINHAN|MERITZ|HYUNDAI|DB|SAMSUNG,False,True,False,0.2857142857142857,1,0.9047619047619048,0.9642857142857143,"{""KB"": 1, ""KAKAOPAY"": -1, ""SHINHAN"": 0, ""MERITZ"": 0, ""HYUNDAI"": 0, ""DB"": 0, ""SAMSUNG"": 0}"
family_rentalcar,monte_carlo,all,0.0,12,KB|KAKAOPAY|SHINHAN|MERITZ|HYUNDAI|DB|SAMSUNG,True,True,True,0.0,0,1.0,1.0,"{""KB"": 0, ""KAKAOPAY"": 0, ""SHINHAN"": 0, ""MERITZ"": 0, ""HYUNDAI"": 0, ""DB"": 0, ""SAMSUNG"": 0}"
family_rentalcar,monte_carlo,all,0.0,13,KB|SHINHAN|KAKAOPAY|MERITZ|HYUNDAI|DB|SAMSUNG,True,True,False,0.2857142857142857,1,0.9047619047619048,0.9642857142857143,"{""KB"": 0, ""KAKAOPAY"": 1, ""SHINHAN"": -1, ""MERITZ"": 0, ""HYUNDAI"": 0, ""DB"": 0, ""SAMSUNG"": 0}"
family_rentalcar,monte_carlo,all,0.0,14,KAKAOPAY|SHINHAN|KB|MERITZ|HYUNDAI|DB|SAMSUNG,False,True,False,0.5714285714285714,2,0.8095238095238095,0.8928571428571429,"{""KB"": 2, ""KAKAOPAY"": -1, ""SHINHAN"": -1, ""MERITZ"": 0, ""HYUNDAI"": 0, ""DB"": 0, ""SAMSUNG"": 0}"
family_rentalcar,monte_carlo,all,0.0,15,KB|KAKAOPAY|SHINHAN|MERITZ|HYUNDAI|DB|SAMSUNG,True,True,True,0.0,0,1.0,1.0,"{""KB"": 0, ""KAKAOPAY"": 0, ""SHINHAN"": 0, ""MERITZ"": 0, ""HYUNDAI"": 0, ""DB"": 0, ""SAMSUNG"": 0}"
family_rentalcar,monte_carlo,all,0.0,16,KAKAOPAY|KB|SHINHAN|MERITZ|HYUNDAI|DB|SAMSUNG,False,True,False,0.2857142857142857,1,0.9047619047619048,0.9642857142857143,"{""KB"": 1, ""KAKAOPAY"": -1, ""SHINHAN"": 0, ""MERITZ"": 0, ""HYUNDAI"": 0, ""DB"": 0, ""SAMSUNG"": 0}"
family_rentalcar,monte_carlo,all,0.0,17,KB|SHINHAN|MERITZ|KAKAOPAY|HYUNDAI|DB|SAMSUNG,True,False,False,0.5714285714285714,2,0.8095238095238095,0.8928571428571429,"{""KB"": 0, ""KAKAOPAY"": 2, ""SHINHAN"": -1, ""MERITZ"": -1, ""HYUNDAI"": 0, ""DB"": 0, ""SAMSUNG"": 0}"
family_rentalcar,monte_carlo,all,0.0,18,KB|KAKAOPAY|SHINHAN|MERITZ|HYUNDAI|DB|SAMSUNG,True,True,True,0.0,0,1.0,1.0,"{""KB"": 0, ""KAKAOPAY"": 0, ""SHINHAN"": 0, ""MERITZ"": 0, ""HYUNDAI"": 0, ""DB"": 0, ""SAMSUNG"": 0}"
family_rentalcar,monte_carlo,all,0.0,19,SHINHAN|KB|KAKAOPAY|MERITZ|HYUNDAI|DB|SAMSUNG,False,True,False,0.5714285714285714,2,0.8095238095238095,0.8928571428571429,"{""KB"": 1, ""KAKAOPAY"": 1, ""SHINHAN"": -2, ""MERITZ"": 0, ""HYUNDAI"": 0, ""DB"": 0, ""SAMSUNG"": 0}"
family_rentalcar,monte_carlo,all,0.0,20,KB|KAKAOPAY|SHINHAN|MERITZ|HYUNDAI|DB|SAMSUNG,True,True,True,0.0,0,1.0,1.0,"{""KB"": 0, ""KAKAOPAY"": 0, ""SHINHAN"": 0, ""MERITZ"": 0, ""HYUNDAI"": 0, ""DB"": 0, ""SAMSUNG"": 0}"
family_rentalcar,monte_carlo,all,0.0,21,KB|KAKAOPAY|SHINHAN|MERITZ|HYUNDAI|DB|SAMSUNG,True,True,True,0.0,0,1.0,1.0,"{""KB"": 0, ""KAKAOPAY"": 0, ""SHINHAN"": 0, ""MERITZ"": 0, ""HYUNDAI"": 0, ""DB"": 0, ""SAMSUNG"": 0}"
family_rentalcar,monte_carlo,all,0.0,22,KAKAOPAY|SHINHAN|KB|MERITZ|HYUNDAI|DB|SAMSUNG,False,True,False,0.5714285714285714,2,0.8095238095238095,0.8928571428571429,"{""KB"": 2, ""KAKAOPAY"": -1, ""SHINHAN"": -1, ""MERITZ"": 0, ""HYUNDAI"": 0, ""DB"": 0, ""SAMSUNG"": 0}"
family_rentalcar,monte_carlo,all,0.0,23,KAKAOPAY|SHINHAN|KB|MERITZ|HYUNDAI|DB|SAMSUNG,False,True,False,0.5714285714285714,2,0.8095238095238095,0.8928571428571429,"{""KB"": 2, ""KAKAOPAY"": -1, ""SHINHAN"": -1, ""MERITZ"": 0, ""HYUNDAI"": 0, ""DB"": 0, ""SAMSUNG"": 0}"
family_rentalcar,monte_carlo,all,0.0,24,KAKAOPAY|KB|SHINHAN|MERITZ|HYUNDAI|DB|SAMSUNG,False,True,False,0.2857142857142857,1,0.9047619047619048,0.9642857142857143,"{""KB"": 1, ""KAKAOPAY"": -1, ""SHINHAN"": 0, ""MERITZ"": 0, ""HYUNDAI"": 0, ""DB"": 0, ""SAMSUNG"": 0}"
family_rentalcar,monte_carlo,all,0.0,25,KAKAOPAY|SHINHAN|KB|MERITZ|HYUNDAI|DB|SAMSUNG,False,True,False,0.5714285714285714,2,0.8095238095238095,0.8928571428571429,"{""KB"": 2, ""KAKAOPAY"": -1, ""SHINHAN"": -1, ""MERITZ"": 0, ""HYUNDAI"": 0, ""DB"": 0, ""SAMSUNG"": 0}"
family_rentalcar,monte_carlo,all,0.0,26,KAKAOPAY|KB|SHINHAN|MERITZ|HYUNDAI|DB|SAMSUNG,False,True,False,0.2857142857142857,1,0.9047619047619048,0.9642857142857143,"{""KB"": 1, ""KAKAOPAY"": -1, ""SHINHAN"": 0, ""MERITZ"": 0, ""HYUNDAI"": 0, ""DB"": 0, ""SAMSUNG"": 0}"
family_rentalcar,monte_carlo,all,0.0,27,KAKAOPAY|SHINHAN|KB|MERITZ|HYUNDAI|DB|SAMSUNG,False,True,False,0.5714285714285714,2,0.8095238095238095,0.8928571428571429,"{""KB"": 2, ""KAKAOPAY"": -1, ""SHINHAN"": -1, ""MERITZ"": 0, ""HYUNDAI"": 0, ""DB"": 0, ""SAMSUNG"": 0}"
family_rentalcar,monte_carlo,all,0.0,28,KB|SHINHAN|MERITZ|KAKAOPAY|HYUNDAI|DB|SAMSUNG,True,False,False,0.5714285714285714,2,0.8095238095238095,0.8928571428571429,"{""KB"": 0, ""KAKAOPAY"": 2, ""SHINHAN"": -1, ""MERITZ"": -1, ""HYUNDAI"": 0, ""DB"": 0, ""SAMSUNG"": 0}"
family_rentalcar,monte_carlo,all,0.0,29,KB|SHINHAN|MERITZ|KAKAOPAY|HYUNDAI|DB|SAMSUNG,True,False,False,0.5714285714285714,2,0.8095238095238095,0.8928571428571429,"{""KB"": 0, ""KAKAOPAY"": 2, ""SHINHAN"": -1, ""MERITZ"": -1, ""HYUNDAI"": 0, ""DB"": 0, ""SAMSUNG"": 0}"
family_rentalcar,monte_carlo,all,0.0,30,KAKAOPAY|SHINHAN|KB|MERITZ|HYUNDAI|DB|SAMSUNG,False,True,False,0.5714285714285714,2,0.8095238095238095,0.8928571428571429,"{""KB"": 2, ""KAKAOPAY"": -1, ""SHINHAN"": -1, ""MERITZ"": 0, ""HYUNDAI"": 0, ""DB"": 0, ""SAMSUNG"": 0}"
family_rentalcar,monte_carlo,all,0.0,31,KAKAOPAY|SHINHAN|KB|MERITZ|HYUNDAI|DB|SAMSUNG,False,True,False,0.5714285714285714,2,0.8095238095238095,0.8928571428571429,"{""KB"": 2, ""KAKAOPAY"": -1, ""SHINHAN"": -1, ""MERITZ"": 0, ""HYUNDAI"": 0, ""DB"": 0, ""SAMSUNG"": 0}"
family_rentalcar,monte_carlo,all,0.0,32,KAKAOPAY|KB|SHINHAN|MERITZ|HYUNDAI|DB|SAMSUNG,False,True,False,0.2857142857142857,1,0.9047619047619048,0.9642857142857143,"{""KB"": 1, ""KAKAOPAY"": -1, ""SHINHAN"": 0, ""MERITZ"": 0, ""HYUNDAI"": 0, ""DB"": 0, ""SAMSUNG"": 0}"
family_rentalcar,monte_carlo,all,0.0,33,KAKAOPAY|KB|SHINHAN|MERITZ|HYUNDAI|DB|SAMSUNG,False,True,False,0.2857142857142857,1,0.9047619047619048,0.9642857142857143,"{""KB"": 1, ""KAKAOPAY"": -1, ""SHINHAN"": 0, ""MERITZ"": 0, ""HYUNDAI"": 0, ""DB"": 0, ""SAMSUNG"": 0}"
family_rentalcar,monte_carlo,all,0.0,34,SHINHAN|KB|KAKAOPAY|MERITZ|HYUNDAI|DB|SAMSUNG,False,True,False,0.5714285714285714,2,0.8095238095238095,0.8928571428571429,"{""KB"": 1, ""KAKAOPAY"": 1, ""SHINHAN"": -2, ""MERITZ"": 0, ""HYUNDAI"": 0, ""DB"": 0, ""SAMSUNG"": 0}"
family_rentalcar,monte_carlo,all,0.0,35,KAKAOPAY|KB|SHINHAN|MERITZ|HYUNDAI|DB|SAMSUNG,False,True,False,0.2857142857142857,1,0.9047619047619048,0.9642857142857143,"{""KB"": 1, ""KAKAOPAY"": -1, ""SHINHAN"": 0, ""MERITZ"": 0, ""HYUNDAI"": 0, ""DB"": 0, ""SAMSUNG"": 0}"
family_rentalcar,monte_carlo,all,0.0,36,KB|SHINHAN|MERITZ|KAKAOPAY|HYUNDAI|DB|SAMSUNG,True,False,False,0.5714285714285714,2,0.8095238095238095,0.8928571428571429,"{""KB"": 0, ""KAKAOPAY"": 2, ""SHINHAN"": -1, ""MERITZ"": -1, ""HYUNDAI"": 0, ""DB"": 0, ""SAMSUNG"": 0}"
family_rentalcar,monte_carlo,all,0.0,37,KB|SHINHAN|KAKAOPAY|MERITZ|HYUNDAI|DB|SAMSUNG,True,True,False,0.2857142857142857,1,0.9047619047619048,0.9642857142857143,"{""KB"": 0, ""KAKAOPAY"": 1, ""SHINHAN"": -1, ""MERITZ"": 0, ""HYUNDAI"": 0, ""DB"": 0, ""SAMSUNG"": 0}"
family_rentalcar,monte_carlo,all,0.0,38,KB|SHINHAN|KAKAOPAY|MERITZ|HYUNDAI|DB|SAMSUNG,True,True,False,0.2857142857142857,1,0.9047619047619048,0.9642857142857143,"{""KB"": 0, ""KAKAOPAY"": 1, ""SHINHAN"": -1, ""MERITZ"": 0, ""HYUNDAI"": 0, ""DB"": 0, ""SAMSUNG"": 0}"
family_rentalcar,monte_carlo,all,0.0,39,KAKAOPAY|KB|SHINHAN|MERITZ|HYUNDAI|DB|SAMSUNG,False,True,False,0.2857142857142857,1,0.9047619047619048,0.9642857142857143,"{""KB"": 1, ""KAKAOPAY"": -1, ""SHINHAN"": 0, ""MERITZ"": 0, ""HYUNDAI"": 0, ""DB"": 0, ""SAMSUNG"": 0}"
family_rentalcar,monte_carlo,all,0.0,40,KAKAOPAY|SHINHAN|KB|MERITZ|HYUNDAI|DB|SAMSUNG,False,True,False,0.5714285714285714,2,0.8095238095238095,0.8928571428571429,"{""KB"": 2, ""KAKAOPAY"": -1, ""SHINHAN"": -1, ""MERITZ"": 0, ""HYUNDAI"": 0, ""DB"": 0, ""SAMSUNG"": 0}"
family_rentalcar,monte_carlo,all,0.0,41,KAKAOPAY|SHINHAN|KB|MERITZ|HYUNDAI|DB|SAMSUNG,False,True,False,0.5714285714285714,2,0.8095238095238095,0.8928571428571429,"{""KB"": 2, ""KAKAOPAY"": -1, ""SHINHAN"": -1, ""MERITZ"": 0, ""HYUNDAI"": 0, ""DB"": 0, ""SAMSUNG"": 0}"
family_rentalcar,monte_carlo,all,0.0,42,KAKAOPAY|SHINHAN|KB|MERITZ|HYUNDAI|DB|SAMSUNG,False,True,False,0.5714285714285714,2,0.8095238095238095,0.8928571428571429,"{""KB"": 2, ""KAKAOPAY"": -1, ""SHINHAN"": -1, ""MERITZ"": 0, ""HYUNDAI"": 0, ""DB"": 0, ""SAMSUNG"": 0}"
family_rentalcar,monte_carlo,all,0.0,43,KB|KAKAOPAY|SHINHAN|MERITZ|HYUNDAI|DB|SAMSUNG,True,True,True,0.0,0,1.0,1.0,"{""KB"": 0, ""KAKAOPAY"": 0, ""SHINHAN"": 0, ""MERITZ"": 0, ""HYUNDAI"": 0, ""DB"": 0, ""SAMSUNG"": 0}"
family_rentalcar,monte_carlo,all,0.0,44,KB|MERITZ|SHINHAN|KAKAOPAY|HYUNDAI|DB|SAMSUNG,True,False,False,0.5714285714285714,2,0.7142857142857143,0.8571428571428572,"{""KB"": 0, ""KAKAOPAY"": 2, ""SHINHAN"": 0, ""MERITZ"": -2, ""HYUNDAI"": 0, ""DB"": 0, ""SAMSUNG"": 0}"
family_rentalcar,monte_carlo,all,0.0,45,KB|SHINHAN|MERITZ|KAKAOPAY|HYUNDAI|DB|SAMSUNG,True,False,False,0.5714285714285714,2,0.8095238095238095,0.8928571428571429,"{""KB"": 0, ""KAKAOPAY"": 2, ""SHINHAN"": -1, ""MERITZ"": -1, ""HYUNDAI"": 0, ""DB"": 0, ""SAMSUNG"": 0}"
family_rentalcar,monte_carlo,all,0.0,46,KB|SHINHAN|KAKAOPAY|MERITZ|HYUNDAI|DB|SAMSUNG,True,True,False,0.2857142857142857,1,0.9047619047619048,0.9642857142857143,"{""KB"": 0, ""KAKAOPAY"": 1, ""SHINHAN"": -1, ""MERITZ"": 0, ""HYUNDAI"": 0, ""DB"": 0, ""SAMSUNG"": 0}"
family_rentalcar,monte_carlo,all,0.0,47,KB|SHINHAN|KAKAOPAY|MERITZ|HYUNDAI|DB|SAMSUNG,True,True,False,0.2857142857142857,1,0.9047619047619048,0.9642857142857143,"{""KB"": 0, ""KAKAOPAY"": 1, ""SHINHAN"": -1, ""MERITZ"": 0, ""HYUNDAI"": 0, ""DB"": 0, ""SAMSUNG"": 0}"
family_rentalcar,monte_carlo,all,0.0,48,KB|SHINHAN|MERITZ|KAKAOPAY|HYUNDAI|DB|SAMSUNG,True,False,False,0.5714285714285714,2,0.8095238095238095,0.8928571428571429,"{""KB"": 0, ""KAKAOPAY"": 2, ""SHINHAN"": -1, ""MERITZ"": -1, ""HYUNDAI"": 0, ""DB"": 0, ""SAMSUNG"": 0}"
family_rentalcar,monte_carlo,all,0.0,49,MERITZ|KB|SHINHAN|KAKAOPAY|HYUNDAI|DB|SAMSUNG,False,False,False,0.8571428571428571,3,0.6190476190476191,0.75,"{""KB"": 1, ""KAKAOPAY"": 2, ""SHINHAN"": 0, ""MERITZ"": -3, ""HYUNDAI"": 0, ""DB"": 0, ""SAMSUNG"": 0}"
family_rentalcar,monte_carlo,all,0.0,50,KAKAOPAY|KB|SHINHAN|MERITZ|HYUNDAI|DB|SAMSUNG,False,True,False,0.2857142857142857,1,0.9047619047619048,0.9642857142857143,"{""KB"": 1, ""KAKAOPAY"": -1, ""SHINHAN"": 0, ""MERITZ"": 0, ""HYUNDAI"": 0, ""DB"": 0, ""SAMSUNG"": 0}"
family_rentalcar,monte_carlo,all,0.0,51,KAKAOPAY|SHINHAN|KB|MERITZ|HYUNDAI|DB|SAMSUNG,False,True,False,0.5714285714285714,2,0.8095238095238095,0.8928571428571429,"{""KB"": 2, ""KAKAOPAY"": -1, ""SHINHAN"": -1, ""MERITZ"": 0, ""HYUNDAI"": 0, ""DB"": 0, ""SAMSUNG"": 0}"
family_rentalcar,monte_carlo,all,0.0,52,KB|MERITZ|SHINHAN|KAKAOPAY|HYUNDAI|DB|SAMSUNG,True,False,False,0.5714285714285714,2,0.7142857142857143,0.8571428571428572,"{""KB"": 0, ""KAKAOPAY"": 2, ""SHINHAN"": 0, ""MERITZ"": -2, ""HYUNDAI"": 0, ""DB"": 0, ""SAMSUNG"": 0}"
family_rentalcar,monte_carlo,all,0.0,53,KAKAOPAY|KB|SHINHAN|MERITZ|HYUNDAI|DB|SAMSUNG,False,True,False,0.2857142857142857,1,0.9047619047619048,0.9642857142857143,"{""KB"": 1, ""KAKAOPAY"": -1, ""SHINHAN"": 0, ""MERITZ"": 0, ""HYUNDAI"": 0, ""DB"": 0, ""SAMSUNG"": 0}"
family_rentalcar,monte_carlo,all,0.0,54,KB|SHINHAN|KAKAOPAY|MERITZ|HYUNDAI|DB|SAMSUNG,True,True,False,0.2857142857142857,1,0.9047619047619048,0.9642857142857143,"{""KB"": 0, ""KAKAOPAY"": 1, ""SHINHAN"": -1, ""MERITZ"": 0, ""HYUNDAI"": 0, ""DB"": 0, ""SAMSUNG"": 0}"
family_rentalcar,monte_carlo,all,0.0,55,SHINHAN|KAKAOPAY|KB|MERITZ|HYUNDAI|DB|SAMSUNG,False,True,False,0.5714285714285714,2,0.7142857142857143,0.8571428571428572,"{""KB"": 2, ""KAKAOPAY"": 0, ""SHINHAN"": -2, ""MERITZ"": 0, ""HYUNDAI"": 0, ""DB"": 0, ""SAMSUNG"": 0}"
family_rentalcar,monte_carlo,all,0.0,56,KB|SHINHAN|MERITZ|KAKAOPAY|HYUNDAI|DB|SAMSUNG,True,False,False,0.5714285714285714,2,0.8095238095238095,0.8928571428571429,"{""KB"": 0, ""KAKAOPAY"": 2, ""SHINHAN"": -1, ""MERITZ"": -1, ""HYUNDAI"": 0, ""DB"": 0, ""SAMSUNG"": 0}"
family_rentalcar,monte_carlo,all,0.0,57,KAKAOPAY|KB|SHINHAN|MERITZ|HYUNDAI|DB|SAMSUNG,False,True,False,0.2857142857142857,1,0.9047619047619048,0.9642857142857143,"{""KB"": 1, ""KAKAOPAY"": -1, ""SHINHAN"": 0, ""MERITZ"": 0, ""HYUNDAI"": 0, ""DB"": 0, ""SAMSUNG"": 0}"
family_rentalcar,monte_carlo,all,0.0,58,KB|SHINHAN|MERITZ|KAKAOPAY|HYUNDAI|DB|SAMSUNG,True,False,False,0.5714285714285714,2,0.8095238095238095,0.8928571428571429,"{""KB"": 0, ""KAKAOPAY"": 2, ""SHINHAN"": -1, ""MERITZ"": -1, ""HYUNDAI"": 0, ""DB"": 0, ""SAMSUNG"": 0}"
family_rentalcar,monte_carlo,all,0.0,59,KB|MERITZ|SHINHAN|KAKAOPAY|HYUNDAI|DB|SAMSUNG,True,False,False,0.5714285714285714,2,0.7142857142857143,0.8571428571428572,"{""KB"": 0, ""KAKAOPAY"": 2, ""SHINHAN"": 0, ""MERITZ"": -2, ""HYUNDAI"": 0, ""DB"": 0, ""SAMSUNG"": 0}"
family_rentalcar,monte_carlo,all,0.0,60,KAKAOPAY|KB|SHINHAN|MERITZ|HYUNDAI|DB|SAMSUNG,False,True,False,0.2857142857142857,1,0.9047619047619048,0.9642857142857143,"{""KB"": 1, ""KAKAOPAY"": -1, ""SHINHAN"": 0, ""MERITZ"": 0, ""HYUNDAI"": 0, ""DB"": 0, ""SAMSUNG"": 0}"
family_rentalcar,monte_carlo,all,0.0,61,KB|SHINHAN|MERITZ|KAKAOPAY|HYUNDAI|DB|SAMSUNG,True,False,False,0.5714285714285714,2,0.8095238095238095,0.8928571428571429,"{""KB"": 0, ""KAKAOPAY"": 2, ""SHINHAN"": -1, ""MERITZ"": -1, ""HYUNDAI"": 0, ""DB"": 0, ""SAMSUNG"": 0}"
family_rentalcar,monte_carlo,all,0.0,62,KB|MERITZ|SHINHAN|KAKAOPAY|HYUNDAI|DB|SAMSUNG,True,False,False,0.5714285714285714,2,0.7142857142857143,0.8571428571428572,"{""KB"": 0, ""KAKAOPAY"": 2, ""SHINHAN"": 0, ""MERITZ"": -2, ""HYUNDAI"": 0, ""DB"": 0, ""SAMSUNG"": 0}"
family_rentalcar,monte_carlo,all,0.0,63,KAKAOPAY|SHINHAN|KB|MERITZ|HYUNDAI|DB|SAMSUNG,False,True,False,0.5714285714285714,2,0.8095238095238095,0.8928571428571429,"{""KB"": 2, ""KAKAOPAY"": -1, ""SHINHAN"": -1, ""MERITZ"": 0, ""HYUNDAI"": 0, ""DB"": 0, ""SAMSUNG"": 0}"
family_rentalcar,monte_carlo,all,0.0,64,KB|SHINHAN|MERITZ|KAKAOPAY|HYUNDAI|DB|SAMSUNG,True,False,False,0.5714285714285714,2,0.8095238095238095,0.8928571428571429,"{""KB"": 0, ""KAKAOPAY"": 2, ""SHINHAN"": -1, ""MERITZ"": -1, ""HYUNDAI"": 0, ""DB"": 0, ""SAMSUNG"": 0}"
family_rentalcar,monte_carlo,all,0.0,65,KB|KAKAOPAY|SHINHAN|MERITZ|HYUNDAI|DB|SAMSUNG,True,True,True,0.0,0,1.0,1.0,"{""KB"": 0, ""KAKAOPAY"": 0, ""SHINHAN"": 0, ""MERITZ"": 0, ""HYUNDAI"": 0, ""DB"": 0, ""SAMSUNG"": 0}"
family_rentalcar,monte_carlo,all,0.0,66,KAKAOPAY|SHINHAN|KB|MERITZ|HYUNDAI|DB|SAMSUNG,False,True,False,0.5714285714285714,2,0.8095238095238095,0.8928571428571429,"{""KB"": 2, ""KAKAOPAY"": -1, ""SHINHAN"": -1, ""MERITZ"": 0, ""HYUNDAI"": 0, ""DB"": 0, ""SAMSUNG"": 0}"
family_rentalcar,monte_carlo,all,0.0,67,KB|KAKAOPAY|SHINHAN|MERITZ|HYUNDAI|DB|SAMSUNG,True,True,True,0.0,0,1.0,1.0,"{""KB"": 0, ""KAKAOPAY"": 0, ""SHINHAN"": 0, ""MERITZ"": 0, ""HYUNDAI"": 0, ""DB"": 0, ""SAMSUNG"": 0}"
family_rentalcar,monte_carlo,all,0.0,68,KAKAOPAY|SHINHAN|KB|MERITZ|HYUNDAI|DB|SAMSUNG,False,True,False,0.5714285714285714,2,0.8095238095238095,0.8928571428571429,"{""KB"": 2, ""KAKAOPAY"": -1, ""SHINHAN"": -1, ""MERITZ"": 0, ""HYUNDAI"": 0, ""DB"": 0, ""SAMSUNG"": 0}"
family_rentalcar,monte_carlo,all,0.0,69,SHINHAN|KB|KAKAOPAY|MERITZ|HYUNDAI|DB|SAMSUNG,False,True,False,0.5714285714285714,2,0.8095238095238095,0.8928571428571429,"{""KB"": 1, ""KAKAOPAY"": 1, ""SHINHAN"": -2, ""MERITZ"": 0, ""HYUNDAI"": 0, ""DB"": 0, ""SAMSUNG"": 0}"
family_rentalcar,monte_carlo,all,0.0,70,KAKAOPAY|KB|SHINHAN|MERITZ|HYUNDAI|DB|SAMSUNG,False,True,False,0.2857142857142857,1,0.9047619047619048,0.9642857142857143,"{""KB"": 1, ""KAKAOPAY"": -1, ""SHINHAN"": 0, ""MERITZ"": 0, ""HYUNDAI"": 0, ""DB"": 0, ""SAMSUNG"": 0}"
family_rentalcar,monte_carlo,all,0.0,71,KB|MERITZ|SHINHAN|KAKAOPAY|HYUNDAI|DB|SAMSUNG,True,False,False,0.5714285714285714,2,0.7142857142857143,0.8571428571428572,"{""KB"": 0, ""KAKAOPAY"": 2, ""SHINHAN"": 0, ""MERITZ"": -2, ""HYUNDAI"": 0, ""DB"": 0, ""SAMSUNG"": 0}"
family_rentalcar,monte_carlo,all,0.0,72,KB|SHINHAN|KAKAOPAY|MERITZ|HYUNDAI|DB|SAMSUNG,True,True,False,0.2857142857142857,1,0.9047619047619048,0.9642857142857143,"{""KB"": 0, ""KAKAOPAY"": 1, ""SHINHAN"": -1, ""MERITZ"": 0, ""HYUNDAI"": 0, ""DB"": 0, ""SAMSUNG"": 0}"
family_rentalcar,monte_carlo,all,0.0,73,KB|SHINHAN|KAKAOPAY|MERITZ|HYUNDAI|DB|SAMSUNG,True,True,False,0.2857142857142857,1,0.9047619047619048,0.9642857142857143,"{""KB"": 0, ""KAKAOPAY"": 1, ""SHINHAN"": -1, ""MERITZ"": 0, ""HYUNDAI"": 0, ""DB"": 0, ""SAMSUNG"": 0}"
family_rentalcar,monte_carlo,all,0.0,74,KAKAOPAY|SHINHAN|KB|MERITZ|HYUNDAI|DB|SAMSUNG,False,True,False,0.5714285714285714,2,0.8095238095238095,0.8928571428571429,"{""KB"": 2, ""KAKAOPAY"": -1, ""SHINHAN"": -1, ""MERITZ"": 0, ""HYUNDAI"": 0, ""DB"": 0, ""SAMSUNG"": 0}"
family_rentalcar,monte_carlo,all,0.0,75,KAKAOPAY|KB|SHINHAN|MERITZ|HYUNDAI|DB|SAMSUNG,False,True,False,0.2857142857142857,1,0.9047619047619048,0.9642857142857143,"{""KB"": 1, ""KAKAOPAY"": -1, ""SHINHAN"": 0, ""MERITZ"": 0, ""HYUNDAI"": 0, ""DB"": 0, ""SAMSUNG"": 0}"
family_rentalcar,monte_carlo,all,0.0,76,KAKAOPAY|KB|SHINHAN|MERITZ|HYUNDAI|DB|SAMSUNG,False,True,False,0.2857142857142857,1,0.9047619047619048,0.9642857142857143,"{""KB"": 1, ""KAKAOPAY"": -1, ""SHINHAN"": 0, ""MERITZ"": 0, ""HYUNDAI"": 0, ""DB"": 0, ""SAMSUNG"": 0}"
family_rentalcar,monte_carlo,all,0.0,77,KAKAOPAY|SHINHAN|KB|MERITZ|HYUNDAI|DB|SAMSUNG,False,True,False,0.5714285714285714,2,0.8095238095238095,0.8928571428571429,"{""KB"": 2, ""KAKAOPAY"": -1, ""SHINHAN"": -1, ""MERITZ"": 0, ""HYUNDAI"": 0, ""DB"": 0, ""SAMSUNG"": 0}"
family_rentalcar,monte_carlo,all,0.0,78,KAKAOPAY|KB|SHINHAN|MERITZ|HYUNDAI|DB|SAMSUNG,False,True,False,0.2857142857142857,1,0.9047619047619048,0.9642857142857143,"{""KB"": 1, ""KAKAOPAY"": -1, ""SHINHAN"": 0, ""MERITZ"": 0, ""HYUNDAI"": 0, ""DB"": 0, ""SAMSUNG"": 0}"
family_rentalcar,monte_carlo,all,0.0,79,KAKAOPAY|SHINHAN|KB|MERITZ|HYUNDAI|DB|SAMSUNG,False,True,False,0.5714285714285714,2,0.8095238095238095,0.8928571428571429,"{""KB"": 2, ""KAKAOPAY"": -1, ""SHINHAN"": -1, ""MERITZ"": 0, ""HYUNDAI"": 0, ""DB"": 0, ""SAMSUNG"": 0}"
family_rentalcar,monte_carlo,all,0.0,80,KB|SHINHAN|KAKAOPAY|MERITZ|HYUNDAI|DB|SAMSUNG,True,True,False,0.2857142857142857,1,0.9047619047619048,0.9642857142857143,"{""KB"": 0, ""KAKAOPAY"": 1, ""SHINHAN"": -1, ""MERITZ"": 0, ""HYUNDAI"": 0, ""DB"": 0, ""SAMSUNG"": 0}"
family_rentalcar,monte_carlo,all,0.0,81,KB|SHINHAN|KAKAOPAY|MERITZ|HYUNDAI|DB|SAMSUNG,True,True,False,0.2857142857142857,1,0.9047619047619048,0.9642857142857143,"{""KB"": 0, ""KAKAOPAY"": 1, ""SHINHAN"": -1, ""MERITZ"": 0, ""HYUNDAI"": 0, ""DB"": 0, ""SAMSUNG"": 0}"
family_rentalcar,monte_carlo,all,0.0,82,KAKAOPAY|SHINHAN|KB|MERITZ|HYUNDAI|DB|SAMSUNG,False,True,False,0.5714285714285714,2,0.8095238095238095,0.8928571428571429,"{""KB"": 2, ""KAKAOPAY"": -1, ""SHINHAN"": -1, ""MERITZ"": 0, ""HYUNDAI"": 0, ""DB"": 0, ""SAMSUNG"": 0}"
family_rentalcar,monte_carlo,all,0.0,83,KAKAOPAY|SHINHAN|KB|MERITZ|HYUNDAI|DB|SAMSUNG,False,True,False,0.5714285714285714,2,0.8095238095238095,0.8928571428571429,"{""KB"": 2, ""KAKAOPAY"": -1, ""SHINHAN"": -1, ""MERITZ"": 0, ""HYUNDAI"": 0, ""DB"": 0, ""SAMSUNG"": 0}"
family_rentalcar,monte_carlo,all,0.0,84,KB|KAKAOPAY|SHINHAN|MERITZ|HYUNDAI|DB|SAMSUNG,True,True,True,0.0,0,1.0,1.0,"{""KB"": 0, ""KAKAOPAY"": 0, ""SHINHAN"": 0, ""MERITZ"": 0, ""HYUNDAI"": 0, ""DB"": 0, ""SAMSUNG"": 0}"
family_rentalcar,monte_carlo,all,0.0,85,KB|SHINHAN|MERITZ|KAKAOPAY|HYUNDAI|DB|SAMSUNG,True,False,False,0.5714285714285714,2,0.8095238095238095,0.8928571428571429,"{""KB"": 0, ""KAKAOPAY"": 2, ""SHINHAN"": -1, ""MERITZ"": -1, ""HYUNDAI"": 0, ""DB"": 0, ""SAMSUNG"": 0}"
family_rentalcar,monte_carlo,all,0.0,86,KB|SHINHAN|KAKAOPAY|MERITZ|HYUNDAI|DB|SAMSUNG,True,True,False,0.2857142857142857,1,0.9047619047619048,0.9642857142857143,"{""KB"": 0, ""KAKAOPAY"": 1, ""SHINHAN"": -1, ""MERITZ"": 0, ""HYUNDAI"": 0, ""DB"": 0, ""SAMSUNG"": 0}"
family_rentalcar,monte_carlo,all,0.0,87,KAKAOPAY|KB|SHINHAN|MERITZ|HYUNDAI|DB|SAMSUNG,False,True,False,0.2857142857142857,1,0.9047619047619048,0.9642857142857143,"{""KB"": 1, ""KAKAOPAY"": -1, ""SHINHAN"": 0, ""MERITZ"": 0, ""HYUNDAI"": 0, ""DB"": 0, ""SAMSUNG"": 0}"
family_rentalcar,monte_carlo,all,0.0,88,KB|SHINHAN|MERITZ|KAKAOPAY|HYUNDAI|DB|SAMSUNG,True,False,False,0.5714285714285714,2,0.8095238095238095,0.8928571428571429,"{""KB"": 0, ""KAKAOPAY"": 2, ""SHINHAN"": -1, ""MERITZ"": -1, ""HYUNDAI"": 0, ""DB"": 0, ""SAMSUNG"": 0}"
family_rentalcar,monte_carlo,all,0.0,89,KB|KAKAOPAY|SHINHAN|MERITZ|HYUNDAI|DB|SAMSUNG,True,True,True,0.0,0,1.0,1.0,"{""KB"": 0, ""KAKAOPAY"": 0, ""SHINHAN"": 0, ""MERITZ"": 0, ""HYUNDAI"": 0, ""DB"": 0, ""SAMSUNG"": 0}"
family_rentalcar,monte_carlo,all,0.0,90,KAKAOPAY|SHINHAN|KB|MERITZ|HYUNDAI|DB|SAMSUNG,False,True,False,0.5714285714285714,2,0.8095238095238095,0.8928571428571429,"{""KB"": 2, ""KAKAOPAY"": -1, ""SHINHAN"": -1, ""MERITZ"": 0, ""HYUNDAI"": 0, ""DB"": 0, ""SAMSUNG"": 0}"
family_rentalcar,monte_carlo,all,0.0,91,KB|SHINHAN|KAKAOPAY|MERITZ|HYUNDAI|DB|SAMSUNG,True,True,False,0.2857142857142857,1,0.9047619047619048,0.9642857142857143,"{""KB"": 0, ""KAKAOPAY"": 1, ""SHINHAN"": -1, ""MERITZ"": 0, ""HYUNDAI"": 0, ""DB"": 0, ""SAMSUNG"": 0}"
family_rentalcar,monte_carlo,all,0.0,92,KB|MERITZ|SHINHAN|KAKAOPAY|HYUNDAI|DB|SAMSUNG,True,False,False,0.5714285714285714,2,0.7142857142857143,0.8571428571428572,"{""KB"": 0, ""KAKAOPAY"": 2, ""SHINHAN"": 0, ""MERITZ"": -2, ""HYUNDAI"": 0, ""DB"": 0, ""SAMSUNG"": 0}"
family_rentalcar,monte_carlo,all,0.0,93,KAKAOPAY|SHINHAN|KB|MERITZ|HYUNDAI|DB|SAMSUNG,False,True,False,0.5714285714285714,2,0.8095238095238095,0.8928571428571429,"{""KB"": 2, ""KAKAOPAY"": -1, ""SHINHAN"": -1, ""MERITZ"": 0, ""HYUNDAI"": 0, ""DB"": 0, ""SAMSUNG"": 0}"
family_rentalcar,monte_carlo,all,0.0,94,SHINHAN|KB|MERITZ|KAKAOPAY|HYUNDAI|DB|SAMSUNG,False,False,False,0.8571428571428571,2,0.7142857142857143,0.8214285714285714,"{""KB"": 1, ""KAKAOPAY"": 2, ""SHINHAN"": -2, ""MERITZ"": -1, ""HYUNDAI"": 0, ""DB"": 0, ""SAMSUNG"": 0}"
family_rentalcar,monte_carlo,all,0.0,95,KB|SHINHAN|MERITZ|KAKAOPAY|HYUNDAI|DB|SAMSUNG,True,False,False,0.5714285714285714,2,0.8095238095238095,0.8928571428571429,"{""KB"": 0, ""KAKAOPAY"": 2, ""SHINHAN"": -1, ""MERITZ"": -1, ""HYUNDAI"": 0, ""DB"": 0, ""SAMSUNG"": 0}"
family_rentalcar,monte_carlo,all,0.0,96,KB|KAKAOPAY|SHINHAN|MERITZ|HYUNDAI|DB|SAMSUNG,True,True,True,0.0,0,1.0,1.0,"{""KB"": 0, ""KAKAOPAY"": 0, ""SHINHAN"": 0, ""MERITZ"": 0, ""HYUNDAI"": 0, ""DB"": 0, ""SAMSUNG"": 0}"
family_rentalcar,monte_carlo,all,0.0,97,KB|SHINHAN|MERITZ|KAKAOPAY|HYUNDAI|DB|SAMSUNG,True,False,False,0.5714285714285714,2,0.8095238095238095,0.8928571428571429,"{""KB"": 0, ""KAKAOPAY"": 2, ""SHINHAN"": -1, ""MERITZ"": -1, ""HYUNDAI"": 0, ""DB"": 0, ""SAMSUNG"": 0}"
family_rentalcar,monte_carlo,all,0.0,98,KAKAOPAY|SHINHAN|KB|MERITZ|HYUNDAI|DB|SAMSUNG,False,True,False,0.5714285714285714,2,0.8095238095238095,0.8928571428571429,"{""KB"": 2, ""KAKAOPAY"": -1, ""SHINHAN"": -1, ""MERITZ"": 0, ""HYUNDAI"": 0, ""DB"": 0, ""SAMSUNG"": 0}"
family_rentalcar,monte_carlo,all,0.0,99,KB|SHINHAN|KAKAOPAY|MERITZ|HYUNDAI|DB|SAMSUNG,True,True,False,0.2857142857142857,1,0.9047619047619048,0.9642857142857143,"{""KB"": 0, ""KAKAOPAY"": 1, ""SHINHAN"": -1, ""MERITZ"": 0, ""HYUNDAI"": 0, ""DB"": 0, ""SAMSUNG"": 0}"
family_rentalcar,monte_carlo,all,0.0,100,KAKAOPAY|KB|SHINHAN|MERITZ|HYUNDAI|DB|SAMSUNG,False,True,False,0.2857142857142857,1,0.9047619047619048,0.9642857142857143,"{""KB"": 1, ""KAKAOPAY"": -1, ""SHINHAN"": 0, ""MERITZ"": 0, ""HYUNDAI"": 0, ""DB"": 0, ""SAMSUNG"": 0}"
family_rentalcar,monte_carlo,all,0.0,101,KB|SHINHAN|MERITZ|KAKAOPAY|HYUNDAI|DB|SAMSUNG,True,False,False,0.5714285714285714,2,0.8095238095238095,0.8928571428571429,"{""KB"": 0, ""KAKAOPAY"": 2, ""SHINHAN"": -1, ""MERITZ"": -1, ""HYUNDAI"": 0, ""DB"": 0, ""SAMSUNG"": 0}"
family_rentalcar,monte_carlo,all,0.0,102,KB|SHINHAN|MERITZ|KAKAOPAY|HYUNDAI|DB|SAMSUNG,True,False,False,0.5714285714285714,2,0.8095238095238095,0.8928571428571429,"{""KB"": 0, ""KAKAOPAY"": 2, ""SHINHAN"": -1, ""MERITZ"": -1, ""HYUNDAI"": 0, ""DB"": 0, ""SAMSUNG"": 0}"
family_rentalcar,monte_carlo,all,0.0,103,KB|SHINHAN|MERITZ|KAKAOPAY|HYUNDAI|DB|SAMSUNG,True,False,False,0.5714285714285714,2,0.8095238095238095,0.8928571428571429,"{""KB"": 0, ""KAKAOPAY"": 2, ""SHINHAN"": -1, ""MERITZ"": -1, ""HYUNDAI"": 0, ""DB"": 0, ""SAMSUNG"": 0}"
family_rentalcar,monte_carlo,all,0.0,104,KB|SHINHAN|KAKAOPAY|MERITZ|HYUNDAI|DB|SAMSUNG,True,True,False,0.2857142857142857,1,0.9047619047619048,0.9642857142857143,"{""KB"": 0, ""KAKAOPAY"": 1, ""SHINHAN"": -1, ""MERITZ"": 0, ""HYUNDAI"": 0, ""DB"": 0, ""SAMSUNG"": 0}"
family_rentalcar,monte_carlo,all,0.0,105,KB|SHINHAN|KAKAOPAY|MERITZ|HYUNDAI|DB|SAMSUNG,True,True,False,0.2857142857142857,1,0.9047619047619048,0.9642857142857143,"{""KB"": 0, ""KAKAOPAY"": 1, ""SHINHAN"": -1, ""MERITZ"": 0, ""HYUNDAI"": 0, ""DB"": 0, ""SAMSUNG"": 0}"
family_rentalcar,monte_carlo,all,0.0,106,KB|SHINHAN|KAKAOPAY|MERITZ|HYUNDAI|DB|SAMSUNG,True,True,False,0.2857142857142857,1,0.9047619047619048,0.9642857142857143,"{""KB"": 0, ""KAKAOPAY"": 1, ""SHINHAN"": -1, ""MERITZ"": 0, ""HYUNDAI"": 0, ""DB"": 0, ""SAMSUNG"": 0}"
family_rentalcar,monte_carlo,all,0.0,107,KB|SHINHAN|MERITZ|KAKAOPAY|HYUNDAI|DB|SAMSUNG,True,False,False,0.5714285714285714,2,0.8095238095238095,0.8928571428571429,"{""KB"": 0, ""KAKAOPAY"": 2, ""SHINHAN"": -1, ""MERITZ"": -1, ""HYUNDAI"": 0, ""DB"": 0, ""SAMSUNG"": 0}"
family_rentalcar,monte_carlo,all,0.0,108,KB|SHINHAN|KAKAOPAY|MERITZ|HYUNDAI|DB|SAMSUNG,True,True,False,0.2857142857142857,1,0.9047619047619048,0.9642857142857143,"{""KB"": 0, ""KAKAOPAY"": 1, ""SHINHAN"": -1, ""MERITZ"": 0, ""HYUNDAI"": 0, ""DB"": 0, ""SAMSUNG"": 0}"
family_rentalcar,monte_carlo,all,0.0,109,KB|KAKAOPAY|SHINHAN|MERITZ|HYUNDAI|DB|SAMSUNG,True,True,True,0.0,0,1.0,1.0,"{""KB"": 0, ""KAKAOPAY"": 0, ""SHINHAN"": 0, ""MERITZ"": 0, ""HYUNDAI"": 0, ""DB"": 0, ""SAMSUNG"": 0}"
family_rentalcar,monte_carlo,all,0.0,110,SHINHAN|KB|MERITZ|KAKAOPAY|HYUNDAI|DB|SAMSUNG,False,False,False,0.8571428571428571,2,0.7142857142857143,0.8214285714285714,"{""KB"": 1, ""KAKAOPAY"": 2, ""SHINHAN"": -2, ""MERITZ"": -1, ""HYUNDAI"": 0, ""DB"": 0, ""SAMSUNG"": 0}"
family_rentalcar,monte_carlo,all,0.0,111,KB|SHINHAN|KAKAOPAY|MERITZ|HYUNDAI|DB|SAMSUNG,True,True,False,0.2857142857142857,1,0.9047619047619048,0.9642857142857143,"{""KB"": 0, ""KAKAOPAY"": 1, ""SHINHAN"": -1, ""MERITZ"": 0, ""HYUNDAI"": 0, ""DB"": 0, ""SAMSUNG"": 0}"
family_rentalcar,monte_carlo,all,0.0,112,KAKAOPAY|SHINHAN|KB|MERITZ|HYUNDAI|DB|SAMSUNG,False,True,False,0.5714285714285714,2,0.8095238095238095,0.8928571428571429,"{""KB"": 2, ""KAKAOPAY"": -1, ""SHINHAN"": -1, ""MERITZ"": 0, ""HYUNDAI"": 0, ""DB"": 0, ""SAMSUNG"": 0}"
family_rentalcar,monte_carlo,all,0.0,113,SHINHAN|KB|KAKAOPAY|MERITZ|HYUNDAI|DB|SAMSUNG,False,True,False,0.5714285714285714,2,0.8095238095238095,0.8928571428571429,"{""KB"": 1, ""KAKAOPAY"": 1, ""SHINHAN"": -2, ""MERITZ"": 0, ""HYUNDAI"": 0, ""DB"": 0, ""SAMSUNG"": 0}"
family_rentalcar,monte_carlo,all,0.0,114,KB|SHINHAN|MERITZ|KAKAOPAY|HYUNDAI|DB|SAMSUNG,True,False,False,0.5714285714285714,2,0.8095238095238095,0.8928571428571429,"{""KB"": 0, ""KAKAOPAY"": 2, ""SHINHAN"": -1, ""MERITZ"": -1, ""HYUNDAI"": 0, ""DB"": 0, ""SAMSUNG"": 0}"
family_rentalcar,monte_carlo,all,0.0,115,KAKAOPAY|KB|SHINHAN|MERITZ|HYUNDAI|DB|SAMSUNG,False,True,False,0.2857142857142857,1,0.9047619047619048,0.9642857142857143,"{""KB"": 1, ""KAKAOPAY"": -1, ""SHINHAN"": 0, ""MERITZ"": 0, ""HYUNDAI"": 0, ""DB"": 0, ""SAMSUNG"": 0}"
family_rentalcar,monte_carlo,all,0.0,116,KAKAOPAY|SHINHAN|KB|MERITZ|HYUNDAI|DB|SAMSUNG,False,True,False,0.5714285714285714,2,0.8095238095238095,0.8928571428571429,"{""KB"": 2, ""KAKAOPAY"": -1, ""SHINHAN"": -1, ""MERITZ"": 0, ""HYUNDAI"": 0, ""DB"": 0, ""SAMSUNG"": 0}"
family_rentalcar,monte_carlo,all,0.0,117,KAKAOPAY|SHINHAN|KB|MERITZ|HYUNDAI|DB|SAMSUNG,False,True,False,0.5714285714285714,2,0.8095238095238095,0.8928571428571429,"{""KB"": 2, ""KAKAOPAY"": -1, ""SHINHAN"": -1, ""MERITZ"": 0, ""HYUNDAI"": 0, ""DB"": 0, ""SAMSUNG"": 0}"
family_rentalcar,monte_carlo,all,0.0,118,KB|KAKAOPAY|SHINHAN|MERITZ|HYUNDAI|DB|SAMSUNG,True,True,True,0.0,0,1.0,1.0,"{""KB"": 0, ""KAKAOPAY"": 0, ""SHINHAN"": 0, ""MERITZ"": 0, ""HYUNDAI"": 0, ""DB"": 0, ""SAMSUNG"": 0}"
family_rentalcar,monte_carlo,all,0.0,119,KB|SHINHAN|MERITZ|KAKAOPAY|HYUNDAI|DB|SAMSUNG,True,False,False,0.5714285714285714,2,0.8095238095238095,0.8928571428571429,"{""KB"": 0, ""KAKAOPAY"": 2, ""SHINHAN"": -1, ""MERITZ"": -1, ""HYUNDAI"": 0, ""DB"": 0, ""SAMSUNG"": 0}"
family_rentalcar,monte_carlo,all,0.0,120,KB|KAKAOPAY|SHINHAN|MERITZ|HYUNDAI|DB|SAMSUNG,True,True,True,0.0,0,1.0,1.0,"{""KB"": 0, ""KAKAOPAY"": 0, ""SHINHAN"": 0, ""MERITZ"": 0, ""HYUNDAI"": 0, ""DB"": 0, ""SAMSUNG"": 0}"
family_rentalcar,monte_carlo,all,0.0,121,KAKAOPAY|KB|SHINHAN|MERITZ|HYUNDAI|DB|SAMSUNG,False,True,False,0.2857142857142857,1,0.9047619047619048,0.9642857142857143,"{""KB"": 1, ""KAKAOPAY"": -1, ""SHINHAN"": 0, ""MERITZ"": 0, ""HYUNDAI"": 0, ""DB"": 0, ""SAMSUNG"": 0}"
family_rentalcar,monte_carlo,all,0.0,122,KAKAOPAY|KB|SHINHAN|MERITZ|HYUNDAI|DB|SAMSUNG,False,True,False,0.2857142857142857,1,0.9047619047619048,0.9642857142857143,"{""KB"": 1, ""KAKAOPAY"": -1, ""SHINHAN"": 0, ""MERITZ"": 0, ""HYUNDAI"": 0, ""DB"": 0, ""SAMSUNG"": 0}"
family_rentalcar,monte_carlo,all,0.0,123,KAKAOPAY|SHINHAN|KB|MERITZ|HYUNDAI|DB|SAMSUNG,False,True,False,0.5714285714285714,2,0.8095238095238095,0.8928571428571429,"{""KB"": 2, ""KAKAOPAY"": -1, ""SHINHAN"": -1, ""MERITZ"": 0, ""HYUNDAI"": 0, ""DB"": 0, ""SAMSUNG"": 0}"
family_rentalcar,monte_carlo,all,0.0,124,KB|SHINHAN|MERITZ|KAKAOPAY|HYUNDAI|DB|SAMSUNG,True,False,False,0.5714285714285714,2,0.8095238095238095,0.8928571428571429,"{""KB"": 0, ""KAKAOPAY"": 2, ""SHINHAN"": -1, ""MERITZ"": -1, ""HYUNDAI"": 0, ""DB"": 0, ""SAMSUNG"": 0}"
family_rentalcar,monte_carlo,all,0.0,125,SHINHAN|KB|KAKAOPAY|MERITZ|HYUNDAI|DB|SAMSUNG,False,True,False,0.5714285714285714,2,0.8095238095238095,0.8928571428571429,"{""KB"": 1, ""KAKAOPAY"": 1, ""SHINHAN"": -2, ""MERITZ"": 0, ""HYUNDAI"": 0, ""DB"": 0, ""SAMSUNG"": 0}"
family_rentalcar,monte_carlo,all,0.0,126,KB|MERITZ|SHINHAN|KAKAOPAY|HYUNDAI|DB|SAMSUNG,True,False,False,0.5714285714285714,2,0.7142857142857143,0.8571428571428572,"{""KB"": 0, ""KAKAOPAY"": 2, ""SHINHAN"": 0, ""MERITZ"": -2, ""HYUNDAI"": 0, ""DB"": 0, ""SAMSUNG"": 0}"
family_rentalcar,monte_carlo,all,0.0,127,KAKAOPAY|KB|SHINHAN|MERITZ|HYUNDAI|DB|SAMSUNG,False,True,False,0.2857142857142857,1,0.9047619047619048,0.9642857142857143,"{""KB"": 1, ""KAKAOPAY"": -1, ""SHINHAN"": 0, ""MERITZ"": 0, ""HYUNDAI"": 0, ""DB"": 0, ""SAMSUNG"": 0}"
family_rentalcar,monte_carlo,all,0.0,128,KB|KAKAOPAY|SHINHAN|MERITZ|HYUNDAI|DB|SAMSUNG,True,True,True,0.0,0,1.0,1.0,"{""KB"": 0, ""KAKAOPAY"": 0, ""SHINHAN"": 0, ""MERITZ"": 0, ""HYUNDAI"": 0, ""DB"": 0, ""SAMSUNG"": 0}"
family_rentalcar,monte_carlo,all,0.0,129,KB|MERITZ|SHINHAN|KAKAOPAY|HYUNDAI|DB|SAMSUNG,True,False,False,0.5714285714285714,2,0.7142857142857143,0.8571428571428572,"{""KB"": 0, ""KAKAOPAY"": 2, ""SHINHAN"": 0, ""MERITZ"": -2, ""HYUNDAI"": 0, ""DB"": 0, ""SAMSUNG"": 0}"
family_rentalcar,monte_carlo,all,0.0,130,KB|SHINHAN|MERITZ|KAKAOPAY|HYUNDAI|DB|SAMSUNG,True,False,False,0.5714285714285714,2,0.8095238095238095,0.8928571428571429,"{""KB"": 0, ""KAKAOPAY"": 2, ""SHINHAN"": -1, ""MERITZ"": -1, ""HYUNDAI"": 0, ""DB"": 0, ""SAMSUNG"": 0}"
family_rentalcar,monte_carlo,all,0.0,131,KAKAOPAY|SHINHAN|KB|MERITZ|HYUNDAI|DB|SAMSUNG,False,True,False,0.5714285714285714,2,0.8095238095238095,0.8928571428571429,"{""KB"": 2, ""KAKAOPAY"": -1, ""SHINHAN"": -1, ""MERITZ"": 0, ""HYUNDAI"": 0, ""DB"": 0, ""SAMSUNG"": 0}"
family_rentalcar,monte_carlo,all,0.0,132,KB|KAKAOPAY|SHINHAN|MERITZ|HYUNDAI|DB|SAMSUNG,True,True,True,0.0,0,1.0,1.0,"{""KB"": 0, ""KAKAOPAY"": 0, ""SHINHAN"": 0, ""MERITZ"": 0, ""HYUNDAI"": 0, ""DB"": 0, ""SAMSUNG"": 0}"
family_rentalcar,monte_carlo,all,0.0,133,KB|SHINHAN|KAKAOPAY|MERITZ|HYUNDAI|DB|SAMSUNG,True,True,False,0.2857142857142857,1,0.9047619047619048,0.9642857142857143,"{""KB"": 0, ""KAKAOPAY"": 1, ""SHINHAN"": -1, ""MERITZ"": 0, ""HYUNDAI"": 0, ""DB"": 0, ""SAMSUNG"": 0}"
family_rentalcar,monte_carlo,all,0.0,134,KAKAOPAY|KB|SHINHAN|MERITZ|HYUNDAI|DB|SAMSUNG,False,True,False,0.2857142857142857,1,0.9047619047619048,0.9642857142857143,"{""KB"": 1, ""KAKAOPAY"": -1, ""SHINHAN"": 0, ""MERITZ"": 0, ""HYUNDAI"": 0, ""DB"": 0, ""SAMSUNG"": 0}"
family_rentalcar,monte_carlo,all,0.0,135,KB|SHINHAN|KAKAOPAY|MERITZ|HYUNDAI|DB|SAMSUNG,True,True,False,0.2857142857142857,1,0.9047619047619048,0.9642857142857143,"{""KB"": 0, ""KAKAOPAY"": 1, ""SHINHAN"": -1, ""MERITZ"": 0, ""HYUNDAI"": 0, ""DB"": 0, ""SAMSUNG"": 0}"
family_rentalcar,monte_carlo,all,0.0,136,KAKAOPAY|SHINHAN|KB|MERITZ|HYUNDAI|DB|SAMSUNG,False,True,False,0.5714285714285714,2,0.8095238095238095,0.8928571428571429,"{""KB"": 2, ""KAKAOPAY"": -1, ""SHINHAN"": -1, ""MERITZ"": 0, ""HYUNDAI"": 0, ""DB"": 0, ""SAMSUNG"": 0}"
family_rentalcar,monte_carlo,all,0.0,137,KAKAOPAY|KB|SHINHAN|MERITZ|HYUNDAI|DB|SAMSUNG,False,True,False,0.2857142857142857,1,0.9047619047619048,0.9642857142857143,"{""KB"": 1, ""KAKAOPAY"": -1, ""SHINHAN"": 0, ""MERITZ"": 0, ""HYUNDAI"": 0, ""DB"": 0, ""SAMSUNG"": 0}"
family_rentalcar,monte_carlo,all,0.0,138,KAKAOPAY|SHINHAN|KB|MERITZ|HYUNDAI|DB|SAMSUNG,False,True,False,0.5714285714285714,2,0.8095238095238095,0.8928571428571429,"{""KB"": 2, ""KAKAOPAY"": -1, ""SHINHAN"": -1, ""MERITZ"": 0, ""HYUNDAI"": 0, ""DB"": 0, ""SAMSUNG"": 0}"
family_rentalcar,monte_carlo,all,0.0,139,KB|SHINHAN|KAKAOPAY|MERITZ|HYUNDAI|DB|SAMSUNG,True,True,False,0.2857142857142857,1,0.9047619047619048,0.9642857142857143,"{""KB"": 0, ""KAKAOPAY"": 1, ""SHINHAN"": -1, ""MERITZ"": 0, ""HYUNDAI"": 0, ""DB"": 0, ""SAMSUNG"": 0}"
family_rentalcar,monte_carlo,all,0.0,140,KB|MERITZ|SHINHAN|KAKAOPAY|HYUNDAI|DB|SAMSUNG,True,False,False,0.5714285714285714,2,0.7142857142857143,0.8571428571428572,"{""KB"": 0, ""KAKAOPAY"": 2, ""SHINHAN"": 0, ""MERITZ"": -2, ""HYUNDAI"": 0, ""DB"": 0, ""SAMSUNG"": 0}"
family_rentalcar,monte_carlo,all,0.0,141,KAKAOPAY|SHINHAN|KB|MERITZ|HYUNDAI|DB|SAMSUNG,False,True,False,0.5714285714285714,2,0.8095238095238095,0.8928571428571429,"{""KB"": 2, ""KAKAOPAY"": -1, ""SHINHAN"": -1, ""MERITZ"": 0, ""HYUNDAI"": 0, ""DB"": 0, ""SAMSUNG"": 0}"
family_rentalcar,monte_carlo,all,0.0,142,KAKAOPAY|SHINHAN|KB|MERITZ|HYUNDAI|DB|SAMSUNG,False,True,False,0.5714285714285714,2,0.8095238095238095,0.8928571428571429,"{""KB"": 2, ""KAKAOPAY"": -1, ""SHINHAN"": -1, ""MERITZ"": 0, ""HYUNDAI"": 0, ""DB"": 0, ""SAMSUNG"": 0}"
family_rentalcar,monte_carlo,all,0.0,143,KB|KAKAOPAY|SHINHAN|MERITZ|HYUNDAI|DB|SAMSUNG,True,True,True,0.0,0,1.0,1.0,"{""KB"": 0, ""KAKAOPAY"": 0, ""SHINHAN"": 0, ""MERITZ"": 0, ""HYUNDAI"": 0, ""DB"": 0, ""SAMSUNG"": 0}"
family_rentalcar,monte_carlo,all,0.0,144,KAKAOPAY|SHINHAN|KB|MERITZ|HYUNDAI|DB|SAMSUNG,False,True,False,0.5714285714285714,2,0.8095238095238095,0.8928571428571429,"{""KB"": 2, ""KAKAOPAY"": -1, ""SHINHAN"": -1, ""MERITZ"": 0, ""HYUNDAI"": 0, ""DB"": 0, ""SAMSUNG"": 0}"
family_rentalcar,monte_carlo,all,0.0,145,KAKAOPAY|KB|SHINHAN|MERITZ|HYUNDAI|DB|SAMSUNG,False,True,False,0.2857142857142857,1,0.9047619047619048,0.9642857142857143,"{""KB"": 1, ""KAKAOPAY"": -1, ""SHINHAN"": 0, ""MERITZ"": 0, ""HYUNDAI"": 0, ""DB"": 0, ""SAMSUNG"": 0}"
family_rentalcar,monte_carlo,all,0.0,146,KAKAOPAY|SHINHAN|KB|MERITZ|HYUNDAI|DB|SAMSUNG,False,True,False,0.5714285714285714,2,0.8095238095238095,0.8928571428571429,"{""KB"": 2, ""KAKAOPAY"": -1, ""SHINHAN"": -1, ""MERITZ"": 0, ""HYUNDAI"": 0, ""DB"": 0, ""SAMSUNG"": 0}"
family_rentalcar,monte_carlo,all,0.0,147,KB|SHINHAN|MERITZ|KAKAOPAY|HYUNDAI|DB|SAMSUNG,True,False,False,0.5714285714285714,2,0.8095238095238095,0.8928571428571429,"{""KB"": 0, ""KAKAOPAY"": 2, ""SHINHAN"": -1, ""MERITZ"": -1, ""HYUNDAI"": 0, ""DB"": 0, ""SAMSUNG"": 0}"
family_rentalcar,monte_carlo,all,0.0,148,KAKAOPAY|KB|SHINHAN|MERITZ|HYUNDAI|DB|SAMSUNG,False,True,False,0.2857142857142857,1,0.9047619047619048,0.9642857142857143,"{""KB"": 1, ""KAKAOPAY"": -1, ""SHINHAN"": 0, ""MERITZ"": 0, ""HYUNDAI"": 0, ""DB"": 0, ""SAMSUNG"": 0}"
family_rentalcar,monte_carlo,all,0.0,149,KB|SHINHAN|MERITZ|KAKAOPAY|HYUNDAI|DB|SAMSUNG,True,False,False,0.5714285714285714,2,0.8095238095238095,0.8928571428571429,"{""KB"": 0, ""KAKAOPAY"": 2, ""SHINHAN"": -1, ""MERITZ"": -1, ""HYUNDAI"": 0, ""DB"": 0, ""SAMSUNG"": 0}"
family_rentalcar,monte_carlo,all,0.0,150,KB|SHINHAN|MERITZ|KAKAOPAY|HYUNDAI|DB|SAMSUNG,True,False,False,0.5714285714285714,2,0.8095238095238095,0.8928571428571429,"{""KB"": 0, ""KAKAOPAY"": 2, ""SHINHAN"": -1, ""MERITZ"": -1, ""HYUNDAI"": 0, ""DB"": 0, ""SAMSUNG"": 0}"
family_rentalcar,monte_carlo,all,0.0,151,MERITZ|KB|SHINHAN|KAKAOPAY|HYUNDAI|DB|SAMSUNG,False,False,False,0.8571428571428571,3,0.6190476190476191,0.75,"{""KB"": 1, ""KAKAOPAY"": 2, ""SHINHAN"": 0, ""MERITZ"": -3, ""HYUNDAI"": 0, ""DB"": 0, ""SAMSUNG"": 0}"
family_rentalcar,monte_carlo,all,0.0,152,KAKAOPAY|SHINHAN|KB|MERITZ|HYUNDAI|DB|SAMSUNG,False,True,False,0.5714285714285714,2,0.8095238095238095,0.8928571428571429,"{""KB"": 2, ""KAKAOPAY"": -1, ""SHINHAN"": -1, ""MERITZ"": 0, ""HYUNDAI"": 0, ""DB"": 0, ""SAMSUNG"": 0}"
family_rentalcar,monte_carlo,all,0.0,153,KB|MERITZ|SHINHAN|KAKAOPAY|HYUNDAI|DB|SAMSUNG,True,False,False,0.5714285714285714,2,0.7142857142857143,0.8571428571428572,"{""KB"": 0, ""KAKAOPAY"": 2, ""SHINHAN"": 0, ""MERITZ"": -2, ""HYUNDAI"": 0, ""DB"": 0, ""SAMSUNG"": 0}"
family_rentalcar,monte_carlo,all,0.0,154,KAKAOPAY|KB|SHINHAN|MERITZ|HYUNDAI|DB|SAMSUNG,False,True,False,0.2857142857142857,1,0.9047619047619048,0.9642857142857143,"{""KB"": 1, ""KAKAOPAY"": -1, ""SHINHAN"": 0, ""MERITZ"": 0, ""HYUNDAI"": 0, ""DB"": 0, ""SAMSUNG"": 0}"
family_rentalcar,monte_carlo,all,0.0,155,KAKAOPAY|KB|SHINHAN|MERITZ|HYUNDAI|DB|SAMSUNG,False,True,False,0.2857142857142857,1,0.9047619047619048,0.9642857142857143,"{""KB"": 1, ""KAKAOPAY"": -1, ""SHINHAN"": 0, ""MERITZ"": 0, ""HYUNDAI"": 0, ""DB"": 0, ""SAMSUNG"": 0}"
family_rentalcar,monte_carlo,all,0.0,156,KB|KAKAOPAY|SHINHAN|MERITZ|HYUNDAI|DB|SAMSUNG,True,True,True,0.0,0,1.0,1.0,"{""KB"": 0, ""KAKAOPAY"": 0, ""SHINHAN"": 0, ""MERITZ"": 0, ""HYUNDAI"": 0, ""DB"": 0, ""SAMSUNG"": 0}"
family_rentalcar,monte_carlo,all,0.0,157,KB|KAKAOPAY|SHINHAN|MERITZ|HYUNDAI|DB|SAMSUNG,True,True,True,0.0,0,1.0,1.0,"{""KB"": 0, ""KAKAOPAY"": 0, ""SHINHAN"": 0, ""MERITZ"": 0, ""HYUNDAI"": 0, ""DB"": 0, ""SAMSUNG"": 0}"
family_rentalcar,monte_carlo,all,0.0,158,KB|SHINHAN|KAKAOPAY|MERITZ|HYUNDAI|DB|SAMSUNG,True,True,False,0.2857142857142857,1,0.9047619047619048,0.9642857142857143,"{""KB"": 0, ""KAKAOPAY"": 1, ""SHINHAN"": -1, ""MERITZ"": 0, ""HYUNDAI"": 0, ""DB"": 0, ""SAMSUNG"": 0}"
family_rentalcar,monte_carlo,all,0.0,159,KAKAOPAY|SHINHAN|KB|MERITZ|HYUNDAI|DB|SAMSUNG,False,True,False,0.5714285714285714,2,0.8095238095238095,0.8928571428571429,"{""KB"": 2, ""KAKAOPAY"": -1, ""SHINHAN"": -1, ""MERITZ"": 0, ""HYUNDAI"": 0, ""DB"": 0, ""SAMSUNG"": 0}"
family_rentalcar,monte_carlo,all,0.0,160,KB|SHINHAN|MERITZ|KAKAOPAY|HYUNDAI|DB|SAMSUNG,True,False,False,0.5714285714285714,2,0.8095238095238095,0.8928571428571429,"{""KB"": 0, ""KAKAOPAY"": 2, ""SHINHAN"": -1, ""MERITZ"": -1, ""HYUNDAI"": 0, ""DB"": 0, ""SAMSUNG"": 0}"
family_rentalcar,monte_carlo,all,0.0,161,KB|KAKAOPAY|SHINHAN|MERITZ|HYUNDAI|DB|SAMSUNG,True,True,True,0.0,0,1.0,1.0,"{""KB"": 0, ""KAKAOPAY"": 0, ""SHINHAN"": 0, ""MERITZ"": 0, ""HYUNDAI"": 0, ""DB"": 0, ""SAMSUNG"": 0}"
family_rentalcar,monte_carlo,all,0.0,162,KB|SHINHAN|MERITZ|KAKAOPAY|HYUNDAI|DB|SAMSUNG,True,False,False,0.5714285714285714,2,0.8095238095238095,0.8928571428571429,"{""KB"": 0, ""KAKAOPAY"": 2, ""SHINHAN"": -1, ""MERITZ"": -1, ""HYUNDAI"": 0, ""DB"": 0, ""SAMSUNG"": 0}"
family_rentalcar,monte_carlo,all,0.0,163,KB|SHINHAN|KAKAOPAY|MERITZ|HYUNDAI|DB|SAMSUNG,True,True,False,0.2857142857142857,1,0.9047619047619048,0.9642857142857143,"{""KB"": 0, ""KAKAOPAY"": 1, ""SHINHAN"": -1, ""MERITZ"": 0, ""HYUNDAI"": 0, ""DB"": 0, ""SAMSUNG"": 0}"
family_rentalcar,monte_carlo,all,0.0,164,KAKAOPAY|KB|SHINHAN|MERITZ|HYUNDAI|DB|SAMSUNG,False,True,False,0.2857142857142857,1,0.9047619047619048,0.9642857142857143,"{""KB"": 1, ""KAKAOPAY"": -1, ""SHINHAN"": 0, ""MERITZ"": 0, ""HYUNDAI"": 0, ""DB"": 0, ""SAMSUNG"": 0}"
family_rentalcar,monte_carlo,all,0.0,165,KB|SHINHAN|KAKAOPAY|MERITZ|HYUNDAI|DB|SAMSUNG,True,True,False,0.2857142857142857,1,0.9047619047619048,0.9642857142857143,"{""KB"": 0, ""KAKAOPAY"": 1, ""SHINHAN"": -1, ""MERITZ"": 0, ""HYUNDAI"": 0, ""DB"": 0, ""SAMSUNG"": 0}"
family_rentalcar,monte_carlo,all,0.0,166,KAKAOPAY|SHINHAN|KB|MERITZ|HYUNDAI|DB|SAMSUNG,False,True,False,0.5714285714285714,2,0.8095238095238095,0.8928571428571429,"{""KB"": 2, ""KAKAOPAY"": -1, ""SHINHAN"": -1, ""MERITZ"": 0, ""HYUNDAI"": 0, ""DB"": 0, ""SAMSUNG"": 0}"
family_rentalcar,monte_carlo,all,0.0,167,KB|MERITZ|SHINHAN|KAKAOPAY|HYUNDAI|DB|SAMSUNG,True,False,False,0.5714285714285714,2,0.7142857142857143,0.8571428571428572,"{""KB"": 0, ""KAKAOPAY"": 2, ""SHINHAN"": 0, ""MERITZ"": -2, ""HYUNDAI"": 0, ""DB"": 0, ""SAMSUNG"": 0}"
family_rentalcar,monte_carlo,all,0.0,168,KAKAOPAY|KB|SHINHAN|MERITZ|HYUNDAI|DB|SAMSUNG,False,True,False,0.2857142857142857,1,0.9047619047619048,0.9642857142857143,"{""KB"": 1, ""KAKAOPAY"": -1, ""SHINHAN"": 0, ""MERITZ"": 0, ""HYUNDAI"": 0, ""DB"": 0, ""SAMSUNG"": 0}"
family_rentalcar,monte_carlo,all,0.0,169,KAKAOPAY|SHINHAN|KB|MERITZ|HYUNDAI|DB|SAMSUNG,False,True,False,0.5714285714285714,2,0.8095238095238095,0.8928571428571429,"{""KB"": 2, ""KAKAOPAY"": -1, ""SHINHAN"": -1, ""MERITZ"": 0, ""HYUNDAI"": 0, ""DB"": 0, ""SAMSUNG"": 0}"
family_rentalcar,monte_carlo,all,0.0,170,KB|KAKAOPAY|SHINHAN|MERITZ|HYUNDAI|DB|SAMSUNG,True,True,True,0.0,0,1.0,1.0,"{""KB"": 0, ""KAKAOPAY"": 0, ""SHINHAN"": 0, ""MERITZ"": 0, ""HYUNDAI"": 0, ""DB"": 0, ""SAMSUNG"": 0}"
family_rentalcar,monte_carlo,all,0.0,171,KB|SHINHAN|MERITZ|KAKAOPAY|HYUNDAI|DB|SAMSUNG,True,False,False,0.5714285714285714,2,0.8095238095238095,0.8928571428571429,"{""KB"": 0, ""KAKAOPAY"": 2, ""SHINHAN"": -1, ""MERITZ"": -1, ""HYUNDAI"": 0, ""DB"": 0, ""SAMSUNG"": 0}"
family_rentalcar,monte_carlo,all,0.0,172,KAKAOPAY|KB|SHINHAN|MERITZ|HYUNDAI|DB|SAMSUNG,False,True,False,0.2857142857142857,1,0.9047619047619048,0.9642857142857143,"{""KB"": 1, ""KAKAOPAY"": -1, ""SHINHAN"": 0, ""MERITZ"": 0, ""HYUNDAI"": 0, ""DB"": 0, ""SAMSUNG"": 0}"
family_rentalcar,monte_carlo,all,0.0,173,KAKAOPAY|SHINHAN|KB|MERITZ|HYUNDAI|DB|SAMSUNG,False,True,False,0.5714285714285714,2,0.8095238095238095,0.8928571428571429,"{""KB"": 2, ""KAKAOPAY"": -1, ""SHINHAN"": -1, ""MERITZ"": 0, ""HYUNDAI"": 0, ""DB"": 0, ""SAMSUNG"": 0}"
family_rentalcar,monte_carlo,all,0.0,174,SHINHAN|KB|MERITZ|KAKAOPAY|HYUNDAI|DB|SAMSUNG,False,False,False,0.8571428571428571,2,0.7142857142857143,0.8214285714285714,"{""KB"": 1, ""KAKAOPAY"": 2, ""SHINHAN"": -2, ""MERITZ"": -1, ""HYUNDAI"": 0, ""DB"": 0, ""SAMSUNG"": 0}"
family_rentalcar,monte_carlo,all,0.0,175,KB|SHINHAN|KAKAOPAY|MERITZ|HYUNDAI|DB|SAMSUNG,True,True,False,0.2857142857142857,1,0.9047619047619048,0.9642857142857143,"{""KB"": 0, ""KAKAOPAY"": 1, ""SHINHAN"": -1, ""MERITZ"": 0, ""HYUNDAI"": 0, ""DB"": 0, ""SAMSUNG"": 0}"
family_rentalcar,monte_carlo,all,0.0,176,KB|KAKAOPAY|SHINHAN|MERITZ|HYUNDAI|DB|SAMSUNG,True,True,True,0.0,0,1.0,1.0,"{""KB"": 0, ""KAKAOPAY"": 0, ""SHINHAN"": 0, ""MERITZ"": 0, ""HYUNDAI"": 0, ""DB"": 0, ""SAMSUNG"": 0}"
family_rentalcar,monte_carlo,all,0.0,177,SHINHAN|KB|KAKAOPAY|MERITZ|HYUNDAI|DB|SAMSUNG,False,True,False,0.5714285714285714,2,0.8095238095238095,0.8928571428571429,"{""KB"": 1, ""KAKAOPAY"": 1, ""SHINHAN"": -2, ""MERITZ"": 0, ""HYUNDAI"": 0, ""DB"": 0, ""SAMSUNG"": 0}"
family_rentalcar,monte_carlo,all,0.0,178,KB|SHINHAN|MERITZ|KAKAOPAY|HYUNDAI|DB|SAMSUNG,True,False,False,0.5714285714285714,2,0.8095238095238095,0.8928571428571429,"{""KB"": 0, ""KAKAOPAY"": 2, ""SHINHAN"": -1, ""MERITZ"": -1, ""HYUNDAI"": 0, ""DB"": 0, ""SAMSUNG"": 0}"
family_rentalcar,monte_carlo,all,0.0,179,KB|SHINHAN|MERITZ|KAKAOPAY|HYUNDAI|DB|SAMSUNG,True,False,False,0.5714285714285714,2,0.8095238095238095,0.8928571428571429,"{""KB"": 0, ""KAKAOPAY"": 2, ""SHINHAN"": -1, ""MERITZ"": -1, ""HYUNDAI"": 0, ""DB"": 0, ""SAMSUNG"": 0}"
family_rentalcar,monte_carlo,all,0.0,180,KB|SHINHAN|KAKAOPAY|MERITZ|HYUNDAI|DB|SAMSUNG,True,True,False,0.2857142857142857,1,0.9047619047619048,0.9642857142857143,"{""KB"": 0, ""KAKAOPAY"": 1, ""SHINHAN"": -1, ""MERITZ"": 0, ""HYUNDAI"": 0, ""DB"": 0, ""SAMSUNG"": 0}"
family_rentalcar,monte_carlo,all,0.0,181,KAKAOPAY|KB|SHINHAN|MERITZ|HYUNDAI|DB|SAMSUNG,False,True,False,0.2857142857142857,1,0.9047619047619048,0.9642857142857143,"{""KB"": 1, ""KAKAOPAY"": -1, ""SHINHAN"": 0, ""MERITZ"": 0, ""HYUNDAI"": 0, ""DB"": 0, ""SAMSUNG"": 0}"
family_rentalcar,monte_carlo,all,0.0,182,KB|MERITZ|SHINHAN|KAKAOPAY|HYUNDAI|DB|SAMSUNG,True,False,False,0.5714285714285714,2,0.7142857142857143,0.8571428571428572,"{""KB"": 0, ""KAKAOPAY"": 2, ""SHINHAN"": 0, ""MERITZ"": -2, ""HYUNDAI"": 0, ""DB"": 0, ""SAMSUNG"": 0}"
family_rentalcar,monte_carlo,all,0.0,183,KB|SHINHAN|KAKAOPAY|MERITZ|HYUNDAI|DB|SAMSUNG,True,True,False,0.2857142857142857,1,0.9047619047619048,0.9642857142857143,"{""KB"": 0, ""KAKAOPAY"": 1, ""SHINHAN"": -1, ""MERITZ"": 0, ""HYUNDAI"": 0, ""DB"": 0, ""SAMSUNG"": 0}"
family_rentalcar,monte_carlo,all,0.0,184,KAKAOPAY|SHINHAN|KB|MERITZ|HYUNDAI|DB|SAMSUNG,False,True,False,0.5714285714285714,2,0.8095238095238095,0.8928571428571429,"{""KB"": 2, ""KAKAOPAY"": -1, ""SHINHAN"": -1, ""MERITZ"": 0, ""HYUNDAI"": 0, ""DB"": 0, ""SAMSUNG"": 0}"
family_rentalcar,monte_carlo,all,0.0,185,KAKAOPAY|SHINHAN|KB|MERITZ|HYUNDAI|DB|SAMSUNG,False,True,False,0.5714285714285714,2,0.8095238095238095,0.8928571428571429,"{""KB"": 2, ""KAKAOPAY"": -1, ""SHINHAN"": -1, ""MERITZ"": 0, ""HYUNDAI"": 0, ""DB"": 0, ""SAMSUNG"": 0}"
family_rentalcar,monte_carlo,all,0.0,186,KB|SHINHAN|KAKAOPAY|MERITZ|HYUNDAI|DB|SAMSUNG,True,True,False,0.2857142857142857,1,0.9047619047619048,0.9642857142857143,"{""KB"": 0, ""KAKAOPAY"": 1, ""SHINHAN"": -1, ""MERITZ"": 0, ""HYUNDAI"": 0, ""DB"": 0, ""SAMSUNG"": 0}"
family_rentalcar,monte_carlo,all,0.0,187,KAKAOPAY|KB|SHINHAN|MERITZ|HYUNDAI|DB|SAMSUNG,False,True,False,0.2857142857142857,1,0.9047619047619048,0.9642857142857143,"{""KB"": 1, ""KAKAOPAY"": -1, ""SHINHAN"": 0, ""MERITZ"": 0, ""HYUNDAI"": 0, ""DB"": 0, ""SAMSUNG"": 0}"
family_rentalcar,monte_carlo,all,0.0,188,KB|SHINHAN|KAKAOPAY|MERITZ|HYUNDAI|DB|SAMSUNG,True,True,False,0.2857142857142857,1,0.9047619047619048,0.9642857142857143,"{""KB"": 0, ""KAKAOPAY"": 1, ""SHINHAN"": -1, ""MERITZ"": 0, ""HYUNDAI"": 0, ""DB"": 0, ""SAMSUNG"": 0}"
family_rentalcar,monte_carlo,all,0.0,189,KB|KAKAOPAY|SHINHAN|MERITZ|HYUNDAI|DB|SAMSUNG,True,True,True,0.0,0,1.0,1.0,"{""KB"": 0, ""KAKAOPAY"": 0, ""SHINHAN"": 0, ""MERITZ"": 0, ""HYUNDAI"": 0, ""DB"": 0, ""SAMSUNG"": 0}"
family_rentalcar,monte_carlo,all,0.0,190,KAKAOPAY|SHINHAN|KB|MERITZ|HYUNDAI|DB|SAMSUNG,False,True,False,0.5714285714285714,2,0.8095238095238095,0.8928571428571429,"{""KB"": 2, ""KAKAOPAY"": -1, ""SHINHAN"": -1, ""MERITZ"": 0, ""HYUNDAI"": 0, ""DB"": 0, ""SAMSUNG"": 0}"
family_rentalcar,monte_carlo,all,0.0,191,MERITZ|SHINHAN|KB|KAKAOPAY|HYUNDAI|DB|SAMSUNG,False,False,False,1.1428571428571428,3,0.5238095238095238,0.6785714285714286,"{""KB"": 2, ""KAKAOPAY"": 2, ""SHINHAN"": -1, ""MERITZ"": -3, ""HYUNDAI"": 0, ""DB"": 0, ""SAMSUNG"": 0}"
family_rentalcar,monte_carlo,all,0.0,192,KAKAOPAY|SHINHAN|KB|MERITZ|HYUNDAI|DB|SAMSUNG,False,True,False,0.5714285714285714,2,0.8095238095238095,0.8928571428571429,"{""KB"": 2, ""KAKAOPAY"": -1, ""SHINHAN"": -1, ""MERITZ"": 0, ""HYUNDAI"": 0, ""DB"": 0, ""SAMSUNG"": 0}"
family_rentalcar,monte_carlo,all,0.0,193,KAKAOPAY|SHINHAN|KB|MERITZ|HYUNDAI|DB|SAMSUNG,False,True,False,0.5714285714285714,2,0.8095238095238095,0.8928571428571429,"{""KB"": 2, ""KAKAOPAY"": -1, ""SHINHAN"": -1, ""MERITZ"": 0, ""HYUNDAI"": 0, ""DB"": 0, ""SAMSUNG"": 0}"
family_rentalcar,monte_carlo,all,0.0,194,KAKAOPAY|SHINHAN|KB|MERITZ|HYUNDAI|DB|SAMSUNG,False,True,False,0.5714285714285714,2,0.8095238095238095,0.8928571428571429,"{""KB"": 2, ""KAKAOPAY"": -1, ""SHINHAN"": -1, ""MERITZ"": 0, ""HYUNDAI"": 0, ""DB"": 0, ""SAMSUNG"": 0}"
family_rentalcar,monte_carlo,all,0.0,195,KAKAOPAY|SHINHAN|KB|MERITZ|HYUNDAI|DB|SAMSUNG,False,True,False,0.5714285714285714,2,0.8095238095238095,0.8928571428571429,"{""KB"": 2, ""KAKAOPAY"": -1, ""SHINHAN"": -1, ""MERITZ"": 0, ""HYUNDAI"": 0, ""DB"": 0, ""SAMSUNG"": 0}"
family_rentalcar,monte_carlo,all,0.0,196,KB|SHINHAN|KAKAOPAY|MERITZ|HYUNDAI|DB|SAMSUNG,True,True,False,0.2857142857142857,1,0.9047619047619048,0.9642857142857143,"{""KB"": 0, ""KAKAOPAY"": 1, ""SHINHAN"": -1, ""MERITZ"": 0, ""HYUNDAI"": 0, ""DB"": 0, ""SAMSUNG"": 0}"
family_rentalcar,monte_carlo,all,0.0,197,KB|SHINHAN|KAKAOPAY|MERITZ|HYUNDAI|DB|SAMSUNG,True,True,False,0.2857142857142857,1,0.9047619047619048,0.9642857142857143,"{""KB"": 0, ""KAKAOPAY"": 1, ""SHINHAN"": -1, ""MERITZ"": 0, ""HYUNDAI"": 0, ""DB"": 0, ""SAMSUNG"": 0}"
family_rentalcar,monte_carlo,all,0.0,198,KAKAOPAY|SHINHAN|KB|MERITZ|HYUNDAI|DB|SAMSUNG,False,True,False,0.5714285714285714,2,0.8095238095238095,0.8928571428571429,"{""KB"": 2, ""KAKAOPAY"": -1, ""SHINHAN"": -1, ""MERITZ"": 0, ""HYUNDAI"": 0, ""DB"": 0, ""SAMSUNG"": 0}"
family_rentalcar,monte_carlo,all,0.0,199,KAKAOPAY|SHINHAN|KB|MERITZ|HYUNDAI|DB|SAMSUNG,False,True,False,0.5714285714285714,2,0.8095238095238095,0.8928571428571429,"{""KB"": 2, ""KAKAOPAY"": -1, ""SHINHAN"": -1, ""MERITZ"": 0, ""HYUNDAI"": 0, ""DB"": 0, ""SAMSUNG"": 0}"
senior_long,oat_heuristic,priority_multiplier,0.8,0,SAMSUNG|KAKAOPAY|HYUNDAI|KB|SHINHAN|MERITZ|DB,True,True,True,0.0,0,1.0,1.0,"{""SAMSUNG"": 0, ""KAKAOPAY"": 0, ""HYUNDAI"": 0, ""KB"": 0, ""SHINHAN"": 0, ""MERITZ"": 0, ""DB"": 0}"
senior_long,oat_heuristic,priority_multiplier,0.9,0,SAMSUNG|KAKAOPAY|HYUNDAI|KB|SHINHAN|MERITZ|DB,True,True,True,0.0,0,1.0,1.0,"{""SAMSUNG"": 0, ""KAKAOPAY"": 0, ""HYUNDAI"": 0, ""KB"": 0, ""SHINHAN"": 0, ""MERITZ"": 0, ""DB"": 0}"
senior_long,oat_heuristic,priority_multiplier,1.1,0,SAMSUNG|KAKAOPAY|HYUNDAI|KB|SHINHAN|MERITZ|DB,True,True,True,0.0,0,1.0,1.0,"{""SAMSUNG"": 0, ""KAKAOPAY"": 0, ""HYUNDAI"": 0, ""KB"": 0, ""SHINHAN"": 0, ""MERITZ"": 0, ""DB"": 0}"
senior_long,oat_heuristic,priority_multiplier,1.2,0,SAMSUNG|KAKAOPAY|HYUNDAI|KB|SHINHAN|MERITZ|DB,True,True,True,0.0,0,1.0,1.0,"{""SAMSUNG"": 0, ""KAKAOPAY"": 0, ""HYUNDAI"": 0, ""KB"": 0, ""SHINHAN"": 0, ""MERITZ"": 0, ""DB"": 0}"
senior_long,oat_heuristic,activity_bump,0.8,0,SAMSUNG|KAKAOPAY|HYUNDAI|KB|SHINHAN|MERITZ|DB,True,True,True,0.0,0,1.0,1.0,"{""SAMSUNG"": 0, ""KAKAOPAY"": 0, ""HYUNDAI"": 0, ""KB"": 0, ""SHINHAN"": 0, ""MERITZ"": 0, ""DB"": 0}"
senior_long,oat_heuristic,activity_bump,0.9,0,SAMSUNG|KAKAOPAY|HYUNDAI|KB|SHINHAN|MERITZ|DB,True,True,True,0.0,0,1.0,1.0,"{""SAMSUNG"": 0, ""KAKAOPAY"": 0, ""HYUNDAI"": 0, ""KB"": 0, ""SHINHAN"": 0, ""MERITZ"": 0, ""DB"": 0}"
senior_long,oat_heuristic,activity_bump,1.1,0,SAMSUNG|KAKAOPAY|HYUNDAI|KB|SHINHAN|MERITZ|DB,True,True,True,0.0,0,1.0,1.0,"{""SAMSUNG"": 0, ""KAKAOPAY"": 0, ""HYUNDAI"": 0, ""KB"": 0, ""SHINHAN"": 0, ""MERITZ"": 0, ""DB"": 0}"
senior_long,oat_heuristic,activity_bump,1.2,0,SAMSUNG|KAKAOPAY|HYUNDAI|KB|SHINHAN|MERITZ|DB,True,True,True,0.0,0,1.0,1.0,"{""SAMSUNG"": 0, ""KAKAOPAY"": 0, ""HYUNDAI"": 0, ""KB"": 0, ""SHINHAN"": 0, ""MERITZ"": 0, ""DB"": 0}"
senior_long,oat_heuristic,companion_bump,0.8,0,SAMSUNG|KAKAOPAY|HYUNDAI|KB|SHINHAN|MERITZ|DB,True,True,True,0.0,0,1.0,1.0,"{""SAMSUNG"": 0, ""KAKAOPAY"": 0, ""HYUNDAI"": 0, ""KB"": 0, ""SHINHAN"": 0, ""MERITZ"": 0, ""DB"": 0}"
senior_long,oat_heuristic,companion_bump,0.9,0,SAMSUNG|KAKAOPAY|HYUNDAI|KB|SHINHAN|MERITZ|DB,True,True,True,0.0,0,1.0,1.0,"{""SAMSUNG"": 0, ""KAKAOPAY"": 0, ""HYUNDAI"": 0, ""KB"": 0, ""SHINHAN"": 0, ""MERITZ"": 0, ""DB"": 0}"
senior_long,oat_heuristic,companion_bump,1.1,0,SAMSUNG|KAKAOPAY|HYUNDAI|KB|SHINHAN|MERITZ|DB,True,True,True,0.0,0,1.0,1.0,"{""SAMSUNG"": 0, ""KAKAOPAY"": 0, ""HYUNDAI"": 0, ""KB"": 0, ""SHINHAN"": 0, ""MERITZ"": 0, ""DB"": 0}"
senior_long,oat_heuristic,companion_bump,1.2,0,SAMSUNG|KAKAOPAY|HYUNDAI|KB|SHINHAN|MERITZ|DB,True,True,True,0.0,0,1.0,1.0,"{""SAMSUNG"": 0, ""KAKAOPAY"": 0, ""HYUNDAI"": 0, ""KB"": 0, ""SHINHAN"": 0, ""MERITZ"": 0, ""DB"": 0}"
senior_long,oat_heuristic,rental_car_bump,0.8,0,SAMSUNG|KAKAOPAY|HYUNDAI|KB|SHINHAN|MERITZ|DB,True,True,True,0.0,0,1.0,1.0,"{""SAMSUNG"": 0, ""KAKAOPAY"": 0, ""HYUNDAI"": 0, ""KB"": 0, ""SHINHAN"": 0, ""MERITZ"": 0, ""DB"": 0}"
senior_long,oat_heuristic,rental_car_bump,0.9,0,SAMSUNG|KAKAOPAY|HYUNDAI|KB|SHINHAN|MERITZ|DB,True,True,True,0.0,0,1.0,1.0,"{""SAMSUNG"": 0, ""KAKAOPAY"": 0, ""HYUNDAI"": 0, ""KB"": 0, ""SHINHAN"": 0, ""MERITZ"": 0, ""DB"": 0}"
senior_long,oat_heuristic,rental_car_bump,1.1,0,SAMSUNG|KAKAOPAY|HYUNDAI|KB|SHINHAN|MERITZ|DB,True,True,True,0.0,0,1.0,1.0,"{""SAMSUNG"": 0, ""KAKAOPAY"": 0, ""HYUNDAI"": 0, ""KB"": 0, ""SHINHAN"": 0, ""MERITZ"": 0, ""DB"": 0}"
senior_long,oat_heuristic,rental_car_bump,1.2,0,SAMSUNG|KAKAOPAY|HYUNDAI|KB|SHINHAN|MERITZ|DB,True,True,True,0.0,0,1.0,1.0,"{""SAMSUNG"": 0, ""KAKAOPAY"": 0, ""HYUNDAI"": 0, ""KB"": 0, ""SHINHAN"": 0, ""MERITZ"": 0, ""DB"": 0}"
senior_long,oat_heuristic,risk_emergency_bump,0.8,0,SAMSUNG|KAKAOPAY|HYUNDAI|KB|SHINHAN|MERITZ|DB,True,True,True,0.0,0,1.0,1.0,"{""SAMSUNG"": 0, ""KAKAOPAY"": 0, ""HYUNDAI"": 0, ""KB"": 0, ""SHINHAN"": 0, ""MERITZ"": 0, ""DB"": 0}"
senior_long,oat_heuristic,risk_emergency_bump,0.9,0,SAMSUNG|KAKAOPAY|HYUNDAI|KB|SHINHAN|MERITZ|DB,True,True,True,0.0,0,1.0,1.0,"{""SAMSUNG"": 0, ""KAKAOPAY"": 0, ""HYUNDAI"": 0, ""KB"": 0, ""SHINHAN"": 0, ""MERITZ"": 0, ""DB"": 0}"
senior_long,oat_heuristic,risk_emergency_bump,1.1,0,SAMSUNG|KAKAOPAY|HYUNDAI|KB|SHINHAN|MERITZ|DB,True,True,True,0.0,0,1.0,1.0,"{""SAMSUNG"": 0, ""KAKAOPAY"": 0, ""HYUNDAI"": 0, ""KB"": 0, ""SHINHAN"": 0, ""MERITZ"": 0, ""DB"": 0}"
senior_long,oat_heuristic,risk_emergency_bump,1.2,0,SAMSUNG|KAKAOPAY|HYUNDAI|KB|SHINHAN|MERITZ|DB,True,True,True,0.0,0,1.0,1.0,"{""SAMSUNG"": 0, ""KAKAOPAY"": 0, ""HYUNDAI"": 0, ""KB"": 0, ""SHINHAN"": 0, ""MERITZ"": 0, ""DB"": 0}"
senior_long,oat_heuristic,risk_illness_bump,0.8,0,SAMSUNG|KAKAOPAY|HYUNDAI|KB|SHINHAN|MERITZ|DB,True,True,True,0.0,0,1.0,1.0,"{""SAMSUNG"": 0, ""KAKAOPAY"": 0, ""HYUNDAI"": 0, ""KB"": 0, ""SHINHAN"": 0, ""MERITZ"": 0, ""DB"": 0}"
senior_long,oat_heuristic,risk_illness_bump,0.9,0,SAMSUNG|KAKAOPAY|HYUNDAI|KB|SHINHAN|MERITZ|DB,True,True,True,0.0,0,1.0,1.0,"{""SAMSUNG"": 0, ""KAKAOPAY"": 0, ""HYUNDAI"": 0, ""KB"": 0, ""SHINHAN"": 0, ""MERITZ"": 0, ""DB"": 0}"
senior_long,oat_heuristic,risk_illness_bump,1.1,0,SAMSUNG|KAKAOPAY|HYUNDAI|KB|SHINHAN|MERITZ|DB,True,True,True,0.0,0,1.0,1.0,"{""SAMSUNG"": 0, ""KAKAOPAY"": 0, ""HYUNDAI"": 0, ""KB"": 0, ""SHINHAN"": 0, ""MERITZ"": 0, ""DB"": 0}"
senior_long,oat_heuristic,risk_illness_bump,1.2,0,SAMSUNG|KAKAOPAY|HYUNDAI|KB|SHINHAN|MERITZ|DB,True,True,True,0.0,0,1.0,1.0,"{""SAMSUNG"": 0, ""KAKAOPAY"": 0, ""HYUNDAI"": 0, ""KB"": 0, ""SHINHAN"": 0, ""MERITZ"": 0, ""DB"": 0}"
senior_long,oat_heuristic,long_trip_bump,0.8,0,SAMSUNG|KAKAOPAY|HYUNDAI|KB|SHINHAN|MERITZ|DB,True,True,True,0.0,0,1.0,1.0,"{""SAMSUNG"": 0, ""KAKAOPAY"": 0, ""HYUNDAI"": 0, ""KB"": 0, ""SHINHAN"": 0, ""MERITZ"": 0, ""DB"": 0}"
senior_long,oat_heuristic,long_trip_bump,0.9,0,SAMSUNG|KAKAOPAY|HYUNDAI|KB|SHINHAN|MERITZ|DB,True,True,True,0.0,0,1.0,1.0,"{""SAMSUNG"": 0, ""KAKAOPAY"": 0, ""HYUNDAI"": 0, ""KB"": 0, ""SHINHAN"": 0, ""MERITZ"": 0, ""DB"": 0}"
senior_long,oat_heuristic,long_trip_bump,1.1,0,SAMSUNG|KAKAOPAY|HYUNDAI|KB|SHINHAN|MERITZ|DB,True,True,True,0.0,0,1.0,1.0,"{""SAMSUNG"": 0, ""KAKAOPAY"": 0, ""HYUNDAI"": 0, ""KB"": 0, ""SHINHAN"": 0, ""MERITZ"": 0, ""DB"": 0}"
senior_long,oat_heuristic,long_trip_bump,1.2,0,SAMSUNG|KAKAOPAY|HYUNDAI|KB|SHINHAN|MERITZ|DB,True,True,True,0.0,0,1.0,1.0,"{""SAMSUNG"": 0, ""KAKAOPAY"": 0, ""HYUNDAI"": 0, ""KB"": 0, ""SHINHAN"": 0, ""MERITZ"": 0, ""DB"": 0}"
senior_long,oat_heuristic,senior_illness_bump,0.8,0,SAMSUNG|KAKAOPAY|HYUNDAI|KB|SHINHAN|MERITZ|DB,True,True,True,0.0,0,1.0,1.0,"{""SAMSUNG"": 0, ""KAKAOPAY"": 0, ""HYUNDAI"": 0, ""KB"": 0, ""SHINHAN"": 0, ""MERITZ"": 0, ""DB"": 0}"
senior_long,oat_heuristic,senior_illness_bump,0.9,0,SAMSUNG|KAKAOPAY|HYUNDAI|KB|SHINHAN|MERITZ|DB,True,True,True,0.0,0,1.0,1.0,"{""SAMSUNG"": 0, ""KAKAOPAY"": 0, ""HYUNDAI"": 0, ""KB"": 0, ""SHINHAN"": 0, ""MERITZ"": 0, ""DB"": 0}"
senior_long,oat_heuristic,senior_illness_bump,1.1,0,SAMSUNG|KAKAOPAY|HYUNDAI|KB|SHINHAN|MERITZ|DB,True,True,True,0.0,0,1.0,1.0,"{""SAMSUNG"": 0, ""KAKAOPAY"": 0, ""HYUNDAI"": 0, ""KB"": 0, ""SHINHAN"": 0, ""MERITZ"": 0, ""DB"": 0}"
senior_long,oat_heuristic,senior_illness_bump,1.2,0,SAMSUNG|KAKAOPAY|HYUNDAI|KB|SHINHAN|MERITZ|DB,True,True,True,0.0,0,1.0,1.0,"{""SAMSUNG"": 0, ""KAKAOPAY"": 0, ""HYUNDAI"": 0, ""KB"": 0, ""SHINHAN"": 0, ""MERITZ"": 0, ""DB"": 0}"
senior_long,oat_heuristic,senior_emergency_bump,0.8,0,SAMSUNG|KAKAOPAY|HYUNDAI|KB|SHINHAN|MERITZ|DB,True,True,True,0.0,0,1.0,1.0,"{""SAMSUNG"": 0, ""KAKAOPAY"": 0, ""HYUNDAI"": 0, ""KB"": 0, ""SHINHAN"": 0, ""MERITZ"": 0, ""DB"": 0}"
senior_long,oat_heuristic,senior_emergency_bump,0.9,0,SAMSUNG|KAKAOPAY|HYUNDAI|KB|SHINHAN|MERITZ|DB,True,True,True,0.0,0,1.0,1.0,"{""SAMSUNG"": 0, ""KAKAOPAY"": 0, ""HYUNDAI"": 0, ""KB"": 0, ""SHINHAN"": 0, ""MERITZ"": 0, ""DB"": 0}"
senior_long,oat_heuristic,senior_emergency_bump,1.1,0,SAMSUNG|KAKAOPAY|HYUNDAI|KB|SHINHAN|MERITZ|DB,True,True,True,0.0,0,1.0,1.0,"{""SAMSUNG"": 0, ""KAKAOPAY"": 0, ""HYUNDAI"": 0, ""KB"": 0, ""SHINHAN"": 0, ""MERITZ"": 0, ""DB"": 0}"
senior_long,oat_heuristic,senior_emergency_bump,1.2,0,SAMSUNG|KAKAOPAY|HYUNDAI|KB|SHINHAN|MERITZ|DB,True,True,True,0.0,0,1.0,1.0,"{""SAMSUNG"": 0, ""KAKAOPAY"": 0, ""HYUNDAI"": 0, ""KB"": 0, ""SHINHAN"": 0, ""MERITZ"": 0, ""DB"": 0}"
senior_long,oat_axis,axis:amount,0.8,0,KAKAOPAY|SAMSUNG|HYUNDAI|KB|SHINHAN|MERITZ|DB,False,True,False,0.2857142857142857,1,0.9047619047619048,0.9642857142857143,"{""SAMSUNG"": 1, ""KAKAOPAY"": -1, ""HYUNDAI"": 0, ""KB"": 0, ""SHINHAN"": 0, ""MERITZ"": 0, ""DB"": 0}"
senior_long,oat_axis,axis:amount,0.9,0,SAMSUNG|KAKAOPAY|HYUNDAI|KB|SHINHAN|MERITZ|DB,True,True,True,0.0,0,1.0,1.0,"{""SAMSUNG"": 0, ""KAKAOPAY"": 0, ""HYUNDAI"": 0, ""KB"": 0, ""SHINHAN"": 0, ""MERITZ"": 0, ""DB"": 0}"
senior_long,oat_axis,axis:amount,1.1,0,SAMSUNG|KAKAOPAY|HYUNDAI|KB|SHINHAN|MERITZ|DB,True,True,True,0.0,0,1.0,1.0,"{""SAMSUNG"": 0, ""KAKAOPAY"": 0, ""HYUNDAI"": 0, ""KB"": 0, ""SHINHAN"": 0, ""MERITZ"": 0, ""DB"": 0}"
senior_long,oat_axis,axis:amount,1.2,0,SAMSUNG|KAKAOPAY|HYUNDAI|KB|SHINHAN|MERITZ|DB,True,True,True,0.0,0,1.0,1.0,"{""SAMSUNG"": 0, ""KAKAOPAY"": 0, ""HYUNDAI"": 0, ""KB"": 0, ""SHINHAN"": 0, ""MERITZ"": 0, ""DB"": 0}"
senior_long,oat_axis,axis:clause,0.8,0,SAMSUNG|KAKAOPAY|HYUNDAI|KB|SHINHAN|MERITZ|DB,True,True,True,0.0,0,1.0,1.0,"{""SAMSUNG"": 0, ""KAKAOPAY"": 0, ""HYUNDAI"": 0, ""KB"": 0, ""SHINHAN"": 0, ""MERITZ"": 0, ""DB"": 0}"
senior_long,oat_axis,axis:clause,0.9,0,SAMSUNG|KAKAOPAY|HYUNDAI|KB|SHINHAN|MERITZ|DB,True,True,True,0.0,0,1.0,1.0,"{""SAMSUNG"": 0, ""KAKAOPAY"": 0, ""HYUNDAI"": 0, ""KB"": 0, ""SHINHAN"": 0, ""MERITZ"": 0, ""DB"": 0}"
senior_long,oat_axis,axis:clause,1.1,0,SAMSUNG|KAKAOPAY|HYUNDAI|KB|SHINHAN|MERITZ|DB,True,True,True,0.0,0,1.0,1.0,"{""SAMSUNG"": 0, ""KAKAOPAY"": 0, ""HYUNDAI"": 0, ""KB"": 0, ""SHINHAN"": 0, ""MERITZ"": 0, ""DB"": 0}"
senior_long,oat_axis,axis:clause,1.2,0,SAMSUNG|KAKAOPAY|HYUNDAI|KB|SHINHAN|MERITZ|DB,True,True,True,0.0,0,1.0,1.0,"{""SAMSUNG"": 0, ""KAKAOPAY"": 0, ""HYUNDAI"": 0, ""KB"": 0, ""SHINHAN"": 0, ""MERITZ"": 0, ""DB"": 0}"
senior_long,oat_axis,axis:price,0.8,0,SAMSUNG|KAKAOPAY|HYUNDAI|KB|SHINHAN|MERITZ|DB,True,True,True,0.0,0,1.0,1.0,"{""SAMSUNG"": 0, ""KAKAOPAY"": 0, ""HYUNDAI"": 0, ""KB"": 0, ""SHINHAN"": 0, ""MERITZ"": 0, ""DB"": 0}"
senior_long,oat_axis,axis:price,0.9,0,SAMSUNG|KAKAOPAY|HYUNDAI|KB|SHINHAN|MERITZ|DB,True,True,True,0.0,0,1.0,1.0,"{""SAMSUNG"": 0, ""KAKAOPAY"": 0, ""HYUNDAI"": 0, ""KB"": 0, ""SHINHAN"": 0, ""MERITZ"": 0, ""DB"": 0}"
senior_long,oat_axis,axis:price,1.1,0,SAMSUNG|KAKAOPAY|HYUNDAI|KB|SHINHAN|MERITZ|DB,True,True,True,0.0,0,1.0,1.0,"{""SAMSUNG"": 0, ""KAKAOPAY"": 0, ""HYUNDAI"": 0, ""KB"": 0, ""SHINHAN"": 0, ""MERITZ"": 0, ""DB"": 0}"
senior_long,oat_axis,axis:price,1.2,0,KAKAOPAY|SAMSUNG|HYUNDAI|KB|SHINHAN|MERITZ|DB,False,True,False,0.2857142857142857,1,0.9047619047619048,0.9642857142857143,"{""SAMSUNG"": 1, ""KAKAOPAY"": -1, ""HYUNDAI"": 0, ""KB"": 0, ""SHINHAN"": 0, ""MERITZ"": 0, ""DB"": 0}"
senior_long,oat_axis,axis:overlap,0.8,0,SAMSUNG|KAKAOPAY|HYUNDAI|KB|SHINHAN|MERITZ|DB,True,True,True,0.0,0,1.0,1.0,"{""SAMSUNG"": 0, ""KAKAOPAY"": 0, ""HYUNDAI"": 0, ""KB"": 0, ""SHINHAN"": 0, ""MERITZ"": 0, ""DB"": 0}"
senior_long,oat_axis,axis:overlap,0.9,0,SAMSUNG|KAKAOPAY|HYUNDAI|KB|SHINHAN|MERITZ|DB,True,True,True,0.0,0,1.0,1.0,"{""SAMSUNG"": 0, ""KAKAOPAY"": 0, ""HYUNDAI"": 0, ""KB"": 0, ""SHINHAN"": 0, ""MERITZ"": 0, ""DB"": 0}"
senior_long,oat_axis,axis:overlap,1.1,0,SAMSUNG|KAKAOPAY|HYUNDAI|KB|SHINHAN|MERITZ|DB,True,True,True,0.0,0,1.0,1.0,"{""SAMSUNG"": 0, ""KAKAOPAY"": 0, ""HYUNDAI"": 0, ""KB"": 0, ""SHINHAN"": 0, ""MERITZ"": 0, ""DB"": 0}"
senior_long,oat_axis,axis:overlap,1.2,0,SAMSUNG|KAKAOPAY|HYUNDAI|KB|SHINHAN|MERITZ|DB,True,True,True,0.0,0,1.0,1.0,"{""SAMSUNG"": 0, ""KAKAOPAY"": 0, ""HYUNDAI"": 0, ""KB"": 0, ""SHINHAN"": 0, ""MERITZ"": 0, ""DB"": 0}"
senior_long,oat_axis,axis:activity,0.8,0,SAMSUNG|KAKAOPAY|HYUNDAI|KB|SHINHAN|MERITZ|DB,True,True,True,0.0,0,1.0,1.0,"{""SAMSUNG"": 0, ""KAKAOPAY"": 0, ""HYUNDAI"": 0, ""KB"": 0, ""SHINHAN"": 0, ""MERITZ"": 0, ""DB"": 0}"
senior_long,oat_axis,axis:activity,0.9,0,SAMSUNG|KAKAOPAY|HYUNDAI|KB|SHINHAN|MERITZ|DB,True,True,True,0.0,0,1.0,1.0,"{""SAMSUNG"": 0, ""KAKAOPAY"": 0, ""HYUNDAI"": 0, ""KB"": 0, ""SHINHAN"": 0, ""MERITZ"": 0, ""DB"": 0}"
senior_long,oat_axis,axis:activity,1.1,0,SAMSUNG|KAKAOPAY|HYUNDAI|KB|SHINHAN|MERITZ|DB,True,True,True,0.0,0,1.0,1.0,"{""SAMSUNG"": 0, ""KAKAOPAY"": 0, ""HYUNDAI"": 0, ""KB"": 0, ""SHINHAN"": 0, ""MERITZ"": 0, ""DB"": 0}"
senior_long,oat_axis,axis:activity,1.2,0,SAMSUNG|KAKAOPAY|HYUNDAI|KB|SHINHAN|MERITZ|DB,True,True,True,0.0,0,1.0,1.0,"{""SAMSUNG"": 0, ""KAKAOPAY"": 0, ""HYUNDAI"": 0, ""KB"": 0, ""SHINHAN"": 0, ""MERITZ"": 0, ""DB"": 0}"
senior_long,monte_carlo,all,0.0,0,KAKAOPAY|SAMSUNG|HYUNDAI|KB|SHINHAN|MERITZ|DB,False,True,False,0.2857142857142857,1,0.9047619047619048,0.9642857142857143,"{""SAMSUNG"": 1, ""KAKAOPAY"": -1, ""HYUNDAI"": 0, ""KB"": 0, ""SHINHAN"": 0, ""MERITZ"": 0, ""DB"": 0}"
senior_long,monte_carlo,all,0.0,1,SAMSUNG|KAKAOPAY|HYUNDAI|KB|SHINHAN|MERITZ|DB,True,True,True,0.0,0,1.0,1.0,"{""SAMSUNG"": 0, ""KAKAOPAY"": 0, ""HYUNDAI"": 0, ""KB"": 0, ""SHINHAN"": 0, ""MERITZ"": 0, ""DB"": 0}"
senior_long,monte_carlo,all,0.0,2,SAMSUNG|KAKAOPAY|HYUNDAI|KB|SHINHAN|MERITZ|DB,True,True,True,0.0,0,1.0,1.0,"{""SAMSUNG"": 0, ""KAKAOPAY"": 0, ""HYUNDAI"": 0, ""KB"": 0, ""SHINHAN"": 0, ""MERITZ"": 0, ""DB"": 0}"
senior_long,monte_carlo,all,0.0,3,KAKAOPAY|SAMSUNG|HYUNDAI|KB|SHINHAN|MERITZ|DB,False,True,False,0.2857142857142857,1,0.9047619047619048,0.9642857142857143,"{""SAMSUNG"": 1, ""KAKAOPAY"": -1, ""HYUNDAI"": 0, ""KB"": 0, ""SHINHAN"": 0, ""MERITZ"": 0, ""DB"": 0}"
senior_long,monte_carlo,all,0.0,4,SAMSUNG|KAKAOPAY|HYUNDAI|KB|SHINHAN|MERITZ|DB,True,True,True,0.0,0,1.0,1.0,"{""SAMSUNG"": 0, ""KAKAOPAY"": 0, ""HYUNDAI"": 0, ""KB"": 0, ""SHINHAN"": 0, ""MERITZ"": 0, ""DB"": 0}"
senior_long,monte_carlo,all,0.0,5,SAMSUNG|KAKAOPAY|HYUNDAI|KB|SHINHAN|MERITZ|DB,True,True,True,0.0,0,1.0,1.0,"{""SAMSUNG"": 0, ""KAKAOPAY"": 0, ""HYUNDAI"": 0, ""KB"": 0, ""SHINHAN"": 0, ""MERITZ"": 0, ""DB"": 0}"
senior_long,monte_carlo,all,0.0,6,SAMSUNG|KAKAOPAY|HYUNDAI|KB|SHINHAN|MERITZ|DB,True,True,True,0.0,0,1.0,1.0,"{""SAMSUNG"": 0, ""KAKAOPAY"": 0, ""HYUNDAI"": 0, ""KB"": 0, ""SHINHAN"": 0, ""MERITZ"": 0, ""DB"": 0}"
senior_long,monte_carlo,all,0.0,7,SAMSUNG|KAKAOPAY|HYUNDAI|KB|SHINHAN|MERITZ|DB,True,True,True,0.0,0,1.0,1.0,"{""SAMSUNG"": 0, ""KAKAOPAY"": 0, ""HYUNDAI"": 0, ""KB"": 0, ""SHINHAN"": 0, ""MERITZ"": 0, ""DB"": 0}"
senior_long,monte_carlo,all,0.0,8,SAMSUNG|KAKAOPAY|HYUNDAI|KB|SHINHAN|MERITZ|DB,True,True,True,0.0,0,1.0,1.0,"{""SAMSUNG"": 0, ""KAKAOPAY"": 0, ""HYUNDAI"": 0, ""KB"": 0, ""SHINHAN"": 0, ""MERITZ"": 0, ""DB"": 0}"
senior_long,monte_carlo,all,0.0,9,SAMSUNG|KAKAOPAY|HYUNDAI|KB|SHINHAN|MERITZ|DB,True,True,True,0.0,0,1.0,1.0,"{""SAMSUNG"": 0, ""KAKAOPAY"": 0, ""HYUNDAI"": 0, ""KB"": 0, ""SHINHAN"": 0, ""MERITZ"": 0, ""DB"": 0}"
senior_long,monte_carlo,all,0.0,10,KAKAOPAY|SAMSUNG|HYUNDAI|KB|SHINHAN|MERITZ|DB,False,True,False,0.2857142857142857,1,0.9047619047619048,0.9642857142857143,"{""SAMSUNG"": 1, ""KAKAOPAY"": -1, ""HYUNDAI"": 0, ""KB"": 0, ""SHINHAN"": 0, ""MERITZ"": 0, ""DB"": 0}"
senior_long,monte_carlo,all,0.0,11,KAKAOPAY|SAMSUNG|HYUNDAI|KB|SHINHAN|MERITZ|DB,False,True,False,0.2857142857142857,1,0.9047619047619048,0.9642857142857143,"{""SAMSUNG"": 1, ""KAKAOPAY"": -1, ""HYUNDAI"": 0, ""KB"": 0, ""SHINHAN"": 0, ""MERITZ"": 0, ""DB"": 0}"
senior_long,monte_carlo,all,0.0,12,KAKAOPAY|SAMSUNG|HYUNDAI|KB|SHINHAN|MERITZ|DB,False,True,False,0.2857142857142857,1,0.9047619047619048,0.9642857142857143,"{""SAMSUNG"": 1, ""KAKAOPAY"": -1, ""HYUNDAI"": 0, ""KB"": 0, ""SHINHAN"": 0, ""MERITZ"": 0, ""DB"": 0}"
senior_long,monte_carlo,all,0.0,13,SAMSUNG|KAKAOPAY|HYUNDAI|KB|SHINHAN|MERITZ|DB,True,True,True,0.0,0,1.0,1.0,"{""SAMSUNG"": 0, ""KAKAOPAY"": 0, ""HYUNDAI"": 0, ""KB"": 0, ""SHINHAN"": 0, ""MERITZ"": 0, ""DB"": 0}"
senior_long,monte_carlo,all,0.0,14,SAMSUNG|KAKAOPAY|HYUNDAI|KB|SHINHAN|MERITZ|DB,True,True,True,0.0,0,1.0,1.0,"{""SAMSUNG"": 0, ""KAKAOPAY"": 0, ""HYUNDAI"": 0, ""KB"": 0, ""SHINHAN"": 0, ""MERITZ"": 0, ""DB"": 0}"
senior_long,monte_carlo,all,0.0,15,SAMSUNG|KAKAOPAY|HYUNDAI|KB|SHINHAN|MERITZ|DB,True,True,True,0.0,0,1.0,1.0,"{""SAMSUNG"": 0, ""KAKAOPAY"": 0, ""HYUNDAI"": 0, ""KB"": 0, ""SHINHAN"": 0, ""MERITZ"": 0, ""DB"": 0}"
senior_long,monte_carlo,all,0.0,16,SAMSUNG|KAKAOPAY|HYUNDAI|KB|SHINHAN|MERITZ|DB,True,True,True,0.0,0,1.0,1.0,"{""SAMSUNG"": 0, ""KAKAOPAY"": 0, ""HYUNDAI"": 0, ""KB"": 0, ""SHINHAN"": 0, ""MERITZ"": 0, ""DB"": 0}"
senior_long,monte_carlo,all,0.0,17,KAKAOPAY|SAMSUNG|HYUNDAI|KB|SHINHAN|MERITZ|DB,False,True,False,0.2857142857142857,1,0.9047619047619048,0.9642857142857143,"{""SAMSUNG"": 1, ""KAKAOPAY"": -1, ""HYUNDAI"": 0, ""KB"": 0, ""SHINHAN"": 0, ""MERITZ"": 0, ""DB"": 0}"
senior_long,monte_carlo,all,0.0,18,SAMSUNG|KAKAOPAY|HYUNDAI|KB|SHINHAN|MERITZ|DB,True,True,True,0.0,0,1.0,1.0,"{""SAMSUNG"": 0, ""KAKAOPAY"": 0, ""HYUNDAI"": 0, ""KB"": 0, ""SHINHAN"": 0, ""MERITZ"": 0, ""DB"": 0}"
senior_long,monte_carlo,all,0.0,19,SAMSUNG|KAKAOPAY|HYUNDAI|KB|SHINHAN|MERITZ|DB,True,True,True,0.0,0,1.0,1.0,"{""SAMSUNG"": 0, ""KAKAOPAY"": 0, ""HYUNDAI"": 0, ""KB"": 0, ""SHINHAN"": 0, ""MERITZ"": 0, ""DB"": 0}"
senior_long,monte_carlo,all,0.0,20,SAMSUNG|KAKAOPAY|HYUNDAI|KB|SHINHAN|MERITZ|DB,True,True,True,0.0,0,1.0,1.0,"{""SAMSUNG"": 0, ""KAKAOPAY"": 0, ""HYUNDAI"": 0, ""KB"": 0, ""SHINHAN"": 0, ""MERITZ"": 0, ""DB"": 0}"
senior_long,monte_carlo,all,0.0,21,SAMSUNG|KAKAOPAY|HYUNDAI|KB|SHINHAN|MERITZ|DB,True,True,True,0.0,0,1.0,1.0,"{""SAMSUNG"": 0, ""KAKAOPAY"": 0, ""HYUNDAI"": 0, ""KB"": 0, ""SHINHAN"": 0, ""MERITZ"": 0, ""DB"": 0}"
senior_long,monte_carlo,all,0.0,22,SAMSUNG|KAKAOPAY|HYUNDAI|KB|SHINHAN|MERITZ|DB,True,True,True,0.0,0,1.0,1.0,"{""SAMSUNG"": 0, ""KAKAOPAY"": 0, ""HYUNDAI"": 0, ""KB"": 0, ""SHINHAN"": 0, ""MERITZ"": 0, ""DB"": 0}"
senior_long,monte_carlo,all,0.0,23,SAMSUNG|KAKAOPAY|HYUNDAI|KB|SHINHAN|MERITZ|DB,True,True,True,0.0,0,1.0,1.0,"{""SAMSUNG"": 0, ""KAKAOPAY"": 0, ""HYUNDAI"": 0, ""KB"": 0, ""SHINHAN"": 0, ""MERITZ"": 0, ""DB"": 0}"
senior_long,monte_carlo,all,0.0,24,SAMSUNG|KAKAOPAY|HYUNDAI|KB|SHINHAN|MERITZ|DB,True,True,True,0.0,0,1.0,1.0,"{""SAMSUNG"": 0, ""KAKAOPAY"": 0, ""HYUNDAI"": 0, ""KB"": 0, ""SHINHAN"": 0, ""MERITZ"": 0, ""DB"": 0}"
senior_long,monte_carlo,all,0.0,25,SAMSUNG|KAKAOPAY|HYUNDAI|KB|SHINHAN|MERITZ|DB,True,True,True,0.0,0,1.0,1.0,"{""SAMSUNG"": 0, ""KAKAOPAY"": 0, ""HYUNDAI"": 0, ""KB"": 0, ""SHINHAN"": 0, ""MERITZ"": 0, ""DB"": 0}"
senior_long,monte_carlo,all,0.0,26,KAKAOPAY|SAMSUNG|HYUNDAI|KB|SHINHAN|MERITZ|DB,False,True,False,0.2857142857142857,1,0.9047619047619048,0.9642857142857143,"{""SAMSUNG"": 1, ""KAKAOPAY"": -1, ""HYUNDAI"": 0, ""KB"": 0, ""SHINHAN"": 0, ""MERITZ"": 0, ""DB"": 0}"
senior_long,monte_carlo,all,0.0,27,SAMSUNG|KAKAOPAY|HYUNDAI|KB|SHINHAN|MERITZ|DB,True,True,True,0.0,0,1.0,1.0,"{""SAMSUNG"": 0, ""KAKAOPAY"": 0, ""HYUNDAI"": 0, ""KB"": 0, ""SHINHAN"": 0, ""MERITZ"": 0, ""DB"": 0}"
senior_long,monte_carlo,all,0.0,28,SAMSUNG|KAKAOPAY|HYUNDAI|KB|SHINHAN|MERITZ|DB,True,True,True,0.0,0,1.0,1.0,"{""SAMSUNG"": 0, ""KAKAOPAY"": 0, ""HYUNDAI"": 0, ""KB"": 0, ""SHINHAN"": 0, ""MERITZ"": 0, ""DB"": 0}"
senior_long,monte_carlo,all,0.0,29,KAKAOPAY|SAMSUNG|HYUNDAI|KB|SHINHAN|MERITZ|DB,False,True,False,0.2857142857142857,1,0.9047619047619048,0.9642857142857143,"{""SAMSUNG"": 1, ""KAKAOPAY"": -1, ""HYUNDAI"": 0, ""KB"": 0, ""SHINHAN"": 0, ""MERITZ"": 0, ""DB"": 0}"
senior_long,monte_carlo,all,0.0,30,KAKAOPAY|SAMSUNG|HYUNDAI|KB|SHINHAN|MERITZ|DB,False,True,False,0.2857142857142857,1,0.9047619047619048,0.9642857142857143,"{""SAMSUNG"": 1, ""KAKAOPAY"": -1, ""HYUNDAI"": 0, ""KB"": 0, ""SHINHAN"": 0, ""MERITZ"": 0, ""DB"": 0}"
senior_long,monte_carlo,all,0.0,31,SAMSUNG|KAKAOPAY|HYUNDAI|KB|SHINHAN|MERITZ|DB,True,True,True,0.0,0,1.0,1.0,"{""SAMSUNG"": 0, ""KAKAOPAY"": 0, ""HYUNDAI"": 0, ""KB"": 0, ""SHINHAN"": 0, ""MERITZ"": 0, ""DB"": 0}"
senior_long,monte_carlo,all,0.0,32,SAMSUNG|KAKAOPAY|HYUNDAI|KB|SHINHAN|MERITZ|DB,True,True,True,0.0,0,1.0,1.0,"{""SAMSUNG"": 0, ""KAKAOPAY"": 0, ""HYUNDAI"": 0, ""KB"": 0, ""SHINHAN"": 0, ""MERITZ"": 0, ""DB"": 0}"
senior_long,monte_carlo,all,0.0,33,SAMSUNG|KAKAOPAY|HYUNDAI|KB|SHINHAN|MERITZ|DB,True,True,True,0.0,0,1.0,1.0,"{""SAMSUNG"": 0, ""KAKAOPAY"": 0, ""HYUNDAI"": 0, ""KB"": 0, ""SHINHAN"": 0, ""MERITZ"": 0, ""DB"": 0}"
senior_long,monte_carlo,all,0.0,34,SAMSUNG|KAKAOPAY|HYUNDAI|KB|SHINHAN|MERITZ|DB,True,True,True,0.0,0,1.0,1.0,"{""SAMSUNG"": 0, ""KAKAOPAY"": 0, ""HYUNDAI"": 0, ""KB"": 0, ""SHINHAN"": 0, ""MERITZ"": 0, ""DB"": 0}"
senior_long,monte_carlo,all,0.0,35,SAMSUNG|KAKAOPAY|HYUNDAI|KB|SHINHAN|MERITZ|DB,True,True,True,0.0,0,1.0,1.0,"{""SAMSUNG"": 0, ""KAKAOPAY"": 0, ""HYUNDAI"": 0, ""KB"": 0, ""SHINHAN"": 0, ""MERITZ"": 0, ""DB"": 0}"
senior_long,monte_carlo,all,0.0,36,SAMSUNG|KAKAOPAY|HYUNDAI|KB|SHINHAN|MERITZ|DB,True,True,True,0.0,0,1.0,1.0,"{""SAMSUNG"": 0, ""KAKAOPAY"": 0, ""HYUNDAI"": 0, ""KB"": 0, ""SHINHAN"": 0, ""MERITZ"": 0, ""DB"": 0}"
senior_long,monte_carlo,all,0.0,37,SAMSUNG|KAKAOPAY|HYUNDAI|KB|SHINHAN|MERITZ|DB,True,True,True,0.0,0,1.0,1.0,"{""SAMSUNG"": 0, ""KAKAOPAY"": 0, ""HYUNDAI"": 0, ""KB"": 0, ""SHINHAN"": 0, ""MERITZ"": 0, ""DB"": 0}"
senior_long,monte_carlo,all,0.0,38,KAKAOPAY|SAMSUNG|HYUNDAI|KB|SHINHAN|MERITZ|DB,False,True,False,0.2857142857142857,1,0.9047619047619048,0.9642857142857143,"{""SAMSUNG"": 1, ""KAKAOPAY"": -1, ""HYUNDAI"": 0, ""KB"": 0, ""SHINHAN"": 0, ""MERITZ"": 0, ""DB"": 0}"
senior_long,monte_carlo,all,0.0,39,SAMSUNG|KAKAOPAY|HYUNDAI|KB|SHINHAN|MERITZ|DB,True,True,True,0.0,0,1.0,1.0,"{""SAMSUNG"": 0, ""KAKAOPAY"": 0, ""HYUNDAI"": 0, ""KB"": 0, ""SHINHAN"": 0, ""MERITZ"": 0, ""DB"": 0}"
senior_long,monte_carlo,all,0.0,40,SAMSUNG|KAKAOPAY|HYUNDAI|KB|SHINHAN|MERITZ|DB,True,True,True,0.0,0,1.0,1.0,"{""SAMSUNG"": 0, ""KAKAOPAY"": 0, ""HYUNDAI"": 0, ""KB"": 0, ""SHINHAN"": 0, ""MERITZ"": 0, ""DB"": 0}"
senior_long,monte_carlo,all,0.0,41,SAMSUNG|KAKAOPAY|HYUNDAI|KB|SHINHAN|MERITZ|DB,True,True,True,0.0,0,1.0,1.0,"{""SAMSUNG"": 0, ""KAKAOPAY"": 0, ""HYUNDAI"": 0, ""KB"": 0, ""SHINHAN"": 0, ""MERITZ"": 0, ""DB"": 0}"
senior_long,monte_carlo,all,0.0,42,SAMSUNG|KAKAOPAY|HYUNDAI|KB|SHINHAN|MERITZ|DB,True,True,True,0.0,0,1.0,1.0,"{""SAMSUNG"": 0, ""KAKAOPAY"": 0, ""HYUNDAI"": 0, ""KB"": 0, ""SHINHAN"": 0, ""MERITZ"": 0, ""DB"": 0}"
senior_long,monte_carlo,all,0.0,43,SAMSUNG|KAKAOPAY|HYUNDAI|KB|SHINHAN|MERITZ|DB,True,True,True,0.0,0,1.0,1.0,"{""SAMSUNG"": 0, ""KAKAOPAY"": 0, ""HYUNDAI"": 0, ""KB"": 0, ""SHINHAN"": 0, ""MERITZ"": 0, ""DB"": 0}"
senior_long,monte_carlo,all,0.0,44,SAMSUNG|KAKAOPAY|HYUNDAI|KB|SHINHAN|MERITZ|DB,True,True,True,0.0,0,1.0,1.0,"{""SAMSUNG"": 0, ""KAKAOPAY"": 0, ""HYUNDAI"": 0, ""KB"": 0, ""SHINHAN"": 0, ""MERITZ"": 0, ""DB"": 0}"
senior_long,monte_carlo,all,0.0,45,SAMSUNG|KAKAOPAY|HYUNDAI|KB|SHINHAN|MERITZ|DB,True,True,True,0.0,0,1.0,1.0,"{""SAMSUNG"": 0, ""KAKAOPAY"": 0, ""HYUNDAI"": 0, ""KB"": 0, ""SHINHAN"": 0, ""MERITZ"": 0, ""DB"": 0}"
senior_long,monte_carlo,all,0.0,46,SAMSUNG|KAKAOPAY|HYUNDAI|KB|SHINHAN|MERITZ|DB,True,True,True,0.0,0,1.0,1.0,"{""SAMSUNG"": 0, ""KAKAOPAY"": 0, ""HYUNDAI"": 0, ""KB"": 0, ""SHINHAN"": 0, ""MERITZ"": 0, ""DB"": 0}"
senior_long,monte_carlo,all,0.0,47,SAMSUNG|KAKAOPAY|HYUNDAI|KB|SHINHAN|MERITZ|DB,True,True,True,0.0,0,1.0,1.0,"{""SAMSUNG"": 0, ""KAKAOPAY"": 0, ""HYUNDAI"": 0, ""KB"": 0, ""SHINHAN"": 0, ""MERITZ"": 0, ""DB"": 0}"
senior_long,monte_carlo,all,0.0,48,KAKAOPAY|SAMSUNG|HYUNDAI|KB|SHINHAN|MERITZ|DB,False,True,False,0.2857142857142857,1,0.9047619047619048,0.9642857142857143,"{""SAMSUNG"": 1, ""KAKAOPAY"": -1, ""HYUNDAI"": 0, ""KB"": 0, ""SHINHAN"": 0, ""MERITZ"": 0, ""DB"": 0}"
senior_long,monte_carlo,all,0.0,49,KAKAOPAY|SAMSUNG|HYUNDAI|KB|SHINHAN|MERITZ|DB,False,True,False,0.2857142857142857,1,0.9047619047619048,0.9642857142857143,"{""SAMSUNG"": 1, ""KAKAOPAY"": -1, ""HYUNDAI"": 0, ""KB"": 0, ""SHINHAN"": 0, ""MERITZ"": 0, ""DB"": 0}"
senior_long,monte_carlo,all,0.0,50,SAMSUNG|KAKAOPAY|HYUNDAI|KB|SHINHAN|MERITZ|DB,True,True,True,0.0,0,1.0,1.0,"{""SAMSUNG"": 0, ""KAKAOPAY"": 0, ""HYUNDAI"": 0, ""KB"": 0, ""SHINHAN"": 0, ""MERITZ"": 0, ""DB"": 0}"
senior_long,monte_carlo,all,0.0,51,SAMSUNG|KAKAOPAY|HYUNDAI|KB|SHINHAN|MERITZ|DB,True,True,True,0.0,0,1.0,1.0,"{""SAMSUNG"": 0, ""KAKAOPAY"": 0, ""HYUNDAI"": 0, ""KB"": 0, ""SHINHAN"": 0, ""MERITZ"": 0, ""DB"": 0}"
senior_long,monte_carlo,all,0.0,52,SAMSUNG|KAKAOPAY|HYUNDAI|KB|SHINHAN|MERITZ|DB,True,True,True,0.0,0,1.0,1.0,"{""SAMSUNG"": 0, ""KAKAOPAY"": 0, ""HYUNDAI"": 0, ""KB"": 0, ""SHINHAN"": 0, ""MERITZ"": 0, ""DB"": 0}"
senior_long,monte_carlo,all,0.0,53,SAMSUNG|KAKAOPAY|HYUNDAI|KB|SHINHAN|MERITZ|DB,True,True,True,0.0,0,1.0,1.0,"{""SAMSUNG"": 0, ""KAKAOPAY"": 0, ""HYUNDAI"": 0, ""KB"": 0, ""SHINHAN"": 0, ""MERITZ"": 0, ""DB"": 0}"
senior_long,monte_carlo,all,0.0,54,SAMSUNG|KAKAOPAY|HYUNDAI|KB|SHINHAN|MERITZ|DB,True,True,True,0.0,0,1.0,1.0,"{""SAMSUNG"": 0, ""KAKAOPAY"": 0, ""HYUNDAI"": 0, ""KB"": 0, ""SHINHAN"": 0, ""MERITZ"": 0, ""DB"": 0}"
senior_long,monte_carlo,all,0.0,55,SAMSUNG|KAKAOPAY|HYUNDAI|KB|SHINHAN|MERITZ|DB,True,True,True,0.0,0,1.0,1.0,"{""SAMSUNG"": 0, ""KAKAOPAY"": 0, ""HYUNDAI"": 0, ""KB"": 0, ""SHINHAN"": 0, ""MERITZ"": 0, ""DB"": 0}"
senior_long,monte_carlo,all,0.0,56,SAMSUNG|KAKAOPAY|HYUNDAI|KB|SHINHAN|MERITZ|DB,True,True,True,0.0,0,1.0,1.0,"{""SAMSUNG"": 0, ""KAKAOPAY"": 0, ""HYUNDAI"": 0, ""KB"": 0, ""SHINHAN"": 0, ""MERITZ"": 0, ""DB"": 0}"
senior_long,monte_carlo,all,0.0,57,SAMSUNG|KAKAOPAY|HYUNDAI|KB|SHINHAN|MERITZ|DB,True,True,True,0.0,0,1.0,1.0,"{""SAMSUNG"": 0, ""KAKAOPAY"": 0, ""HYUNDAI"": 0, ""KB"": 0, ""SHINHAN"": 0, ""MERITZ"": 0, ""DB"": 0}"
senior_long,monte_carlo,all,0.0,58,KAKAOPAY|SAMSUNG|HYUNDAI|KB|SHINHAN|MERITZ|DB,False,True,False,0.2857142857142857,1,0.9047619047619048,0.9642857142857143,"{""SAMSUNG"": 1, ""KAKAOPAY"": -1, ""HYUNDAI"": 0, ""KB"": 0, ""SHINHAN"": 0, ""MERITZ"": 0, ""DB"": 0}"
senior_long,monte_carlo,all,0.0,59,SAMSUNG|KAKAOPAY|HYUNDAI|KB|SHINHAN|MERITZ|DB,True,True,True,0.0,0,1.0,1.0,"{""SAMSUNG"": 0, ""KAKAOPAY"": 0, ""HYUNDAI"": 0, ""KB"": 0, ""SHINHAN"": 0, ""MERITZ"": 0, ""DB"": 0}"
senior_long,monte_carlo,all,0.0,60,KAKAOPAY|SAMSUNG|HYUNDAI|KB|SHINHAN|MERITZ|DB,False,True,False,0.2857142857142857,1,0.9047619047619048,0.9642857142857143,"{""SAMSUNG"": 1, ""KAKAOPAY"": -1, ""HYUNDAI"": 0, ""KB"": 0, ""SHINHAN"": 0, ""MERITZ"": 0, ""DB"": 0}"
senior_long,monte_carlo,all,0.0,61,SAMSUNG|KAKAOPAY|HYUNDAI|KB|SHINHAN|MERITZ|DB,True,True,True,0.0,0,1.0,1.0,"{""SAMSUNG"": 0, ""KAKAOPAY"": 0, ""HYUNDAI"": 0, ""KB"": 0, ""SHINHAN"": 0, ""MERITZ"": 0, ""DB"": 0}"
senior_long,monte_carlo,all,0.0,62,SAMSUNG|KAKAOPAY|HYUNDAI|KB|SHINHAN|MERITZ|DB,True,True,True,0.0,0,1.0,1.0,"{""SAMSUNG"": 0, ""KAKAOPAY"": 0, ""HYUNDAI"": 0, ""KB"": 0, ""SHINHAN"": 0, ""MERITZ"": 0, ""DB"": 0}"
senior_long,monte_carlo,all,0.0,63,SAMSUNG|KAKAOPAY|HYUNDAI|KB|SHINHAN|MERITZ|DB,True,True,True,0.0,0,1.0,1.0,"{""SAMSUNG"": 0, ""KAKAOPAY"": 0, ""HYUNDAI"": 0, ""KB"": 0, ""SHINHAN"": 0, ""MERITZ"": 0, ""DB"": 0}"
senior_long,monte_carlo,all,0.0,64,SAMSUNG|KAKAOPAY|HYUNDAI|KB|SHINHAN|MERITZ|DB,True,True,True,0.0,0,1.0,1.0,"{""SAMSUNG"": 0, ""KAKAOPAY"": 0, ""HYUNDAI"": 0, ""KB"": 0, ""SHINHAN"": 0, ""MERITZ"": 0, ""DB"": 0}"
senior_long,monte_carlo,all,0.0,65,SAMSUNG|KAKAOPAY|HYUNDAI|KB|SHINHAN|MERITZ|DB,True,True,True,0.0,0,1.0,1.0,"{""SAMSUNG"": 0, ""KAKAOPAY"": 0, ""HYUNDAI"": 0, ""KB"": 0, ""SHINHAN"": 0, ""MERITZ"": 0, ""DB"": 0}"
senior_long,monte_carlo,all,0.0,66,SAMSUNG|KAKAOPAY|HYUNDAI|KB|SHINHAN|MERITZ|DB,True,True,True,0.0,0,1.0,1.0,"{""SAMSUNG"": 0, ""KAKAOPAY"": 0, ""HYUNDAI"": 0, ""KB"": 0, ""SHINHAN"": 0, ""MERITZ"": 0, ""DB"": 0}"
senior_long,monte_carlo,all,0.0,67,KAKAOPAY|SAMSUNG|HYUNDAI|KB|SHINHAN|MERITZ|DB,False,True,False,0.2857142857142857,1,0.9047619047619048,0.9642857142857143,"{""SAMSUNG"": 1, ""KAKAOPAY"": -1, ""HYUNDAI"": 0, ""KB"": 0, ""SHINHAN"": 0, ""MERITZ"": 0, ""DB"": 0}"
senior_long,monte_carlo,all,0.0,68,SAMSUNG|KAKAOPAY|HYUNDAI|KB|SHINHAN|MERITZ|DB,True,True,True,0.0,0,1.0,1.0,"{""SAMSUNG"": 0, ""KAKAOPAY"": 0, ""HYUNDAI"": 0, ""KB"": 0, ""SHINHAN"": 0, ""MERITZ"": 0, ""DB"": 0}"
senior_long,monte_carlo,all,0.0,69,KAKAOPAY|SAMSUNG|HYUNDAI|KB|SHINHAN|MERITZ|DB,False,True,False,0.2857142857142857,1,0.9047619047619048,0.9642857142857143,"{""SAMSUNG"": 1, ""KAKAOPAY"": -1, ""HYUNDAI"": 0, ""KB"": 0, ""SHINHAN"": 0, ""MERITZ"": 0, ""DB"": 0}"
senior_long,monte_carlo,all,0.0,70,KAKAOPAY|SAMSUNG|HYUNDAI|KB|SHINHAN|MERITZ|DB,False,True,False,0.2857142857142857,1,0.9047619047619048,0.9642857142857143,"{""SAMSUNG"": 1, ""KAKAOPAY"": -1, ""HYUNDAI"": 0, ""KB"": 0, ""SHINHAN"": 0, ""MERITZ"": 0, ""DB"": 0}"
senior_long,monte_carlo,all,0.0,71,SAMSUNG|KAKAOPAY|HYUNDAI|KB|SHINHAN|MERITZ|DB,True,True,True,0.0,0,1.0,1.0,"{""SAMSUNG"": 0, ""KAKAOPAY"": 0, ""HYUNDAI"": 0, ""KB"": 0, ""SHINHAN"": 0, ""MERITZ"": 0, ""DB"": 0}"
senior_long,monte_carlo,all,0.0,72,SAMSUNG|KAKAOPAY|HYUNDAI|KB|SHINHAN|MERITZ|DB,True,True,True,0.0,0,1.0,1.0,"{""SAMSUNG"": 0, ""KAKAOPAY"": 0, ""HYUNDAI"": 0, ""KB"": 0, ""SHINHAN"": 0, ""MERITZ"": 0, ""DB"": 0}"
senior_long,monte_carlo,all,0.0,73,SAMSUNG|KAKAOPAY|HYUNDAI|KB|SHINHAN|MERITZ|DB,True,True,True,0.0,0,1.0,1.0,"{""SAMSUNG"": 0, ""KAKAOPAY"": 0, ""HYUNDAI"": 0, ""KB"": 0, ""SHINHAN"": 0, ""MERITZ"": 0, ""DB"": 0}"
senior_long,monte_carlo,all,0.0,74,SAMSUNG|KAKAOPAY|HYUNDAI|KB|SHINHAN|MERITZ|DB,True,True,True,0.0,0,1.0,1.0,"{""SAMSUNG"": 0, ""KAKAOPAY"": 0, ""HYUNDAI"": 0, ""KB"": 0, ""SHINHAN"": 0, ""MERITZ"": 0, ""DB"": 0}"
senior_long,monte_carlo,all,0.0,75,SAMSUNG|KAKAOPAY|HYUNDAI|KB|SHINHAN|MERITZ|DB,True,True,True,0.0,0,1.0,1.0,"{""SAMSUNG"": 0, ""KAKAOPAY"": 0, ""HYUNDAI"": 0, ""KB"": 0, ""SHINHAN"": 0, ""MERITZ"": 0, ""DB"": 0}"
senior_long,monte_carlo,all,0.0,76,SAMSUNG|KAKAOPAY|HYUNDAI|KB|SHINHAN|MERITZ|DB,True,True,True,0.0,0,1.0,1.0,"{""SAMSUNG"": 0, ""KAKAOPAY"": 0, ""HYUNDAI"": 0, ""KB"": 0, ""SHINHAN"": 0, ""MERITZ"": 0, ""DB"": 0}"
senior_long,monte_carlo,all,0.0,77,SAMSUNG|KAKAOPAY|HYUNDAI|KB|SHINHAN|MERITZ|DB,True,True,True,0.0,0,1.0,1.0,"{""SAMSUNG"": 0, ""KAKAOPAY"": 0, ""HYUNDAI"": 0, ""KB"": 0, ""SHINHAN"": 0, ""MERITZ"": 0, ""DB"": 0}"
senior_long,monte_carlo,all,0.0,78,SAMSUNG|KAKAOPAY|HYUNDAI|KB|SHINHAN|MERITZ|DB,True,True,True,0.0,0,1.0,1.0,"{""SAMSUNG"": 0, ""KAKAOPAY"": 0, ""HYUNDAI"": 0, ""KB"": 0, ""SHINHAN"": 0, ""MERITZ"": 0, ""DB"": 0}"
senior_long,monte_carlo,all,0.0,79,SAMSUNG|KAKAOPAY|HYUNDAI|KB|SHINHAN|MERITZ|DB,True,True,True,0.0,0,1.0,1.0,"{""SAMSUNG"": 0, ""KAKAOPAY"": 0, ""HYUNDAI"": 0, ""KB"": 0, ""SHINHAN"": 0, ""MERITZ"": 0, ""DB"": 0}"
senior_long,monte_carlo,all,0.0,80,SAMSUNG|KAKAOPAY|HYUNDAI|KB|SHINHAN|MERITZ|DB,True,True,True,0.0,0,1.0,1.0,"{""SAMSUNG"": 0, ""KAKAOPAY"": 0, ""HYUNDAI"": 0, ""KB"": 0, ""SHINHAN"": 0, ""MERITZ"": 0, ""DB"": 0}"
senior_long,monte_carlo,all,0.0,81,SAMSUNG|KAKAOPAY|HYUNDAI|KB|SHINHAN|MERITZ|DB,True,True,True,0.0,0,1.0,1.0,"{""SAMSUNG"": 0, ""KAKAOPAY"": 0, ""HYUNDAI"": 0, ""KB"": 0, ""SHINHAN"": 0, ""MERITZ"": 0, ""DB"": 0}"
senior_long,monte_carlo,all,0.0,82,SAMSUNG|KAKAOPAY|HYUNDAI|KB|SHINHAN|MERITZ|DB,True,True,True,0.0,0,1.0,1.0,"{""SAMSUNG"": 0, ""KAKAOPAY"": 0, ""HYUNDAI"": 0, ""KB"": 0, ""SHINHAN"": 0, ""MERITZ"": 0, ""DB"": 0}"
senior_long,monte_carlo,all,0.0,83,SAMSUNG|KAKAOPAY|HYUNDAI|KB|SHINHAN|MERITZ|DB,True,True,True,0.0,0,1.0,1.0,"{""SAMSUNG"": 0, ""KAKAOPAY"": 0, ""HYUNDAI"": 0, ""KB"": 0, ""SHINHAN"": 0, ""MERITZ"": 0, ""DB"": 0}"
senior_long,monte_carlo,all,0.0,84,SAMSUNG|KAKAOPAY|HYUNDAI|KB|SHINHAN|MERITZ|DB,True,True,True,0.0,0,1.0,1.0,"{""SAMSUNG"": 0, ""KAKAOPAY"": 0, ""HYUNDAI"": 0, ""KB"": 0, ""SHINHAN"": 0, ""MERITZ"": 0, ""DB"": 0}"
senior_long,monte_carlo,all,0.0,85,SAMSUNG|KAKAOPAY|HYUNDAI|KB|SHINHAN|MERITZ|DB,True,True,True,0.0,0,1.0,1.0,"{""SAMSUNG"": 0, ""KAKAOPAY"": 0, ""HYUNDAI"": 0, ""KB"": 0, ""SHINHAN"": 0, ""MERITZ"": 0, ""DB"": 0}"
senior_long,monte_carlo,all,0.0,86,SAMSUNG|KAKAOPAY|HYUNDAI|KB|SHINHAN|MERITZ|DB,True,True,True,0.0,0,1.0,1.0,"{""SAMSUNG"": 0, ""KAKAOPAY"": 0, ""HYUNDAI"": 0, ""KB"": 0, ""SHINHAN"": 0, ""MERITZ"": 0, ""DB"": 0}"
senior_long,monte_carlo,all,0.0,87,KAKAOPAY|SAMSUNG|HYUNDAI|KB|SHINHAN|MERITZ|DB,False,True,False,0.2857142857142857,1,0.9047619047619048,0.9642857142857143,"{""SAMSUNG"": 1, ""KAKAOPAY"": -1, ""HYUNDAI"": 0, ""KB"": 0, ""SHINHAN"": 0, ""MERITZ"": 0, ""DB"": 0}"
senior_long,monte_carlo,all,0.0,88,KAKAOPAY|SAMSUNG|HYUNDAI|KB|SHINHAN|MERITZ|DB,False,True,False,0.2857142857142857,1,0.9047619047619048,0.9642857142857143,"{""SAMSUNG"": 1, ""KAKAOPAY"": -1, ""HYUNDAI"": 0, ""KB"": 0, ""SHINHAN"": 0, ""MERITZ"": 0, ""DB"": 0}"
senior_long,monte_carlo,all,0.0,89,SAMSUNG|KAKAOPAY|HYUNDAI|KB|SHINHAN|MERITZ|DB,True,True,True,0.0,0,1.0,1.0,"{""SAMSUNG"": 0, ""KAKAOPAY"": 0, ""HYUNDAI"": 0, ""KB"": 0, ""SHINHAN"": 0, ""MERITZ"": 0, ""DB"": 0}"
senior_long,monte_carlo,all,0.0,90,KAKAOPAY|SAMSUNG|HYUNDAI|KB|SHINHAN|MERITZ|DB,False,True,False,0.2857142857142857,1,0.9047619047619048,0.9642857142857143,"{""SAMSUNG"": 1, ""KAKAOPAY"": -1, ""HYUNDAI"": 0, ""KB"": 0, ""SHINHAN"": 0, ""MERITZ"": 0, ""DB"": 0}"
senior_long,monte_carlo,all,0.0,91,SAMSUNG|KAKAOPAY|HYUNDAI|KB|SHINHAN|MERITZ|DB,True,True,True,0.0,0,1.0,1.0,"{""SAMSUNG"": 0, ""KAKAOPAY"": 0, ""HYUNDAI"": 0, ""KB"": 0, ""SHINHAN"": 0, ""MERITZ"": 0, ""DB"": 0}"
senior_long,monte_carlo,all,0.0,92,SAMSUNG|KAKAOPAY|HYUNDAI|KB|SHINHAN|MERITZ|DB,True,True,True,0.0,0,1.0,1.0,"{""SAMSUNG"": 0, ""KAKAOPAY"": 0, ""HYUNDAI"": 0, ""KB"": 0, ""SHINHAN"": 0, ""MERITZ"": 0, ""DB"": 0}"
senior_long,monte_carlo,all,0.0,93,KAKAOPAY|SAMSUNG|HYUNDAI|KB|SHINHAN|MERITZ|DB,False,True,False,0.2857142857142857,1,0.9047619047619048,0.9642857142857143,"{""SAMSUNG"": 1, ""KAKAOPAY"": -1, ""HYUNDAI"": 0, ""KB"": 0, ""SHINHAN"": 0, ""MERITZ"": 0, ""DB"": 0}"
senior_long,monte_carlo,all,0.0,94,SAMSUNG|KAKAOPAY|HYUNDAI|KB|SHINHAN|MERITZ|DB,True,True,True,0.0,0,1.0,1.0,"{""SAMSUNG"": 0, ""KAKAOPAY"": 0, ""HYUNDAI"": 0, ""KB"": 0, ""SHINHAN"": 0, ""MERITZ"": 0, ""DB"": 0}"
senior_long,monte_carlo,all,0.0,95,KAKAOPAY|SAMSUNG|HYUNDAI|KB|SHINHAN|MERITZ|DB,False,True,False,0.2857142857142857,1,0.9047619047619048,0.9642857142857143,"{""SAMSUNG"": 1, ""KAKAOPAY"": -1, ""HYUNDAI"": 0, ""KB"": 0, ""SHINHAN"": 0, ""MERITZ"": 0, ""DB"": 0}"
senior_long,monte_carlo,all,0.0,96,SAMSUNG|KAKAOPAY|HYUNDAI|KB|SHINHAN|MERITZ|DB,True,True,True,0.0,0,1.0,1.0,"{""SAMSUNG"": 0, ""KAKAOPAY"": 0, ""HYUNDAI"": 0, ""KB"": 0, ""SHINHAN"": 0, ""MERITZ"": 0, ""DB"": 0}"
senior_long,monte_carlo,all,0.0,97,KAKAOPAY|SAMSUNG|HYUNDAI|KB|SHINHAN|MERITZ|DB,False,True,False,0.2857142857142857,1,0.9047619047619048,0.9642857142857143,"{""SAMSUNG"": 1, ""KAKAOPAY"": -1, ""HYUNDAI"": 0, ""KB"": 0, ""SHINHAN"": 0, ""MERITZ"": 0, ""DB"": 0}"
senior_long,monte_carlo,all,0.0,98,SAMSUNG|KAKAOPAY|HYUNDAI|KB|SHINHAN|MERITZ|DB,True,True,True,0.0,0,1.0,1.0,"{""SAMSUNG"": 0, ""KAKAOPAY"": 0, ""HYUNDAI"": 0, ""KB"": 0, ""SHINHAN"": 0, ""MERITZ"": 0, ""DB"": 0}"
senior_long,monte_carlo,all,0.0,99,SAMSUNG|KAKAOPAY|HYUNDAI|KB|SHINHAN|MERITZ|DB,True,True,True,0.0,0,1.0,1.0,"{""SAMSUNG"": 0, ""KAKAOPAY"": 0, ""HYUNDAI"": 0, ""KB"": 0, ""SHINHAN"": 0, ""MERITZ"": 0, ""DB"": 0}"
senior_long,monte_carlo,all,0.0,100,SAMSUNG|KAKAOPAY|HYUNDAI|KB|SHINHAN|MERITZ|DB,True,True,True,0.0,0,1.0,1.0,"{""SAMSUNG"": 0, ""KAKAOPAY"": 0, ""HYUNDAI"": 0, ""KB"": 0, ""SHINHAN"": 0, ""MERITZ"": 0, ""DB"": 0}"
senior_long,monte_carlo,all,0.0,101,SAMSUNG|KAKAOPAY|HYUNDAI|KB|SHINHAN|MERITZ|DB,True,True,True,0.0,0,1.0,1.0,"{""SAMSUNG"": 0, ""KAKAOPAY"": 0, ""HYUNDAI"": 0, ""KB"": 0, ""SHINHAN"": 0, ""MERITZ"": 0, ""DB"": 0}"
senior_long,monte_carlo,all,0.0,102,KAKAOPAY|SAMSUNG|HYUNDAI|KB|SHINHAN|MERITZ|DB,False,True,False,0.2857142857142857,1,0.9047619047619048,0.9642857142857143,"{""SAMSUNG"": 1, ""KAKAOPAY"": -1, ""HYUNDAI"": 0, ""KB"": 0, ""SHINHAN"": 0, ""MERITZ"": 0, ""DB"": 0}"
senior_long,monte_carlo,all,0.0,103,SAMSUNG|KAKAOPAY|HYUNDAI|KB|SHINHAN|MERITZ|DB,True,True,True,0.0,0,1.0,1.0,"{""SAMSUNG"": 0, ""KAKAOPAY"": 0, ""HYUNDAI"": 0, ""KB"": 0, ""SHINHAN"": 0, ""MERITZ"": 0, ""DB"": 0}"
senior_long,monte_carlo,all,0.0,104,SAMSUNG|KAKAOPAY|HYUNDAI|KB|SHINHAN|MERITZ|DB,True,True,True,0.0,0,1.0,1.0,"{""SAMSUNG"": 0, ""KAKAOPAY"": 0, ""HYUNDAI"": 0, ""KB"": 0, ""SHINHAN"": 0, ""MERITZ"": 0, ""DB"": 0}"
senior_long,monte_carlo,all,0.0,105,KAKAOPAY|SAMSUNG|HYUNDAI|KB|SHINHAN|MERITZ|DB,False,True,False,0.2857142857142857,1,0.9047619047619048,0.9642857142857143,"{""SAMSUNG"": 1, ""KAKAOPAY"": -1, ""HYUNDAI"": 0, ""KB"": 0, ""SHINHAN"": 0, ""MERITZ"": 0, ""DB"": 0}"
senior_long,monte_carlo,all,0.0,106,SAMSUNG|KAKAOPAY|HYUNDAI|KB|SHINHAN|MERITZ|DB,True,True,True,0.0,0,1.0,1.0,"{""SAMSUNG"": 0, ""KAKAOPAY"": 0, ""HYUNDAI"": 0, ""KB"": 0, ""SHINHAN"": 0, ""MERITZ"": 0, ""DB"": 0}"
senior_long,monte_carlo,all,0.0,107,SAMSUNG|KAKAOPAY|HYUNDAI|KB|SHINHAN|MERITZ|DB,True,True,True,0.0,0,1.0,1.0,"{""SAMSUNG"": 0, ""KAKAOPAY"": 0, ""HYUNDAI"": 0, ""KB"": 0, ""SHINHAN"": 0, ""MERITZ"": 0, ""DB"": 0}"
senior_long,monte_carlo,all,0.0,108,SAMSUNG|KAKAOPAY|HYUNDAI|KB|SHINHAN|MERITZ|DB,True,True,True,0.0,0,1.0,1.0,"{""SAMSUNG"": 0, ""KAKAOPAY"": 0, ""HYUNDAI"": 0, ""KB"": 0, ""SHINHAN"": 0, ""MERITZ"": 0, ""DB"": 0}"
senior_long,monte_carlo,all,0.0,109,SAMSUNG|KAKAOPAY|HYUNDAI|KB|SHINHAN|MERITZ|DB,True,True,True,0.0,0,1.0,1.0,"{""SAMSUNG"": 0, ""KAKAOPAY"": 0, ""HYUNDAI"": 0, ""KB"": 0, ""SHINHAN"": 0, ""MERITZ"": 0, ""DB"": 0}"
senior_long,monte_carlo,all,0.0,110,SAMSUNG|KAKAOPAY|HYUNDAI|KB|SHINHAN|MERITZ|DB,True,True,True,0.0,0,1.0,1.0,"{""SAMSUNG"": 0, ""KAKAOPAY"": 0, ""HYUNDAI"": 0, ""KB"": 0, ""SHINHAN"": 0, ""MERITZ"": 0, ""DB"": 0}"
senior_long,monte_carlo,all,0.0,111,SAMSUNG|KAKAOPAY|HYUNDAI|KB|SHINHAN|MERITZ|DB,True,True,True,0.0,0,1.0,1.0,"{""SAMSUNG"": 0, ""KAKAOPAY"": 0, ""HYUNDAI"": 0, ""KB"": 0, ""SHINHAN"": 0, ""MERITZ"": 0, ""DB"": 0}"
senior_long,monte_carlo,all,0.0,112,SAMSUNG|KAKAOPAY|HYUNDAI|KB|SHINHAN|MERITZ|DB,True,True,True,0.0,0,1.0,1.0,"{""SAMSUNG"": 0, ""KAKAOPAY"": 0, ""HYUNDAI"": 0, ""KB"": 0, ""SHINHAN"": 0, ""MERITZ"": 0, ""DB"": 0}"
senior_long,monte_carlo,all,0.0,113,SAMSUNG|KAKAOPAY|HYUNDAI|KB|SHINHAN|MERITZ|DB,True,True,True,0.0,0,1.0,1.0,"{""SAMSUNG"": 0, ""KAKAOPAY"": 0, ""HYUNDAI"": 0, ""KB"": 0, ""SHINHAN"": 0, ""MERITZ"": 0, ""DB"": 0}"
senior_long,monte_carlo,all,0.0,114,SAMSUNG|KAKAOPAY|HYUNDAI|KB|SHINHAN|MERITZ|DB,True,True,True,0.0,0,1.0,1.0,"{""SAMSUNG"": 0, ""KAKAOPAY"": 0, ""HYUNDAI"": 0, ""KB"": 0, ""SHINHAN"": 0, ""MERITZ"": 0, ""DB"": 0}"
senior_long,monte_carlo,all,0.0,115,SAMSUNG|KAKAOPAY|HYUNDAI|KB|SHINHAN|MERITZ|DB,True,True,True,0.0,0,1.0,1.0,"{""SAMSUNG"": 0, ""KAKAOPAY"": 0, ""HYUNDAI"": 0, ""KB"": 0, ""SHINHAN"": 0, ""MERITZ"": 0, ""DB"": 0}"
senior_long,monte_carlo,all,0.0,116,SAMSUNG|KAKAOPAY|HYUNDAI|KB|SHINHAN|MERITZ|DB,True,True,True,0.0,0,1.0,1.0,"{""SAMSUNG"": 0, ""KAKAOPAY"": 0, ""HYUNDAI"": 0, ""KB"": 0, ""SHINHAN"": 0, ""MERITZ"": 0, ""DB"": 0}"
senior_long,monte_carlo,all,0.0,117,SAMSUNG|KAKAOPAY|HYUNDAI|KB|SHINHAN|MERITZ|DB,True,True,True,0.0,0,1.0,1.0,"{""SAMSUNG"": 0, ""KAKAOPAY"": 0, ""HYUNDAI"": 0, ""KB"": 0, ""SHINHAN"": 0, ""MERITZ"": 0, ""DB"": 0}"
senior_long,monte_carlo,all,0.0,118,SAMSUNG|KAKAOPAY|HYUNDAI|KB|SHINHAN|MERITZ|DB,True,True,True,0.0,0,1.0,1.0,"{""SAMSUNG"": 0, ""KAKAOPAY"": 0, ""HYUNDAI"": 0, ""KB"": 0, ""SHINHAN"": 0, ""MERITZ"": 0, ""DB"": 0}"
senior_long,monte_carlo,all,0.0,119,SAMSUNG|KAKAOPAY|HYUNDAI|KB|SHINHAN|MERITZ|DB,True,True,True,0.0,0,1.0,1.0,"{""SAMSUNG"": 0, ""KAKAOPAY"": 0, ""HYUNDAI"": 0, ""KB"": 0, ""SHINHAN"": 0, ""MERITZ"": 0, ""DB"": 0}"
senior_long,monte_carlo,all,0.0,120,SAMSUNG|KAKAOPAY|HYUNDAI|KB|SHINHAN|MERITZ|DB,True,True,True,0.0,0,1.0,1.0,"{""SAMSUNG"": 0, ""KAKAOPAY"": 0, ""HYUNDAI"": 0, ""KB"": 0, ""SHINHAN"": 0, ""MERITZ"": 0, ""DB"": 0}"
senior_long,monte_carlo,all,0.0,121,SAMSUNG|KAKAOPAY|HYUNDAI|KB|SHINHAN|MERITZ|DB,True,True,True,0.0,0,1.0,1.0,"{""SAMSUNG"": 0, ""KAKAOPAY"": 0, ""HYUNDAI"": 0, ""KB"": 0, ""SHINHAN"": 0, ""MERITZ"": 0, ""DB"": 0}"
senior_long,monte_carlo,all,0.0,122,SAMSUNG|KAKAOPAY|HYUNDAI|KB|SHINHAN|MERITZ|DB,True,True,True,0.0,0,1.0,1.0,"{""SAMSUNG"": 0, ""KAKAOPAY"": 0, ""HYUNDAI"": 0, ""KB"": 0, ""SHINHAN"": 0, ""MERITZ"": 0, ""DB"": 0}"
senior_long,monte_carlo,all,0.0,123,SAMSUNG|KAKAOPAY|HYUNDAI|KB|SHINHAN|MERITZ|DB,True,True,True,0.0,0,1.0,1.0,"{""SAMSUNG"": 0, ""KAKAOPAY"": 0, ""HYUNDAI"": 0, ""KB"": 0, ""SHINHAN"": 0, ""MERITZ"": 0, ""DB"": 0}"
senior_long,monte_carlo,all,0.0,124,KAKAOPAY|SAMSUNG|HYUNDAI|KB|SHINHAN|MERITZ|DB,False,True,False,0.2857142857142857,1,0.9047619047619048,0.9642857142857143,"{""SAMSUNG"": 1, ""KAKAOPAY"": -1, ""HYUNDAI"": 0, ""KB"": 0, ""SHINHAN"": 0, ""MERITZ"": 0, ""DB"": 0}"
senior_long,monte_carlo,all,0.0,125,SAMSUNG|KAKAOPAY|HYUNDAI|KB|SHINHAN|MERITZ|DB,True,True,True,0.0,0,1.0,1.0,"{""SAMSUNG"": 0, ""KAKAOPAY"": 0, ""HYUNDAI"": 0, ""KB"": 0, ""SHINHAN"": 0, ""MERITZ"": 0, ""DB"": 0}"
senior_long,monte_carlo,all,0.0,126,SAMSUNG|KAKAOPAY|HYUNDAI|KB|SHINHAN|MERITZ|DB,True,True,True,0.0,0,1.0,1.0,"{""SAMSUNG"": 0, ""KAKAOPAY"": 0, ""HYUNDAI"": 0, ""KB"": 0, ""SHINHAN"": 0, ""MERITZ"": 0, ""DB"": 0}"
senior_long,monte_carlo,all,0.0,127,SAMSUNG|KAKAOPAY|HYUNDAI|KB|SHINHAN|MERITZ|DB,True,True,True,0.0,0,1.0,1.0,"{""SAMSUNG"": 0, ""KAKAOPAY"": 0, ""HYUNDAI"": 0, ""KB"": 0, ""SHINHAN"": 0, ""MERITZ"": 0, ""DB"": 0}"
senior_long,monte_carlo,all,0.0,128,SAMSUNG|KAKAOPAY|HYUNDAI|KB|SHINHAN|MERITZ|DB,True,True,True,0.0,0,1.0,1.0,"{""SAMSUNG"": 0, ""KAKAOPAY"": 0, ""HYUNDAI"": 0, ""KB"": 0, ""SHINHAN"": 0, ""MERITZ"": 0, ""DB"": 0}"
senior_long,monte_carlo,all,0.0,129,SAMSUNG|KAKAOPAY|HYUNDAI|KB|SHINHAN|MERITZ|DB,True,True,True,0.0,0,1.0,1.0,"{""SAMSUNG"": 0, ""KAKAOPAY"": 0, ""HYUNDAI"": 0, ""KB"": 0, ""SHINHAN"": 0, ""MERITZ"": 0, ""DB"": 0}"
senior_long,monte_carlo,all,0.0,130,SAMSUNG|KAKAOPAY|HYUNDAI|KB|SHINHAN|MERITZ|DB,True,True,True,0.0,0,1.0,1.0,"{""SAMSUNG"": 0, ""KAKAOPAY"": 0, ""HYUNDAI"": 0, ""KB"": 0, ""SHINHAN"": 0, ""MERITZ"": 0, ""DB"": 0}"
senior_long,monte_carlo,all,0.0,131,SAMSUNG|KAKAOPAY|HYUNDAI|KB|SHINHAN|MERITZ|DB,True,True,True,0.0,0,1.0,1.0,"{""SAMSUNG"": 0, ""KAKAOPAY"": 0, ""HYUNDAI"": 0, ""KB"": 0, ""SHINHAN"": 0, ""MERITZ"": 0, ""DB"": 0}"
senior_long,monte_carlo,all,0.0,132,KAKAOPAY|SAMSUNG|HYUNDAI|KB|SHINHAN|MERITZ|DB,False,True,False,0.2857142857142857,1,0.9047619047619048,0.9642857142857143,"{""SAMSUNG"": 1, ""KAKAOPAY"": -1, ""HYUNDAI"": 0, ""KB"": 0, ""SHINHAN"": 0, ""MERITZ"": 0, ""DB"": 0}"
senior_long,monte_carlo,all,0.0,133,SAMSUNG|KAKAOPAY|HYUNDAI|KB|SHINHAN|MERITZ|DB,True,True,True,0.0,0,1.0,1.0,"{""SAMSUNG"": 0, ""KAKAOPAY"": 0, ""HYUNDAI"": 0, ""KB"": 0, ""SHINHAN"": 0, ""MERITZ"": 0, ""DB"": 0}"
senior_long,monte_carlo,all,0.0,134,SAMSUNG|KAKAOPAY|HYUNDAI|KB|SHINHAN|MERITZ|DB,True,True,True,0.0,0,1.0,1.0,"{""SAMSUNG"": 0, ""KAKAOPAY"": 0, ""HYUNDAI"": 0, ""KB"": 0, ""SHINHAN"": 0, ""MERITZ"": 0, ""DB"": 0}"
senior_long,monte_carlo,all,0.0,135,SAMSUNG|KAKAOPAY|HYUNDAI|KB|SHINHAN|MERITZ|DB,True,True,True,0.0,0,1.0,1.0,"{""SAMSUNG"": 0, ""KAKAOPAY"": 0, ""HYUNDAI"": 0, ""KB"": 0, ""SHINHAN"": 0, ""MERITZ"": 0, ""DB"": 0}"
senior_long,monte_carlo,all,0.0,136,KAKAOPAY|SAMSUNG|HYUNDAI|KB|SHINHAN|MERITZ|DB,False,True,False,0.2857142857142857,1,0.9047619047619048,0.9642857142857143,"{""SAMSUNG"": 1, ""KAKAOPAY"": -1, ""HYUNDAI"": 0, ""KB"": 0, ""SHINHAN"": 0, ""MERITZ"": 0, ""DB"": 0}"
senior_long,monte_carlo,all,0.0,137,SAMSUNG|KAKAOPAY|HYUNDAI|KB|SHINHAN|MERITZ|DB,True,True,True,0.0,0,1.0,1.0,"{""SAMSUNG"": 0, ""KAKAOPAY"": 0, ""HYUNDAI"": 0, ""KB"": 0, ""SHINHAN"": 0, ""MERITZ"": 0, ""DB"": 0}"
senior_long,monte_carlo,all,0.0,138,KAKAOPAY|SAMSUNG|HYUNDAI|KB|SHINHAN|MERITZ|DB,False,True,False,0.2857142857142857,1,0.9047619047619048,0.9642857142857143,"{""SAMSUNG"": 1, ""KAKAOPAY"": -1, ""HYUNDAI"": 0, ""KB"": 0, ""SHINHAN"": 0, ""MERITZ"": 0, ""DB"": 0}"
senior_long,monte_carlo,all,0.0,139,SAMSUNG|KAKAOPAY|HYUNDAI|KB|SHINHAN|MERITZ|DB,True,True,True,0.0,0,1.0,1.0,"{""SAMSUNG"": 0, ""KAKAOPAY"": 0, ""HYUNDAI"": 0, ""KB"": 0, ""SHINHAN"": 0, ""MERITZ"": 0, ""DB"": 0}"
senior_long,monte_carlo,all,0.0,140,KAKAOPAY|SAMSUNG|HYUNDAI|KB|SHINHAN|MERITZ|DB,False,True,False,0.2857142857142857,1,0.9047619047619048,0.9642857142857143,"{""SAMSUNG"": 1, ""KAKAOPAY"": -1, ""HYUNDAI"": 0, ""KB"": 0, ""SHINHAN"": 0, ""MERITZ"": 0, ""DB"": 0}"
senior_long,monte_carlo,all,0.0,141,SAMSUNG|KAKAOPAY|HYUNDAI|KB|SHINHAN|MERITZ|DB,True,True,True,0.0,0,1.0,1.0,"{""SAMSUNG"": 0, ""KAKAOPAY"": 0, ""HYUNDAI"": 0, ""KB"": 0, ""SHINHAN"": 0, ""MERITZ"": 0, ""DB"": 0}"
senior_long,monte_carlo,all,0.0,142,SAMSUNG|KAKAOPAY|HYUNDAI|KB|SHINHAN|MERITZ|DB,True,True,True,0.0,0,1.0,1.0,"{""SAMSUNG"": 0, ""KAKAOPAY"": 0, ""HYUNDAI"": 0, ""KB"": 0, ""SHINHAN"": 0, ""MERITZ"": 0, ""DB"": 0}"
senior_long,monte_carlo,all,0.0,143,SAMSUNG|KAKAOPAY|HYUNDAI|KB|SHINHAN|MERITZ|DB,True,True,True,0.0,0,1.0,1.0,"{""SAMSUNG"": 0, ""KAKAOPAY"": 0, ""HYUNDAI"": 0, ""KB"": 0, ""SHINHAN"": 0, ""MERITZ"": 0, ""DB"": 0}"
senior_long,monte_carlo,all,0.0,144,SAMSUNG|KAKAOPAY|HYUNDAI|KB|SHINHAN|MERITZ|DB,True,True,True,0.0,0,1.0,1.0,"{""SAMSUNG"": 0, ""KAKAOPAY"": 0, ""HYUNDAI"": 0, ""KB"": 0, ""SHINHAN"": 0, ""MERITZ"": 0, ""DB"": 0}"
senior_long,monte_carlo,all,0.0,145,KAKAOPAY|SAMSUNG|HYUNDAI|KB|SHINHAN|MERITZ|DB,False,True,False,0.2857142857142857,1,0.9047619047619048,0.9642857142857143,"{""SAMSUNG"": 1, ""KAKAOPAY"": -1, ""HYUNDAI"": 0, ""KB"": 0, ""SHINHAN"": 0, ""MERITZ"": 0, ""DB"": 0}"
senior_long,monte_carlo,all,0.0,146,SAMSUNG|KAKAOPAY|HYUNDAI|KB|SHINHAN|MERITZ|DB,True,True,True,0.0,0,1.0,1.0,"{""SAMSUNG"": 0, ""KAKAOPAY"": 0, ""HYUNDAI"": 0, ""KB"": 0, ""SHINHAN"": 0, ""MERITZ"": 0, ""DB"": 0}"
senior_long,monte_carlo,all,0.0,147,KAKAOPAY|SAMSUNG|HYUNDAI|KB|SHINHAN|MERITZ|DB,False,True,False,0.2857142857142857,1,0.9047619047619048,0.9642857142857143,"{""SAMSUNG"": 1, ""KAKAOPAY"": -1, ""HYUNDAI"": 0, ""KB"": 0, ""SHINHAN"": 0, ""MERITZ"": 0, ""DB"": 0}"
senior_long,monte_carlo,all,0.0,148,KAKAOPAY|SAMSUNG|HYUNDAI|KB|SHINHAN|MERITZ|DB,False,True,False,0.2857142857142857,1,0.9047619047619048,0.9642857142857143,"{""SAMSUNG"": 1, ""KAKAOPAY"": -1, ""HYUNDAI"": 0, ""KB"": 0, ""SHINHAN"": 0, ""MERITZ"": 0, ""DB"": 0}"
senior_long,monte_carlo,all,0.0,149,SAMSUNG|KAKAOPAY|HYUNDAI|KB|SHINHAN|MERITZ|DB,True,True,True,0.0,0,1.0,1.0,"{""SAMSUNG"": 0, ""KAKAOPAY"": 0, ""HYUNDAI"": 0, ""KB"": 0, ""SHINHAN"": 0, ""MERITZ"": 0, ""DB"": 0}"
senior_long,monte_carlo,all,0.0,150,SAMSUNG|KAKAOPAY|HYUNDAI|KB|SHINHAN|MERITZ|DB,True,True,True,0.0,0,1.0,1.0,"{""SAMSUNG"": 0, ""KAKAOPAY"": 0, ""HYUNDAI"": 0, ""KB"": 0, ""SHINHAN"": 0, ""MERITZ"": 0, ""DB"": 0}"
senior_long,monte_carlo,all,0.0,151,SAMSUNG|KAKAOPAY|HYUNDAI|KB|SHINHAN|MERITZ|DB,True,True,True,0.0,0,1.0,1.0,"{""SAMSUNG"": 0, ""KAKAOPAY"": 0, ""HYUNDAI"": 0, ""KB"": 0, ""SHINHAN"": 0, ""MERITZ"": 0, ""DB"": 0}"
senior_long,monte_carlo,all,0.0,152,KAKAOPAY|SAMSUNG|HYUNDAI|KB|SHINHAN|MERITZ|DB,False,True,False,0.2857142857142857,1,0.9047619047619048,0.9642857142857143,"{""SAMSUNG"": 1, ""KAKAOPAY"": -1, ""HYUNDAI"": 0, ""KB"": 0, ""SHINHAN"": 0, ""MERITZ"": 0, ""DB"": 0}"
senior_long,monte_carlo,all,0.0,153,SAMSUNG|KAKAOPAY|HYUNDAI|KB|SHINHAN|MERITZ|DB,True,True,True,0.0,0,1.0,1.0,"{""SAMSUNG"": 0, ""KAKAOPAY"": 0, ""HYUNDAI"": 0, ""KB"": 0, ""SHINHAN"": 0, ""MERITZ"": 0, ""DB"": 0}"
senior_long,monte_carlo,all,0.0,154,KAKAOPAY|SAMSUNG|HYUNDAI|KB|SHINHAN|MERITZ|DB,False,True,False,0.2857142857142857,1,0.9047619047619048,0.9642857142857143,"{""SAMSUNG"": 1, ""KAKAOPAY"": -1, ""HYUNDAI"": 0, ""KB"": 0, ""SHINHAN"": 0, ""MERITZ"": 0, ""DB"": 0}"
senior_long,monte_carlo,all,0.0,155,SAMSUNG|KAKAOPAY|HYUNDAI|KB|SHINHAN|MERITZ|DB,True,True,True,0.0,0,1.0,1.0,"{""SAMSUNG"": 0, ""KAKAOPAY"": 0, ""HYUNDAI"": 0, ""KB"": 0, ""SHINHAN"": 0, ""MERITZ"": 0, ""DB"": 0}"
senior_long,monte_carlo,all,0.0,156,KAKAOPAY|SAMSUNG|HYUNDAI|KB|SHINHAN|MERITZ|DB,False,True,False,0.2857142857142857,1,0.9047619047619048,0.9642857142857143,"{""SAMSUNG"": 1, ""KAKAOPAY"": -1, ""HYUNDAI"": 0, ""KB"": 0, ""SHINHAN"": 0, ""MERITZ"": 0, ""DB"": 0}"
senior_long,monte_carlo,all,0.0,157,SAMSUNG|KAKAOPAY|HYUNDAI|KB|SHINHAN|MERITZ|DB,True,True,True,0.0,0,1.0,1.0,"{""SAMSUNG"": 0, ""KAKAOPAY"": 0, ""HYUNDAI"": 0, ""KB"": 0, ""SHINHAN"": 0, ""MERITZ"": 0, ""DB"": 0}"
senior_long,monte_carlo,all,0.0,158,SAMSUNG|KAKAOPAY|HYUNDAI|KB|SHINHAN|MERITZ|DB,True,True,True,0.0,0,1.0,1.0,"{""SAMSUNG"": 0, ""KAKAOPAY"": 0, ""HYUNDAI"": 0, ""KB"": 0, ""SHINHAN"": 0, ""MERITZ"": 0, ""DB"": 0}"
senior_long,monte_carlo,all,0.0,159,SAMSUNG|KAKAOPAY|HYUNDAI|KB|SHINHAN|MERITZ|DB,True,True,True,0.0,0,1.0,1.0,"{""SAMSUNG"": 0, ""KAKAOPAY"": 0, ""HYUNDAI"": 0, ""KB"": 0, ""SHINHAN"": 0, ""MERITZ"": 0, ""DB"": 0}"
senior_long,monte_carlo,all,0.0,160,SAMSUNG|KAKAOPAY|HYUNDAI|KB|SHINHAN|MERITZ|DB,True,True,True,0.0,0,1.0,1.0,"{""SAMSUNG"": 0, ""KAKAOPAY"": 0, ""HYUNDAI"": 0, ""KB"": 0, ""SHINHAN"": 0, ""MERITZ"": 0, ""DB"": 0}"
senior_long,monte_carlo,all,0.0,161,SAMSUNG|KAKAOPAY|HYUNDAI|KB|SHINHAN|MERITZ|DB,True,True,True,0.0,0,1.0,1.0,"{""SAMSUNG"": 0, ""KAKAOPAY"": 0, ""HYUNDAI"": 0, ""KB"": 0, ""SHINHAN"": 0, ""MERITZ"": 0, ""DB"": 0}"
senior_long,monte_carlo,all,0.0,162,SAMSUNG|KAKAOPAY|HYUNDAI|KB|SHINHAN|MERITZ|DB,True,True,True,0.0,0,1.0,1.0,"{""SAMSUNG"": 0, ""KAKAOPAY"": 0, ""HYUNDAI"": 0, ""KB"": 0, ""SHINHAN"": 0, ""MERITZ"": 0, ""DB"": 0}"
senior_long,monte_carlo,all,0.0,163,KAKAOPAY|SAMSUNG|HYUNDAI|KB|SHINHAN|MERITZ|DB,False,True,False,0.2857142857142857,1,0.9047619047619048,0.9642857142857143,"{""SAMSUNG"": 1, ""KAKAOPAY"": -1, ""HYUNDAI"": 0, ""KB"": 0, ""SHINHAN"": 0, ""MERITZ"": 0, ""DB"": 0}"
senior_long,monte_carlo,all,0.0,164,KAKAOPAY|SAMSUNG|HYUNDAI|KB|SHINHAN|MERITZ|DB,False,True,False,0.2857142857142857,1,0.9047619047619048,0.9642857142857143,"{""SAMSUNG"": 1, ""KAKAOPAY"": -1, ""HYUNDAI"": 0, ""KB"": 0, ""SHINHAN"": 0, ""MERITZ"": 0, ""DB"": 0}"
senior_long,monte_carlo,all,0.0,165,SAMSUNG|KAKAOPAY|HYUNDAI|KB|SHINHAN|MERITZ|DB,True,True,True,0.0,0,1.0,1.0,"{""SAMSUNG"": 0, ""KAKAOPAY"": 0, ""HYUNDAI"": 0, ""KB"": 0, ""SHINHAN"": 0, ""MERITZ"": 0, ""DB"": 0}"
senior_long,monte_carlo,all,0.0,166,SAMSUNG|KAKAOPAY|HYUNDAI|KB|SHINHAN|MERITZ|DB,True,True,True,0.0,0,1.0,1.0,"{""SAMSUNG"": 0, ""KAKAOPAY"": 0, ""HYUNDAI"": 0, ""KB"": 0, ""SHINHAN"": 0, ""MERITZ"": 0, ""DB"": 0}"
senior_long,monte_carlo,all,0.0,167,KAKAOPAY|SAMSUNG|HYUNDAI|KB|SHINHAN|MERITZ|DB,False,True,False,0.2857142857142857,1,0.9047619047619048,0.9642857142857143,"{""SAMSUNG"": 1, ""KAKAOPAY"": -1, ""HYUNDAI"": 0, ""KB"": 0, ""SHINHAN"": 0, ""MERITZ"": 0, ""DB"": 0}"
senior_long,monte_carlo,all,0.0,168,SAMSUNG|KAKAOPAY|HYUNDAI|KB|SHINHAN|MERITZ|DB,True,True,True,0.0,0,1.0,1.0,"{""SAMSUNG"": 0, ""KAKAOPAY"": 0, ""HYUNDAI"": 0, ""KB"": 0, ""SHINHAN"": 0, ""MERITZ"": 0, ""DB"": 0}"
senior_long,monte_carlo,all,0.0,169,SAMSUNG|KAKAOPAY|HYUNDAI|KB|SHINHAN|MERITZ|DB,True,True,True,0.0,0,1.0,1.0,"{""SAMSUNG"": 0, ""KAKAOPAY"": 0, ""HYUNDAI"": 0, ""KB"": 0, ""SHINHAN"": 0, ""MERITZ"": 0, ""DB"": 0}"
senior_long,monte_carlo,all,0.0,170,SAMSUNG|KAKAOPAY|HYUNDAI|KB|SHINHAN|MERITZ|DB,True,True,True,0.0,0,1.0,1.0,"{""SAMSUNG"": 0, ""KAKAOPAY"": 0, ""HYUNDAI"": 0, ""KB"": 0, ""SHINHAN"": 0, ""MERITZ"": 0, ""DB"": 0}"
senior_long,monte_carlo,all,0.0,171,SAMSUNG|KAKAOPAY|HYUNDAI|KB|SHINHAN|MERITZ|DB,True,True,True,0.0,0,1.0,1.0,"{""SAMSUNG"": 0, ""KAKAOPAY"": 0, ""HYUNDAI"": 0, ""KB"": 0, ""SHINHAN"": 0, ""MERITZ"": 0, ""DB"": 0}"
senior_long,monte_carlo,all,0.0,172,KAKAOPAY|SAMSUNG|HYUNDAI|KB|SHINHAN|MERITZ|DB,False,True,False,0.2857142857142857,1,0.9047619047619048,0.9642857142857143,"{""SAMSUNG"": 1, ""KAKAOPAY"": -1, ""HYUNDAI"": 0, ""KB"": 0, ""SHINHAN"": 0, ""MERITZ"": 0, ""DB"": 0}"
senior_long,monte_carlo,all,0.0,173,SAMSUNG|KAKAOPAY|HYUNDAI|KB|SHINHAN|MERITZ|DB,True,True,True,0.0,0,1.0,1.0,"{""SAMSUNG"": 0, ""KAKAOPAY"": 0, ""HYUNDAI"": 0, ""KB"": 0, ""SHINHAN"": 0, ""MERITZ"": 0, ""DB"": 0}"
senior_long,monte_carlo,all,0.0,174,SAMSUNG|KAKAOPAY|HYUNDAI|KB|SHINHAN|MERITZ|DB,True,True,True,0.0,0,1.0,1.0,"{""SAMSUNG"": 0, ""KAKAOPAY"": 0, ""HYUNDAI"": 0, ""KB"": 0, ""SHINHAN"": 0, ""MERITZ"": 0, ""DB"": 0}"
senior_long,monte_carlo,all,0.0,175,SAMSUNG|KAKAOPAY|HYUNDAI|KB|SHINHAN|MERITZ|DB,True,True,True,0.0,0,1.0,1.0,"{""SAMSUNG"": 0, ""KAKAOPAY"": 0, ""HYUNDAI"": 0, ""KB"": 0, ""SHINHAN"": 0, ""MERITZ"": 0, ""DB"": 0}"
senior_long,monte_carlo,all,0.0,176,SAMSUNG|KAKAOPAY|HYUNDAI|KB|SHINHAN|MERITZ|DB,True,True,True,0.0,0,1.0,1.0,"{""SAMSUNG"": 0, ""KAKAOPAY"": 0, ""HYUNDAI"": 0, ""KB"": 0, ""SHINHAN"": 0, ""MERITZ"": 0, ""DB"": 0}"
senior_long,monte_carlo,all,0.0,177,SAMSUNG|KAKAOPAY|HYUNDAI|KB|SHINHAN|MERITZ|DB,True,True,True,0.0,0,1.0,1.0,"{""SAMSUNG"": 0, ""KAKAOPAY"": 0, ""HYUNDAI"": 0, ""KB"": 0, ""SHINHAN"": 0, ""MERITZ"": 0, ""DB"": 0}"
senior_long,monte_carlo,all,0.0,178,SAMSUNG|KAKAOPAY|HYUNDAI|KB|SHINHAN|MERITZ|DB,True,True,True,0.0,0,1.0,1.0,"{""SAMSUNG"": 0, ""KAKAOPAY"": 0, ""HYUNDAI"": 0, ""KB"": 0, ""SHINHAN"": 0, ""MERITZ"": 0, ""DB"": 0}"
senior_long,monte_carlo,all,0.0,179,SAMSUNG|KAKAOPAY|HYUNDAI|KB|SHINHAN|MERITZ|DB,True,True,True,0.0,0,1.0,1.0,"{""SAMSUNG"": 0, ""KAKAOPAY"": 0, ""HYUNDAI"": 0, ""KB"": 0, ""SHINHAN"": 0, ""MERITZ"": 0, ""DB"": 0}"
senior_long,monte_carlo,all,0.0,180,SAMSUNG|KAKAOPAY|HYUNDAI|KB|SHINHAN|MERITZ|DB,True,True,True,0.0,0,1.0,1.0,"{""SAMSUNG"": 0, ""KAKAOPAY"": 0, ""HYUNDAI"": 0, ""KB"": 0, ""SHINHAN"": 0, ""MERITZ"": 0, ""DB"": 0}"
senior_long,monte_carlo,all,0.0,181,SAMSUNG|KAKAOPAY|HYUNDAI|KB|SHINHAN|MERITZ|DB,True,True,True,0.0,0,1.0,1.0,"{""SAMSUNG"": 0, ""KAKAOPAY"": 0, ""HYUNDAI"": 0, ""KB"": 0, ""SHINHAN"": 0, ""MERITZ"": 0, ""DB"": 0}"
senior_long,monte_carlo,all,0.0,182,SAMSUNG|KAKAOPAY|HYUNDAI|KB|SHINHAN|MERITZ|DB,True,True,True,0.0,0,1.0,1.0,"{""SAMSUNG"": 0, ""KAKAOPAY"": 0, ""HYUNDAI"": 0, ""KB"": 0, ""SHINHAN"": 0, ""MERITZ"": 0, ""DB"": 0}"
senior_long,monte_carlo,all,0.0,183,SAMSUNG|KAKAOPAY|HYUNDAI|KB|SHINHAN|MERITZ|DB,True,True,True,0.0,0,1.0,1.0,"{""SAMSUNG"": 0, ""KAKAOPAY"": 0, ""HYUNDAI"": 0, ""KB"": 0, ""SHINHAN"": 0, ""MERITZ"": 0, ""DB"": 0}"
senior_long,monte_carlo,all,0.0,184,SAMSUNG|KAKAOPAY|HYUNDAI|KB|SHINHAN|MERITZ|DB,True,True,True,0.0,0,1.0,1.0,"{""SAMSUNG"": 0, ""KAKAOPAY"": 0, ""HYUNDAI"": 0, ""KB"": 0, ""SHINHAN"": 0, ""MERITZ"": 0, ""DB"": 0}"
senior_long,monte_carlo,all,0.0,185,SAMSUNG|KAKAOPAY|HYUNDAI|KB|SHINHAN|MERITZ|DB,True,True,True,0.0,0,1.0,1.0,"{""SAMSUNG"": 0, ""KAKAOPAY"": 0, ""HYUNDAI"": 0, ""KB"": 0, ""SHINHAN"": 0, ""MERITZ"": 0, ""DB"": 0}"
senior_long,monte_carlo,all,0.0,186,SAMSUNG|KAKAOPAY|HYUNDAI|KB|SHINHAN|MERITZ|DB,True,True,True,0.0,0,1.0,1.0,"{""SAMSUNG"": 0, ""KAKAOPAY"": 0, ""HYUNDAI"": 0, ""KB"": 0, ""SHINHAN"": 0, ""MERITZ"": 0, ""DB"": 0}"
senior_long,monte_carlo,all,0.0,187,SAMSUNG|KAKAOPAY|HYUNDAI|KB|SHINHAN|MERITZ|DB,True,True,True,0.0,0,1.0,1.0,"{""SAMSUNG"": 0, ""KAKAOPAY"": 0, ""HYUNDAI"": 0, ""KB"": 0, ""SHINHAN"": 0, ""MERITZ"": 0, ""DB"": 0}"
senior_long,monte_carlo,all,0.0,188,SAMSUNG|KAKAOPAY|HYUNDAI|KB|SHINHAN|MERITZ|DB,True,True,True,0.0,0,1.0,1.0,"{""SAMSUNG"": 0, ""KAKAOPAY"": 0, ""HYUNDAI"": 0, ""KB"": 0, ""SHINHAN"": 0, ""MERITZ"": 0, ""DB"": 0}"
senior_long,monte_carlo,all,0.0,189,SAMSUNG|KAKAOPAY|HYUNDAI|KB|SHINHAN|MERITZ|DB,True,True,True,0.0,0,1.0,1.0,"{""SAMSUNG"": 0, ""KAKAOPAY"": 0, ""HYUNDAI"": 0, ""KB"": 0, ""SHINHAN"": 0, ""MERITZ"": 0, ""DB"": 0}"
senior_long,monte_carlo,all,0.0,190,SAMSUNG|KAKAOPAY|HYUNDAI|KB|SHINHAN|MERITZ|DB,True,True,True,0.0,0,1.0,1.0,"{""SAMSUNG"": 0, ""KAKAOPAY"": 0, ""HYUNDAI"": 0, ""KB"": 0, ""SHINHAN"": 0, ""MERITZ"": 0, ""DB"": 0}"
senior_long,monte_carlo,all,0.0,191,SAMSUNG|KAKAOPAY|HYUNDAI|KB|SHINHAN|MERITZ|DB,True,True,True,0.0,0,1.0,1.0,"{""SAMSUNG"": 0, ""KAKAOPAY"": 0, ""HYUNDAI"": 0, ""KB"": 0, ""SHINHAN"": 0, ""MERITZ"": 0, ""DB"": 0}"
senior_long,monte_carlo,all,0.0,192,SAMSUNG|KAKAOPAY|HYUNDAI|KB|SHINHAN|MERITZ|DB,True,True,True,0.0,0,1.0,1.0,"{""SAMSUNG"": 0, ""KAKAOPAY"": 0, ""HYUNDAI"": 0, ""KB"": 0, ""SHINHAN"": 0, ""MERITZ"": 0, ""DB"": 0}"
senior_long,monte_carlo,all,0.0,193,SAMSUNG|KAKAOPAY|HYUNDAI|KB|SHINHAN|MERITZ|DB,True,True,True,0.0,0,1.0,1.0,"{""SAMSUNG"": 0, ""KAKAOPAY"": 0, ""HYUNDAI"": 0, ""KB"": 0, ""SHINHAN"": 0, ""MERITZ"": 0, ""DB"": 0}"
senior_long,monte_carlo,all,0.0,194,KAKAOPAY|SAMSUNG|HYUNDAI|KB|SHINHAN|MERITZ|DB,False,True,False,0.2857142857142857,1,0.9047619047619048,0.9642857142857143,"{""SAMSUNG"": 1, ""KAKAOPAY"": -1, ""HYUNDAI"": 0, ""KB"": 0, ""SHINHAN"": 0, ""MERITZ"": 0, ""DB"": 0}"
senior_long,monte_carlo,all,0.0,195,KAKAOPAY|SAMSUNG|HYUNDAI|KB|SHINHAN|MERITZ|DB,False,True,False,0.2857142857142857,1,0.9047619047619048,0.9642857142857143,"{""SAMSUNG"": 1, ""KAKAOPAY"": -1, ""HYUNDAI"": 0, ""KB"": 0, ""SHINHAN"": 0, ""MERITZ"": 0, ""DB"": 0}"
senior_long,monte_carlo,all,0.0,196,SAMSUNG|KAKAOPAY|HYUNDAI|KB|SHINHAN|MERITZ|DB,True,True,True,0.0,0,1.0,1.0,"{""SAMSUNG"": 0, ""KAKAOPAY"": 0, ""HYUNDAI"": 0, ""KB"": 0, ""SHINHAN"": 0, ""MERITZ"": 0, ""DB"": 0}"
senior_long,monte_carlo,all,0.0,197,KAKAOPAY|SAMSUNG|HYUNDAI|KB|SHINHAN|MERITZ|DB,False,True,False,0.2857142857142857,1,0.9047619047619048,0.9642857142857143,"{""SAMSUNG"": 1, ""KAKAOPAY"": -1, ""HYUNDAI"": 0, ""KB"": 0, ""SHINHAN"": 0, ""MERITZ"": 0, ""DB"": 0}"
senior_long,monte_carlo,all,0.0,198,SAMSUNG|KAKAOPAY|HYUNDAI|KB|SHINHAN|MERITZ|DB,True,True,True,0.0,0,1.0,1.0,"{""SAMSUNG"": 0, ""KAKAOPAY"": 0, ""HYUNDAI"": 0, ""KB"": 0, ""SHINHAN"": 0, ""MERITZ"": 0, ""DB"": 0}"
senior_long,monte_carlo,all,0.0,199,SAMSUNG|KAKAOPAY|HYUNDAI|KB|SHINHAN|MERITZ|DB,True,True,True,0.0,0,1.0,1.0,"{""SAMSUNG"": 0, ""KAKAOPAY"": 0, ""HYUNDAI"": 0, ""KB"": 0, ""SHINHAN"": 0, ""MERITZ"": 0, ""DB"": 0}"
high_risk,oat_heuristic,priority_multiplier,0.8,0,SHINHAN|KAKAOPAY|HYUNDAI|MERITZ|KB|DB|SAMSUNG,True,True,True,0.0,0,1.0,1.0,"{""SHINHAN"": 0, ""KAKAOPAY"": 0, ""HYUNDAI"": 0, ""MERITZ"": 0, ""KB"": 0, ""DB"": 0, ""SAMSUNG"": 0}"
high_risk,oat_heuristic,priority_multiplier,0.9,0,SHINHAN|KAKAOPAY|HYUNDAI|MERITZ|KB|DB|SAMSUNG,True,True,True,0.0,0,1.0,1.0,"{""SHINHAN"": 0, ""KAKAOPAY"": 0, ""HYUNDAI"": 0, ""MERITZ"": 0, ""KB"": 0, ""DB"": 0, ""SAMSUNG"": 0}"
high_risk,oat_heuristic,priority_multiplier,1.1,0,SHINHAN|KAKAOPAY|HYUNDAI|MERITZ|KB|DB|SAMSUNG,True,True,True,0.0,0,1.0,1.0,"{""SHINHAN"": 0, ""KAKAOPAY"": 0, ""HYUNDAI"": 0, ""MERITZ"": 0, ""KB"": 0, ""DB"": 0, ""SAMSUNG"": 0}"
high_risk,oat_heuristic,priority_multiplier,1.2,0,SHINHAN|KAKAOPAY|HYUNDAI|MERITZ|KB|DB|SAMSUNG,True,True,True,0.0,0,1.0,1.0,"{""SHINHAN"": 0, ""KAKAOPAY"": 0, ""HYUNDAI"": 0, ""MERITZ"": 0, ""KB"": 0, ""DB"": 0, ""SAMSUNG"": 0}"
high_risk,oat_heuristic,activity_bump,0.8,0,SHINHAN|KAKAOPAY|HYUNDAI|MERITZ|KB|DB|SAMSUNG,True,True,True,0.0,0,1.0,1.0,"{""SHINHAN"": 0, ""KAKAOPAY"": 0, ""HYUNDAI"": 0, ""MERITZ"": 0, ""KB"": 0, ""DB"": 0, ""SAMSUNG"": 0}"
high_risk,oat_heuristic,activity_bump,0.9,0,SHINHAN|KAKAOPAY|HYUNDAI|MERITZ|KB|DB|SAMSUNG,True,True,True,0.0,0,1.0,1.0,"{""SHINHAN"": 0, ""KAKAOPAY"": 0, ""HYUNDAI"": 0, ""MERITZ"": 0, ""KB"": 0, ""DB"": 0, ""SAMSUNG"": 0}"
high_risk,oat_heuristic,activity_bump,1.1,0,SHINHAN|KAKAOPAY|HYUNDAI|MERITZ|KB|DB|SAMSUNG,True,True,True,0.0,0,1.0,1.0,"{""SHINHAN"": 0, ""KAKAOPAY"": 0, ""HYUNDAI"": 0, ""MERITZ"": 0, ""KB"": 0, ""DB"": 0, ""SAMSUNG"": 0}"
high_risk,oat_heuristic,activity_bump,1.2,0,SHINHAN|KAKAOPAY|HYUNDAI|MERITZ|KB|DB|SAMSUNG,True,True,True,0.0,0,1.0,1.0,"{""SHINHAN"": 0, ""KAKAOPAY"": 0, ""HYUNDAI"": 0, ""MERITZ"": 0, ""KB"": 0, ""DB"": 0, ""SAMSUNG"": 0}"
high_risk,oat_heuristic,companion_bump,0.8,0,SHINHAN|KAKAOPAY|HYUNDAI|MERITZ|KB|DB|SAMSUNG,True,True,True,0.0,0,1.0,1.0,"{""SHINHAN"": 0, ""KAKAOPAY"": 0, ""HYUNDAI"": 0, ""MERITZ"": 0, ""KB"": 0, ""DB"": 0, ""SAMSUNG"": 0}"
high_risk,oat_heuristic,companion_bump,0.9,0,SHINHAN|KAKAOPAY|HYUNDAI|MERITZ|KB|DB|SAMSUNG,True,True,True,0.0,0,1.0,1.0,"{""SHINHAN"": 0, ""KAKAOPAY"": 0, ""HYUNDAI"": 0, ""MERITZ"": 0, ""KB"": 0, ""DB"": 0, ""SAMSUNG"": 0}"
high_risk,oat_heuristic,companion_bump,1.1,0,SHINHAN|KAKAOPAY|HYUNDAI|MERITZ|KB|DB|SAMSUNG,True,True,True,0.0,0,1.0,1.0,"{""SHINHAN"": 0, ""KAKAOPAY"": 0, ""HYUNDAI"": 0, ""MERITZ"": 0, ""KB"": 0, ""DB"": 0, ""SAMSUNG"": 0}"
high_risk,oat_heuristic,companion_bump,1.2,0,SHINHAN|KAKAOPAY|HYUNDAI|MERITZ|KB|DB|SAMSUNG,True,True,True,0.0,0,1.0,1.0,"{""SHINHAN"": 0, ""KAKAOPAY"": 0, ""HYUNDAI"": 0, ""MERITZ"": 0, ""KB"": 0, ""DB"": 0, ""SAMSUNG"": 0}"
high_risk,oat_heuristic,rental_car_bump,0.8,0,SHINHAN|KAKAOPAY|HYUNDAI|MERITZ|KB|DB|SAMSUNG,True,True,True,0.0,0,1.0,1.0,"{""SHINHAN"": 0, ""KAKAOPAY"": 0, ""HYUNDAI"": 0, ""MERITZ"": 0, ""KB"": 0, ""DB"": 0, ""SAMSUNG"": 0}"
high_risk,oat_heuristic,rental_car_bump,0.9,0,SHINHAN|KAKAOPAY|HYUNDAI|MERITZ|KB|DB|SAMSUNG,True,True,True,0.0,0,1.0,1.0,"{""SHINHAN"": 0, ""KAKAOPAY"": 0, ""HYUNDAI"": 0, ""MERITZ"": 0, ""KB"": 0, ""DB"": 0, ""SAMSUNG"": 0}"
high_risk,oat_heuristic,rental_car_bump,1.1,0,SHINHAN|KAKAOPAY|HYUNDAI|MERITZ|KB|DB|SAMSUNG,True,True,True,0.0,0,1.0,1.0,"{""SHINHAN"": 0, ""KAKAOPAY"": 0, ""HYUNDAI"": 0, ""MERITZ"": 0, ""KB"": 0, ""DB"": 0, ""SAMSUNG"": 0}"
high_risk,oat_heuristic,rental_car_bump,1.2,0,SHINHAN|KAKAOPAY|HYUNDAI|MERITZ|KB|DB|SAMSUNG,True,True,True,0.0,0,1.0,1.0,"{""SHINHAN"": 0, ""KAKAOPAY"": 0, ""HYUNDAI"": 0, ""MERITZ"": 0, ""KB"": 0, ""DB"": 0, ""SAMSUNG"": 0}"
high_risk,oat_heuristic,risk_emergency_bump,0.8,0,SHINHAN|KAKAOPAY|HYUNDAI|MERITZ|KB|DB|SAMSUNG,True,True,True,0.0,0,1.0,1.0,"{""SHINHAN"": 0, ""KAKAOPAY"": 0, ""HYUNDAI"": 0, ""MERITZ"": 0, ""KB"": 0, ""DB"": 0, ""SAMSUNG"": 0}"
high_risk,oat_heuristic,risk_emergency_bump,0.9,0,SHINHAN|KAKAOPAY|HYUNDAI|MERITZ|KB|DB|SAMSUNG,True,True,True,0.0,0,1.0,1.0,"{""SHINHAN"": 0, ""KAKAOPAY"": 0, ""HYUNDAI"": 0, ""MERITZ"": 0, ""KB"": 0, ""DB"": 0, ""SAMSUNG"": 0}"
high_risk,oat_heuristic,risk_emergency_bump,1.1,0,SHINHAN|KAKAOPAY|HYUNDAI|MERITZ|KB|DB|SAMSUNG,True,True,True,0.0,0,1.0,1.0,"{""SHINHAN"": 0, ""KAKAOPAY"": 0, ""HYUNDAI"": 0, ""MERITZ"": 0, ""KB"": 0, ""DB"": 0, ""SAMSUNG"": 0}"
high_risk,oat_heuristic,risk_emergency_bump,1.2,0,SHINHAN|KAKAOPAY|HYUNDAI|MERITZ|KB|DB|SAMSUNG,True,True,True,0.0,0,1.0,1.0,"{""SHINHAN"": 0, ""KAKAOPAY"": 0, ""HYUNDAI"": 0, ""MERITZ"": 0, ""KB"": 0, ""DB"": 0, ""SAMSUNG"": 0}"
high_risk,oat_heuristic,risk_illness_bump,0.8,0,SHINHAN|KAKAOPAY|HYUNDAI|MERITZ|KB|DB|SAMSUNG,True,True,True,0.0,0,1.0,1.0,"{""SHINHAN"": 0, ""KAKAOPAY"": 0, ""HYUNDAI"": 0, ""MERITZ"": 0, ""KB"": 0, ""DB"": 0, ""SAMSUNG"": 0}"
high_risk,oat_heuristic,risk_illness_bump,0.9,0,SHINHAN|KAKAOPAY|HYUNDAI|MERITZ|KB|DB|SAMSUNG,True,True,True,0.0,0,1.0,1.0,"{""SHINHAN"": 0, ""KAKAOPAY"": 0, ""HYUNDAI"": 0, ""MERITZ"": 0, ""KB"": 0, ""DB"": 0, ""SAMSUNG"": 0}"
high_risk,oat_heuristic,risk_illness_bump,1.1,0,SHINHAN|KAKAOPAY|HYUNDAI|MERITZ|KB|DB|SAMSUNG,True,True,True,0.0,0,1.0,1.0,"{""SHINHAN"": 0, ""KAKAOPAY"": 0, ""HYUNDAI"": 0, ""MERITZ"": 0, ""KB"": 0, ""DB"": 0, ""SAMSUNG"": 0}"
high_risk,oat_heuristic,risk_illness_bump,1.2,0,SHINHAN|KAKAOPAY|HYUNDAI|MERITZ|KB|DB|SAMSUNG,True,True,True,0.0,0,1.0,1.0,"{""SHINHAN"": 0, ""KAKAOPAY"": 0, ""HYUNDAI"": 0, ""MERITZ"": 0, ""KB"": 0, ""DB"": 0, ""SAMSUNG"": 0}"
high_risk,oat_heuristic,long_trip_bump,0.8,0,SHINHAN|KAKAOPAY|HYUNDAI|MERITZ|KB|DB|SAMSUNG,True,True,True,0.0,0,1.0,1.0,"{""SHINHAN"": 0, ""KAKAOPAY"": 0, ""HYUNDAI"": 0, ""MERITZ"": 0, ""KB"": 0, ""DB"": 0, ""SAMSUNG"": 0}"
high_risk,oat_heuristic,long_trip_bump,0.9,0,SHINHAN|KAKAOPAY|HYUNDAI|MERITZ|KB|DB|SAMSUNG,True,True,True,0.0,0,1.0,1.0,"{""SHINHAN"": 0, ""KAKAOPAY"": 0, ""HYUNDAI"": 0, ""MERITZ"": 0, ""KB"": 0, ""DB"": 0, ""SAMSUNG"": 0}"
high_risk,oat_heuristic,long_trip_bump,1.1,0,SHINHAN|KAKAOPAY|HYUNDAI|MERITZ|KB|DB|SAMSUNG,True,True,True,0.0,0,1.0,1.0,"{""SHINHAN"": 0, ""KAKAOPAY"": 0, ""HYUNDAI"": 0, ""MERITZ"": 0, ""KB"": 0, ""DB"": 0, ""SAMSUNG"": 0}"
high_risk,oat_heuristic,long_trip_bump,1.2,0,SHINHAN|KAKAOPAY|HYUNDAI|MERITZ|KB|DB|SAMSUNG,True,True,True,0.0,0,1.0,1.0,"{""SHINHAN"": 0, ""KAKAOPAY"": 0, ""HYUNDAI"": 0, ""MERITZ"": 0, ""KB"": 0, ""DB"": 0, ""SAMSUNG"": 0}"
high_risk,oat_heuristic,senior_illness_bump,0.8,0,SHINHAN|KAKAOPAY|HYUNDAI|MERITZ|KB|DB|SAMSUNG,True,True,True,0.0,0,1.0,1.0,"{""SHINHAN"": 0, ""KAKAOPAY"": 0, ""HYUNDAI"": 0, ""MERITZ"": 0, ""KB"": 0, ""DB"": 0, ""SAMSUNG"": 0}"
high_risk,oat_heuristic,senior_illness_bump,0.9,0,SHINHAN|KAKAOPAY|HYUNDAI|MERITZ|KB|DB|SAMSUNG,True,True,True,0.0,0,1.0,1.0,"{""SHINHAN"": 0, ""KAKAOPAY"": 0, ""HYUNDAI"": 0, ""MERITZ"": 0, ""KB"": 0, ""DB"": 0, ""SAMSUNG"": 0}"
high_risk,oat_heuristic,senior_illness_bump,1.1,0,SHINHAN|KAKAOPAY|HYUNDAI|MERITZ|KB|DB|SAMSUNG,True,True,True,0.0,0,1.0,1.0,"{""SHINHAN"": 0, ""KAKAOPAY"": 0, ""HYUNDAI"": 0, ""MERITZ"": 0, ""KB"": 0, ""DB"": 0, ""SAMSUNG"": 0}"
high_risk,oat_heuristic,senior_illness_bump,1.2,0,SHINHAN|KAKAOPAY|HYUNDAI|MERITZ|KB|DB|SAMSUNG,True,True,True,0.0,0,1.0,1.0,"{""SHINHAN"": 0, ""KAKAOPAY"": 0, ""HYUNDAI"": 0, ""MERITZ"": 0, ""KB"": 0, ""DB"": 0, ""SAMSUNG"": 0}"
high_risk,oat_heuristic,senior_emergency_bump,0.8,0,SHINHAN|KAKAOPAY|HYUNDAI|MERITZ|KB|DB|SAMSUNG,True,True,True,0.0,0,1.0,1.0,"{""SHINHAN"": 0, ""KAKAOPAY"": 0, ""HYUNDAI"": 0, ""MERITZ"": 0, ""KB"": 0, ""DB"": 0, ""SAMSUNG"": 0}"
high_risk,oat_heuristic,senior_emergency_bump,0.9,0,SHINHAN|KAKAOPAY|HYUNDAI|MERITZ|KB|DB|SAMSUNG,True,True,True,0.0,0,1.0,1.0,"{""SHINHAN"": 0, ""KAKAOPAY"": 0, ""HYUNDAI"": 0, ""MERITZ"": 0, ""KB"": 0, ""DB"": 0, ""SAMSUNG"": 0}"
high_risk,oat_heuristic,senior_emergency_bump,1.1,0,SHINHAN|KAKAOPAY|HYUNDAI|MERITZ|KB|DB|SAMSUNG,True,True,True,0.0,0,1.0,1.0,"{""SHINHAN"": 0, ""KAKAOPAY"": 0, ""HYUNDAI"": 0, ""MERITZ"": 0, ""KB"": 0, ""DB"": 0, ""SAMSUNG"": 0}"
high_risk,oat_heuristic,senior_emergency_bump,1.2,0,SHINHAN|KAKAOPAY|HYUNDAI|MERITZ|KB|DB|SAMSUNG,True,True,True,0.0,0,1.0,1.0,"{""SHINHAN"": 0, ""KAKAOPAY"": 0, ""HYUNDAI"": 0, ""MERITZ"": 0, ""KB"": 0, ""DB"": 0, ""SAMSUNG"": 0}"
high_risk,oat_axis,axis:amount,0.8,0,SHINHAN|KAKAOPAY|HYUNDAI|MERITZ|KB|DB|SAMSUNG,True,True,True,0.0,0,1.0,1.0,"{""SHINHAN"": 0, ""KAKAOPAY"": 0, ""HYUNDAI"": 0, ""MERITZ"": 0, ""KB"": 0, ""DB"": 0, ""SAMSUNG"": 0}"
high_risk,oat_axis,axis:amount,0.9,0,SHINHAN|KAKAOPAY|HYUNDAI|MERITZ|KB|DB|SAMSUNG,True,True,True,0.0,0,1.0,1.0,"{""SHINHAN"": 0, ""KAKAOPAY"": 0, ""HYUNDAI"": 0, ""MERITZ"": 0, ""KB"": 0, ""DB"": 0, ""SAMSUNG"": 0}"
high_risk,oat_axis,axis:amount,1.1,0,SHINHAN|KAKAOPAY|HYUNDAI|MERITZ|KB|DB|SAMSUNG,True,True,True,0.0,0,1.0,1.0,"{""SHINHAN"": 0, ""KAKAOPAY"": 0, ""HYUNDAI"": 0, ""MERITZ"": 0, ""KB"": 0, ""DB"": 0, ""SAMSUNG"": 0}"
high_risk,oat_axis,axis:amount,1.2,0,SHINHAN|KAKAOPAY|HYUNDAI|MERITZ|KB|DB|SAMSUNG,True,True,True,0.0,0,1.0,1.0,"{""SHINHAN"": 0, ""KAKAOPAY"": 0, ""HYUNDAI"": 0, ""MERITZ"": 0, ""KB"": 0, ""DB"": 0, ""SAMSUNG"": 0}"
high_risk,oat_axis,axis:clause,0.8,0,SHINHAN|KAKAOPAY|HYUNDAI|MERITZ|KB|DB|SAMSUNG,True,True,True,0.0,0,1.0,1.0,"{""SHINHAN"": 0, ""KAKAOPAY"": 0, ""HYUNDAI"": 0, ""MERITZ"": 0, ""KB"": 0, ""DB"": 0, ""SAMSUNG"": 0}"
high_risk,oat_axis,axis:clause,0.9,0,SHINHAN|KAKAOPAY|HYUNDAI|MERITZ|KB|DB|SAMSUNG,True,True,True,0.0,0,1.0,1.0,"{""SHINHAN"": 0, ""KAKAOPAY"": 0, ""HYUNDAI"": 0, ""MERITZ"": 0, ""KB"": 0, ""DB"": 0, ""SAMSUNG"": 0}"
high_risk,oat_axis,axis:clause,1.1,0,SHINHAN|KAKAOPAY|HYUNDAI|MERITZ|KB|DB|SAMSUNG,True,True,True,0.0,0,1.0,1.0,"{""SHINHAN"": 0, ""KAKAOPAY"": 0, ""HYUNDAI"": 0, ""MERITZ"": 0, ""KB"": 0, ""DB"": 0, ""SAMSUNG"": 0}"
high_risk,oat_axis,axis:clause,1.2,0,SHINHAN|KAKAOPAY|HYUNDAI|MERITZ|KB|DB|SAMSUNG,True,True,True,0.0,0,1.0,1.0,"{""SHINHAN"": 0, ""KAKAOPAY"": 0, ""HYUNDAI"": 0, ""MERITZ"": 0, ""KB"": 0, ""DB"": 0, ""SAMSUNG"": 0}"
high_risk,oat_axis,axis:price,0.8,0,SHINHAN|KAKAOPAY|HYUNDAI|MERITZ|KB|DB|SAMSUNG,True,True,True,0.0,0,1.0,1.0,"{""SHINHAN"": 0, ""KAKAOPAY"": 0, ""HYUNDAI"": 0, ""MERITZ"": 0, ""KB"": 0, ""DB"": 0, ""SAMSUNG"": 0}"
high_risk,oat_axis,axis:price,0.9,0,SHINHAN|KAKAOPAY|HYUNDAI|MERITZ|KB|DB|SAMSUNG,True,True,True,0.0,0,1.0,1.0,"{""SHINHAN"": 0, ""KAKAOPAY"": 0, ""HYUNDAI"": 0, ""MERITZ"": 0, ""KB"": 0, ""DB"": 0, ""SAMSUNG"": 0}"
high_risk,oat_axis,axis:price,1.1,0,SHINHAN|KAKAOPAY|HYUNDAI|MERITZ|KB|DB|SAMSUNG,True,True,True,0.0,0,1.0,1.0,"{""SHINHAN"": 0, ""KAKAOPAY"": 0, ""HYUNDAI"": 0, ""MERITZ"": 0, ""KB"": 0, ""DB"": 0, ""SAMSUNG"": 0}"
high_risk,oat_axis,axis:price,1.2,0,SHINHAN|KAKAOPAY|HYUNDAI|MERITZ|KB|DB|SAMSUNG,True,True,True,0.0,0,1.0,1.0,"{""SHINHAN"": 0, ""KAKAOPAY"": 0, ""HYUNDAI"": 0, ""MERITZ"": 0, ""KB"": 0, ""DB"": 0, ""SAMSUNG"": 0}"
high_risk,oat_axis,axis:overlap,0.8,0,SHINHAN|KAKAOPAY|HYUNDAI|MERITZ|KB|DB|SAMSUNG,True,True,True,0.0,0,1.0,1.0,"{""SHINHAN"": 0, ""KAKAOPAY"": 0, ""HYUNDAI"": 0, ""MERITZ"": 0, ""KB"": 0, ""DB"": 0, ""SAMSUNG"": 0}"
high_risk,oat_axis,axis:overlap,0.9,0,SHINHAN|KAKAOPAY|HYUNDAI|MERITZ|KB|DB|SAMSUNG,True,True,True,0.0,0,1.0,1.0,"{""SHINHAN"": 0, ""KAKAOPAY"": 0, ""HYUNDAI"": 0, ""MERITZ"": 0, ""KB"": 0, ""DB"": 0, ""SAMSUNG"": 0}"
high_risk,oat_axis,axis:overlap,1.1,0,SHINHAN|KAKAOPAY|HYUNDAI|MERITZ|KB|DB|SAMSUNG,True,True,True,0.0,0,1.0,1.0,"{""SHINHAN"": 0, ""KAKAOPAY"": 0, ""HYUNDAI"": 0, ""MERITZ"": 0, ""KB"": 0, ""DB"": 0, ""SAMSUNG"": 0}"
high_risk,oat_axis,axis:overlap,1.2,0,SHINHAN|KAKAOPAY|HYUNDAI|MERITZ|KB|DB|SAMSUNG,True,True,True,0.0,0,1.0,1.0,"{""SHINHAN"": 0, ""KAKAOPAY"": 0, ""HYUNDAI"": 0, ""MERITZ"": 0, ""KB"": 0, ""DB"": 0, ""SAMSUNG"": 0}"
high_risk,oat_axis,axis:activity,0.8,0,SHINHAN|KAKAOPAY|HYUNDAI|MERITZ|KB|DB|SAMSUNG,True,True,True,0.0,0,1.0,1.0,"{""SHINHAN"": 0, ""KAKAOPAY"": 0, ""HYUNDAI"": 0, ""MERITZ"": 0, ""KB"": 0, ""DB"": 0, ""SAMSUNG"": 0}"
high_risk,oat_axis,axis:activity,0.9,0,SHINHAN|KAKAOPAY|HYUNDAI|MERITZ|KB|DB|SAMSUNG,True,True,True,0.0,0,1.0,1.0,"{""SHINHAN"": 0, ""KAKAOPAY"": 0, ""HYUNDAI"": 0, ""MERITZ"": 0, ""KB"": 0, ""DB"": 0, ""SAMSUNG"": 0}"
high_risk,oat_axis,axis:activity,1.1,0,SHINHAN|KAKAOPAY|HYUNDAI|MERITZ|KB|DB|SAMSUNG,True,True,True,0.0,0,1.0,1.0,"{""SHINHAN"": 0, ""KAKAOPAY"": 0, ""HYUNDAI"": 0, ""MERITZ"": 0, ""KB"": 0, ""DB"": 0, ""SAMSUNG"": 0}"
high_risk,oat_axis,axis:activity,1.2,0,SHINHAN|KAKAOPAY|HYUNDAI|MERITZ|KB|DB|SAMSUNG,True,True,True,0.0,0,1.0,1.0,"{""SHINHAN"": 0, ""KAKAOPAY"": 0, ""HYUNDAI"": 0, ""MERITZ"": 0, ""KB"": 0, ""DB"": 0, ""SAMSUNG"": 0}"
high_risk,monte_carlo,all,0.0,0,SHINHAN|KAKAOPAY|HYUNDAI|MERITZ|KB|DB|SAMSUNG,True,True,True,0.0,0,1.0,1.0,"{""SHINHAN"": 0, ""KAKAOPAY"": 0, ""HYUNDAI"": 0, ""MERITZ"": 0, ""KB"": 0, ""DB"": 0, ""SAMSUNG"": 0}"
high_risk,monte_carlo,all,0.0,1,SHINHAN|KAKAOPAY|HYUNDAI|MERITZ|KB|DB|SAMSUNG,True,True,True,0.0,0,1.0,1.0,"{""SHINHAN"": 0, ""KAKAOPAY"": 0, ""HYUNDAI"": 0, ""MERITZ"": 0, ""KB"": 0, ""DB"": 0, ""SAMSUNG"": 0}"
high_risk,monte_carlo,all,0.0,2,SHINHAN|KAKAOPAY|HYUNDAI|MERITZ|KB|DB|SAMSUNG,True,True,True,0.0,0,1.0,1.0,"{""SHINHAN"": 0, ""KAKAOPAY"": 0, ""HYUNDAI"": 0, ""MERITZ"": 0, ""KB"": 0, ""DB"": 0, ""SAMSUNG"": 0}"
high_risk,monte_carlo,all,0.0,3,SHINHAN|KAKAOPAY|HYUNDAI|MERITZ|KB|DB|SAMSUNG,True,True,True,0.0,0,1.0,1.0,"{""SHINHAN"": 0, ""KAKAOPAY"": 0, ""HYUNDAI"": 0, ""MERITZ"": 0, ""KB"": 0, ""DB"": 0, ""SAMSUNG"": 0}"
high_risk,monte_carlo,all,0.0,4,SHINHAN|KAKAOPAY|HYUNDAI|MERITZ|KB|DB|SAMSUNG,True,True,True,0.0,0,1.0,1.0,"{""SHINHAN"": 0, ""KAKAOPAY"": 0, ""HYUNDAI"": 0, ""MERITZ"": 0, ""KB"": 0, ""DB"": 0, ""SAMSUNG"": 0}"
high_risk,monte_carlo,all,0.0,5,SHINHAN|KAKAOPAY|HYUNDAI|MERITZ|KB|DB|SAMSUNG,True,True,True,0.0,0,1.0,1.0,"{""SHINHAN"": 0, ""KAKAOPAY"": 0, ""HYUNDAI"": 0, ""MERITZ"": 0, ""KB"": 0, ""DB"": 0, ""SAMSUNG"": 0}"
high_risk,monte_carlo,all,0.0,6,SHINHAN|KAKAOPAY|HYUNDAI|MERITZ|KB|DB|SAMSUNG,True,True,True,0.0,0,1.0,1.0,"{""SHINHAN"": 0, ""KAKAOPAY"": 0, ""HYUNDAI"": 0, ""MERITZ"": 0, ""KB"": 0, ""DB"": 0, ""SAMSUNG"": 0}"
high_risk,monte_carlo,all,0.0,7,SHINHAN|KAKAOPAY|HYUNDAI|MERITZ|KB|DB|SAMSUNG,True,True,True,0.0,0,1.0,1.0,"{""SHINHAN"": 0, ""KAKAOPAY"": 0, ""HYUNDAI"": 0, ""MERITZ"": 0, ""KB"": 0, ""DB"": 0, ""SAMSUNG"": 0}"
high_risk,monte_carlo,all,0.0,8,SHINHAN|KAKAOPAY|HYUNDAI|MERITZ|KB|DB|SAMSUNG,True,True,True,0.0,0,1.0,1.0,"{""SHINHAN"": 0, ""KAKAOPAY"": 0, ""HYUNDAI"": 0, ""MERITZ"": 0, ""KB"": 0, ""DB"": 0, ""SAMSUNG"": 0}"
high_risk,monte_carlo,all,0.0,9,SHINHAN|KAKAOPAY|HYUNDAI|MERITZ|KB|DB|SAMSUNG,True,True,True,0.0,0,1.0,1.0,"{""SHINHAN"": 0, ""KAKAOPAY"": 0, ""HYUNDAI"": 0, ""MERITZ"": 0, ""KB"": 0, ""DB"": 0, ""SAMSUNG"": 0}"
high_risk,monte_carlo,all,0.0,10,SHINHAN|KAKAOPAY|HYUNDAI|MERITZ|KB|DB|SAMSUNG,True,True,True,0.0,0,1.0,1.0,"{""SHINHAN"": 0, ""KAKAOPAY"": 0, ""HYUNDAI"": 0, ""MERITZ"": 0, ""KB"": 0, ""DB"": 0, ""SAMSUNG"": 0}"
high_risk,monte_carlo,all,0.0,11,SHINHAN|KAKAOPAY|HYUNDAI|MERITZ|KB|DB|SAMSUNG,True,True,True,0.0,0,1.0,1.0,"{""SHINHAN"": 0, ""KAKAOPAY"": 0, ""HYUNDAI"": 0, ""MERITZ"": 0, ""KB"": 0, ""DB"": 0, ""SAMSUNG"": 0}"
high_risk,monte_carlo,all,0.0,12,SHINHAN|KAKAOPAY|HYUNDAI|MERITZ|KB|DB|SAMSUNG,True,True,True,0.0,0,1.0,1.0,"{""SHINHAN"": 0, ""KAKAOPAY"": 0, ""HYUNDAI"": 0, ""MERITZ"": 0, ""KB"": 0, ""DB"": 0, ""SAMSUNG"": 0}"
high_risk,monte_carlo,all,0.0,13,SHINHAN|KAKAOPAY|HYUNDAI|MERITZ|KB|DB|SAMSUNG,True,True,True,0.0,0,1.0,1.0,"{""SHINHAN"": 0, ""KAKAOPAY"": 0, ""HYUNDAI"": 0, ""MERITZ"": 0, ""KB"": 0, ""DB"": 0, ""SAMSUNG"": 0}"
high_risk,monte_carlo,all,0.0,14,SHINHAN|KAKAOPAY|HYUNDAI|MERITZ|KB|DB|SAMSUNG,True,True,True,0.0,0,1.0,1.0,"{""SHINHAN"": 0, ""KAKAOPAY"": 0, ""HYUNDAI"": 0, ""MERITZ"": 0, ""KB"": 0, ""DB"": 0, ""SAMSUNG"": 0}"
high_risk,monte_carlo,all,0.0,15,SHINHAN|KAKAOPAY|HYUNDAI|MERITZ|KB|DB|SAMSUNG,True,True,True,0.0,0,1.0,1.0,"{""SHINHAN"": 0, ""KAKAOPAY"": 0, ""HYUNDAI"": 0, ""MERITZ"": 0, ""KB"": 0, ""DB"": 0, ""SAMSUNG"": 0}"
high_risk,monte_carlo,all,0.0,16,SHINHAN|KAKAOPAY|HYUNDAI|MERITZ|KB|DB|SAMSUNG,True,True,True,0.0,0,1.0,1.0,"{""SHINHAN"": 0, ""KAKAOPAY"": 0, ""HYUNDAI"": 0, ""MERITZ"": 0, ""KB"": 0, ""DB"": 0, ""SAMSUNG"": 0}"
high_risk,monte_carlo,all,0.0,17,SHINHAN|KAKAOPAY|HYUNDAI|MERITZ|KB|DB|SAMSUNG,True,True,True,0.0,0,1.0,1.0,"{""SHINHAN"": 0, ""KAKAOPAY"": 0, ""HYUNDAI"": 0, ""MERITZ"": 0, ""KB"": 0, ""DB"": 0, ""SAMSUNG"": 0}"
high_risk,monte_carlo,all,0.0,18,SHINHAN|KAKAOPAY|HYUNDAI|MERITZ|KB|DB|SAMSUNG,True,True,True,0.0,0,1.0,1.0,"{""SHINHAN"": 0, ""KAKAOPAY"": 0, ""HYUNDAI"": 0, ""MERITZ"": 0, ""KB"": 0, ""DB"": 0, ""SAMSUNG"": 0}"
high_risk,monte_carlo,all,0.0,19,SHINHAN|KAKAOPAY|HYUNDAI|MERITZ|KB|DB|SAMSUNG,True,True,True,0.0,0,1.0,1.0,"{""SHINHAN"": 0, ""KAKAOPAY"": 0, ""HYUNDAI"": 0, ""MERITZ"": 0, ""KB"": 0, ""DB"": 0, ""SAMSUNG"": 0}"
high_risk,monte_carlo,all,0.0,20,SHINHAN|KAKAOPAY|HYUNDAI|MERITZ|KB|DB|SAMSUNG,True,True,True,0.0,0,1.0,1.0,"{""SHINHAN"": 0, ""KAKAOPAY"": 0, ""HYUNDAI"": 0, ""MERITZ"": 0, ""KB"": 0, ""DB"": 0, ""SAMSUNG"": 0}"
high_risk,monte_carlo,all,0.0,21,SHINHAN|KAKAOPAY|HYUNDAI|MERITZ|KB|DB|SAMSUNG,True,True,True,0.0,0,1.0,1.0,"{""SHINHAN"": 0, ""KAKAOPAY"": 0, ""HYUNDAI"": 0, ""MERITZ"": 0, ""KB"": 0, ""DB"": 0, ""SAMSUNG"": 0}"
high_risk,monte_carlo,all,0.0,22,SHINHAN|KAKAOPAY|HYUNDAI|MERITZ|KB|DB|SAMSUNG,True,True,True,0.0,0,1.0,1.0,"{""SHINHAN"": 0, ""KAKAOPAY"": 0, ""HYUNDAI"": 0, ""MERITZ"": 0, ""KB"": 0, ""DB"": 0, ""SAMSUNG"": 0}"
high_risk,monte_carlo,all,0.0,23,SHINHAN|KAKAOPAY|HYUNDAI|MERITZ|KB|DB|SAMSUNG,True,True,True,0.0,0,1.0,1.0,"{""SHINHAN"": 0, ""KAKAOPAY"": 0, ""HYUNDAI"": 0, ""MERITZ"": 0, ""KB"": 0, ""DB"": 0, ""SAMSUNG"": 0}"
high_risk,monte_carlo,all,0.0,24,SHINHAN|KAKAOPAY|HYUNDAI|MERITZ|KB|DB|SAMSUNG,True,True,True,0.0,0,1.0,1.0,"{""SHINHAN"": 0, ""KAKAOPAY"": 0, ""HYUNDAI"": 0, ""MERITZ"": 0, ""KB"": 0, ""DB"": 0, ""SAMSUNG"": 0}"
high_risk,monte_carlo,all,0.0,25,SHINHAN|KAKAOPAY|HYUNDAI|MERITZ|KB|DB|SAMSUNG,True,True,True,0.0,0,1.0,1.0,"{""SHINHAN"": 0, ""KAKAOPAY"": 0, ""HYUNDAI"": 0, ""MERITZ"": 0, ""KB"": 0, ""DB"": 0, ""SAMSUNG"": 0}"
high_risk,monte_carlo,all,0.0,26,SHINHAN|KAKAOPAY|HYUNDAI|MERITZ|KB|DB|SAMSUNG,True,True,True,0.0,0,1.0,1.0,"{""SHINHAN"": 0, ""KAKAOPAY"": 0, ""HYUNDAI"": 0, ""MERITZ"": 0, ""KB"": 0, ""DB"": 0, ""SAMSUNG"": 0}"
high_risk,monte_carlo,all,0.0,27,SHINHAN|KAKAOPAY|HYUNDAI|MERITZ|KB|DB|SAMSUNG,True,True,True,0.0,0,1.0,1.0,"{""SHINHAN"": 0, ""KAKAOPAY"": 0, ""HYUNDAI"": 0, ""MERITZ"": 0, ""KB"": 0, ""DB"": 0, ""SAMSUNG"": 0}"
high_risk,monte_carlo,all,0.0,28,SHINHAN|KAKAOPAY|HYUNDAI|MERITZ|KB|DB|SAMSUNG,True,True,True,0.0,0,1.0,1.0,"{""SHINHAN"": 0, ""KAKAOPAY"": 0, ""HYUNDAI"": 0, ""MERITZ"": 0, ""KB"": 0, ""DB"": 0, ""SAMSUNG"": 0}"
high_risk,monte_carlo,all,0.0,29,SHINHAN|KAKAOPAY|HYUNDAI|MERITZ|KB|DB|SAMSUNG,True,True,True,0.0,0,1.0,1.0,"{""SHINHAN"": 0, ""KAKAOPAY"": 0, ""HYUNDAI"": 0, ""MERITZ"": 0, ""KB"": 0, ""DB"": 0, ""SAMSUNG"": 0}"
high_risk,monte_carlo,all,0.0,30,SHINHAN|KAKAOPAY|HYUNDAI|MERITZ|KB|DB|SAMSUNG,True,True,True,0.0,0,1.0,1.0,"{""SHINHAN"": 0, ""KAKAOPAY"": 0, ""HYUNDAI"": 0, ""MERITZ"": 0, ""KB"": 0, ""DB"": 0, ""SAMSUNG"": 0}"
high_risk,monte_carlo,all,0.0,31,SHINHAN|KAKAOPAY|HYUNDAI|MERITZ|KB|DB|SAMSUNG,True,True,True,0.0,0,1.0,1.0,"{""SHINHAN"": 0, ""KAKAOPAY"": 0, ""HYUNDAI"": 0, ""MERITZ"": 0, ""KB"": 0, ""DB"": 0, ""SAMSUNG"": 0}"
high_risk,monte_carlo,all,0.0,32,SHINHAN|KAKAOPAY|HYUNDAI|MERITZ|KB|DB|SAMSUNG,True,True,True,0.0,0,1.0,1.0,"{""SHINHAN"": 0, ""KAKAOPAY"": 0, ""HYUNDAI"": 0, ""MERITZ"": 0, ""KB"": 0, ""DB"": 0, ""SAMSUNG"": 0}"
high_risk,monte_carlo,all,0.0,33,SHINHAN|KAKAOPAY|HYUNDAI|MERITZ|KB|DB|SAMSUNG,True,True,True,0.0,0,1.0,1.0,"{""SHINHAN"": 0, ""KAKAOPAY"": 0, ""HYUNDAI"": 0, ""MERITZ"": 0, ""KB"": 0, ""DB"": 0, ""SAMSUNG"": 0}"
high_risk,monte_carlo,all,0.0,34,SHINHAN|KAKAOPAY|HYUNDAI|MERITZ|KB|DB|SAMSUNG,True,True,True,0.0,0,1.0,1.0,"{""SHINHAN"": 0, ""KAKAOPAY"": 0, ""HYUNDAI"": 0, ""MERITZ"": 0, ""KB"": 0, ""DB"": 0, ""SAMSUNG"": 0}"
high_risk,monte_carlo,all,0.0,35,SHINHAN|KAKAOPAY|HYUNDAI|MERITZ|KB|DB|SAMSUNG,True,True,True,0.0,0,1.0,1.0,"{""SHINHAN"": 0, ""KAKAOPAY"": 0, ""HYUNDAI"": 0, ""MERITZ"": 0, ""KB"": 0, ""DB"": 0, ""SAMSUNG"": 0}"
high_risk,monte_carlo,all,0.0,36,SHINHAN|KAKAOPAY|HYUNDAI|MERITZ|KB|DB|SAMSUNG,True,True,True,0.0,0,1.0,1.0,"{""SHINHAN"": 0, ""KAKAOPAY"": 0, ""HYUNDAI"": 0, ""MERITZ"": 0, ""KB"": 0, ""DB"": 0, ""SAMSUNG"": 0}"
high_risk,monte_carlo,all,0.0,37,SHINHAN|KAKAOPAY|HYUNDAI|MERITZ|KB|DB|SAMSUNG,True,True,True,0.0,0,1.0,1.0,"{""SHINHAN"": 0, ""KAKAOPAY"": 0, ""HYUNDAI"": 0, ""MERITZ"": 0, ""KB"": 0, ""DB"": 0, ""SAMSUNG"": 0}"
high_risk,monte_carlo,all,0.0,38,SHINHAN|KAKAOPAY|HYUNDAI|MERITZ|KB|DB|SAMSUNG,True,True,True,0.0,0,1.0,1.0,"{""SHINHAN"": 0, ""KAKAOPAY"": 0, ""HYUNDAI"": 0, ""MERITZ"": 0, ""KB"": 0, ""DB"": 0, ""SAMSUNG"": 0}"
high_risk,monte_carlo,all,0.0,39,SHINHAN|KAKAOPAY|HYUNDAI|MERITZ|KB|DB|SAMSUNG,True,True,True,0.0,0,1.0,1.0,"{""SHINHAN"": 0, ""KAKAOPAY"": 0, ""HYUNDAI"": 0, ""MERITZ"": 0, ""KB"": 0, ""DB"": 0, ""SAMSUNG"": 0}"
high_risk,monte_carlo,all,0.0,40,SHINHAN|KAKAOPAY|HYUNDAI|MERITZ|KB|DB|SAMSUNG,True,True,True,0.0,0,1.0,1.0,"{""SHINHAN"": 0, ""KAKAOPAY"": 0, ""HYUNDAI"": 0, ""MERITZ"": 0, ""KB"": 0, ""DB"": 0, ""SAMSUNG"": 0}"
high_risk,monte_carlo,all,0.0,41,SHINHAN|KAKAOPAY|HYUNDAI|MERITZ|KB|DB|SAMSUNG,True,True,True,0.0,0,1.0,1.0,"{""SHINHAN"": 0, ""KAKAOPAY"": 0, ""HYUNDAI"": 0, ""MERITZ"": 0, ""KB"": 0, ""DB"": 0, ""SAMSUNG"": 0}"
high_risk,monte_carlo,all,0.0,42,SHINHAN|KAKAOPAY|HYUNDAI|MERITZ|KB|DB|SAMSUNG,True,True,True,0.0,0,1.0,1.0,"{""SHINHAN"": 0, ""KAKAOPAY"": 0, ""HYUNDAI"": 0, ""MERITZ"": 0, ""KB"": 0, ""DB"": 0, ""SAMSUNG"": 0}"
high_risk,monte_carlo,all,0.0,43,SHINHAN|KAKAOPAY|HYUNDAI|MERITZ|KB|DB|SAMSUNG,True,True,True,0.0,0,1.0,1.0,"{""SHINHAN"": 0, ""KAKAOPAY"": 0, ""HYUNDAI"": 0, ""MERITZ"": 0, ""KB"": 0, ""DB"": 0, ""SAMSUNG"": 0}"
high_risk,monte_carlo,all,0.0,44,SHINHAN|KAKAOPAY|HYUNDAI|MERITZ|KB|DB|SAMSUNG,True,True,True,0.0,0,1.0,1.0,"{""SHINHAN"": 0, ""KAKAOPAY"": 0, ""HYUNDAI"": 0, ""MERITZ"": 0, ""KB"": 0, ""DB"": 0, ""SAMSUNG"": 0}"
high_risk,monte_carlo,all,0.0,45,SHINHAN|KAKAOPAY|HYUNDAI|MERITZ|KB|DB|SAMSUNG,True,True,True,0.0,0,1.0,1.0,"{""SHINHAN"": 0, ""KAKAOPAY"": 0, ""HYUNDAI"": 0, ""MERITZ"": 0, ""KB"": 0, ""DB"": 0, ""SAMSUNG"": 0}"
high_risk,monte_carlo,all,0.0,46,SHINHAN|KAKAOPAY|HYUNDAI|MERITZ|KB|DB|SAMSUNG,True,True,True,0.0,0,1.0,1.0,"{""SHINHAN"": 0, ""KAKAOPAY"": 0, ""HYUNDAI"": 0, ""MERITZ"": 0, ""KB"": 0, ""DB"": 0, ""SAMSUNG"": 0}"
high_risk,monte_carlo,all,0.0,47,SHINHAN|KAKAOPAY|HYUNDAI|MERITZ|KB|DB|SAMSUNG,True,True,True,0.0,0,1.0,1.0,"{""SHINHAN"": 0, ""KAKAOPAY"": 0, ""HYUNDAI"": 0, ""MERITZ"": 0, ""KB"": 0, ""DB"": 0, ""SAMSUNG"": 0}"
high_risk,monte_carlo,all,0.0,48,SHINHAN|KAKAOPAY|HYUNDAI|MERITZ|KB|DB|SAMSUNG,True,True,True,0.0,0,1.0,1.0,"{""SHINHAN"": 0, ""KAKAOPAY"": 0, ""HYUNDAI"": 0, ""MERITZ"": 0, ""KB"": 0, ""DB"": 0, ""SAMSUNG"": 0}"
high_risk,monte_carlo,all,0.0,49,SHINHAN|KAKAOPAY|HYUNDAI|MERITZ|KB|DB|SAMSUNG,True,True,True,0.0,0,1.0,1.0,"{""SHINHAN"": 0, ""KAKAOPAY"": 0, ""HYUNDAI"": 0, ""MERITZ"": 0, ""KB"": 0, ""DB"": 0, ""SAMSUNG"": 0}"
high_risk,monte_carlo,all,0.0,50,SHINHAN|KAKAOPAY|HYUNDAI|MERITZ|KB|DB|SAMSUNG,True,True,True,0.0,0,1.0,1.0,"{""SHINHAN"": 0, ""KAKAOPAY"": 0, ""HYUNDAI"": 0, ""MERITZ"": 0, ""KB"": 0, ""DB"": 0, ""SAMSUNG"": 0}"
high_risk,monte_carlo,all,0.0,51,SHINHAN|KAKAOPAY|HYUNDAI|MERITZ|KB|DB|SAMSUNG,True,True,True,0.0,0,1.0,1.0,"{""SHINHAN"": 0, ""KAKAOPAY"": 0, ""HYUNDAI"": 0, ""MERITZ"": 0, ""KB"": 0, ""DB"": 0, ""SAMSUNG"": 0}"
high_risk,monte_carlo,all,0.0,52,SHINHAN|KAKAOPAY|HYUNDAI|MERITZ|KB|DB|SAMSUNG,True,True,True,0.0,0,1.0,1.0,"{""SHINHAN"": 0, ""KAKAOPAY"": 0, ""HYUNDAI"": 0, ""MERITZ"": 0, ""KB"": 0, ""DB"": 0, ""SAMSUNG"": 0}"
high_risk,monte_carlo,all,0.0,53,SHINHAN|KAKAOPAY|HYUNDAI|MERITZ|KB|DB|SAMSUNG,True,True,True,0.0,0,1.0,1.0,"{""SHINHAN"": 0, ""KAKAOPAY"": 0, ""HYUNDAI"": 0, ""MERITZ"": 0, ""KB"": 0, ""DB"": 0, ""SAMSUNG"": 0}"
high_risk,monte_carlo,all,0.0,54,SHINHAN|KAKAOPAY|HYUNDAI|MERITZ|KB|DB|SAMSUNG,True,True,True,0.0,0,1.0,1.0,"{""SHINHAN"": 0, ""KAKAOPAY"": 0, ""HYUNDAI"": 0, ""MERITZ"": 0, ""KB"": 0, ""DB"": 0, ""SAMSUNG"": 0}"
high_risk,monte_carlo,all,0.0,55,SHINHAN|KAKAOPAY|HYUNDAI|MERITZ|KB|DB|SAMSUNG,True,True,True,0.0,0,1.0,1.0,"{""SHINHAN"": 0, ""KAKAOPAY"": 0, ""HYUNDAI"": 0, ""MERITZ"": 0, ""KB"": 0, ""DB"": 0, ""SAMSUNG"": 0}"
high_risk,monte_carlo,all,0.0,56,SHINHAN|KAKAOPAY|HYUNDAI|MERITZ|KB|DB|SAMSUNG,True,True,True,0.0,0,1.0,1.0,"{""SHINHAN"": 0, ""KAKAOPAY"": 0, ""HYUNDAI"": 0, ""MERITZ"": 0, ""KB"": 0, ""DB"": 0, ""SAMSUNG"": 0}"
high_risk,monte_carlo,all,0.0,57,SHINHAN|KAKAOPAY|HYUNDAI|MERITZ|KB|DB|SAMSUNG,True,True,True,0.0,0,1.0,1.0,"{""SHINHAN"": 0, ""KAKAOPAY"": 0, ""HYUNDAI"": 0, ""MERITZ"": 0, ""KB"": 0, ""DB"": 0, ""SAMSUNG"": 0}"
high_risk,monte_carlo,all,0.0,58,SHINHAN|KAKAOPAY|HYUNDAI|MERITZ|KB|DB|SAMSUNG,True,True,True,0.0,0,1.0,1.0,"{""SHINHAN"": 0, ""KAKAOPAY"": 0, ""HYUNDAI"": 0, ""MERITZ"": 0, ""KB"": 0, ""DB"": 0, ""SAMSUNG"": 0}"
high_risk,monte_carlo,all,0.0,59,SHINHAN|KAKAOPAY|HYUNDAI|MERITZ|KB|DB|SAMSUNG,True,True,True,0.0,0,1.0,1.0,"{""SHINHAN"": 0, ""KAKAOPAY"": 0, ""HYUNDAI"": 0, ""MERITZ"": 0, ""KB"": 0, ""DB"": 0, ""SAMSUNG"": 0}"
high_risk,monte_carlo,all,0.0,60,SHINHAN|KAKAOPAY|HYUNDAI|MERITZ|KB|DB|SAMSUNG,True,True,True,0.0,0,1.0,1.0,"{""SHINHAN"": 0, ""KAKAOPAY"": 0, ""HYUNDAI"": 0, ""MERITZ"": 0, ""KB"": 0, ""DB"": 0, ""SAMSUNG"": 0}"
high_risk,monte_carlo,all,0.0,61,SHINHAN|KAKAOPAY|HYUNDAI|MERITZ|KB|DB|SAMSUNG,True,True,True,0.0,0,1.0,1.0,"{""SHINHAN"": 0, ""KAKAOPAY"": 0, ""HYUNDAI"": 0, ""MERITZ"": 0, ""KB"": 0, ""DB"": 0, ""SAMSUNG"": 0}"
high_risk,monte_carlo,all,0.0,62,SHINHAN|KAKAOPAY|HYUNDAI|MERITZ|KB|DB|SAMSUNG,True,True,True,0.0,0,1.0,1.0,"{""SHINHAN"": 0, ""KAKAOPAY"": 0, ""HYUNDAI"": 0, ""MERITZ"": 0, ""KB"": 0, ""DB"": 0, ""SAMSUNG"": 0}"
high_risk,monte_carlo,all,0.0,63,SHINHAN|KAKAOPAY|HYUNDAI|MERITZ|KB|DB|SAMSUNG,True,True,True,0.0,0,1.0,1.0,"{""SHINHAN"": 0, ""KAKAOPAY"": 0, ""HYUNDAI"": 0, ""MERITZ"": 0, ""KB"": 0, ""DB"": 0, ""SAMSUNG"": 0}"
high_risk,monte_carlo,all,0.0,64,SHINHAN|KAKAOPAY|HYUNDAI|MERITZ|KB|DB|SAMSUNG,True,True,True,0.0,0,1.0,1.0,"{""SHINHAN"": 0, ""KAKAOPAY"": 0, ""HYUNDAI"": 0, ""MERITZ"": 0, ""KB"": 0, ""DB"": 0, ""SAMSUNG"": 0}"
high_risk,monte_carlo,all,0.0,65,SHINHAN|KAKAOPAY|HYUNDAI|MERITZ|KB|DB|SAMSUNG,True,True,True,0.0,0,1.0,1.0,"{""SHINHAN"": 0, ""KAKAOPAY"": 0, ""HYUNDAI"": 0, ""MERITZ"": 0, ""KB"": 0, ""DB"": 0, ""SAMSUNG"": 0}"
high_risk,monte_carlo,all,0.0,66,SHINHAN|KAKAOPAY|HYUNDAI|MERITZ|KB|DB|SAMSUNG,True,True,True,0.0,0,1.0,1.0,"{""SHINHAN"": 0, ""KAKAOPAY"": 0, ""HYUNDAI"": 0, ""MERITZ"": 0, ""KB"": 0, ""DB"": 0, ""SAMSUNG"": 0}"
high_risk,monte_carlo,all,0.0,67,SHINHAN|KAKAOPAY|HYUNDAI|MERITZ|KB|DB|SAMSUNG,True,True,True,0.0,0,1.0,1.0,"{""SHINHAN"": 0, ""KAKAOPAY"": 0, ""HYUNDAI"": 0, ""MERITZ"": 0, ""KB"": 0, ""DB"": 0, ""SAMSUNG"": 0}"
high_risk,monte_carlo,all,0.0,68,SHINHAN|KAKAOPAY|HYUNDAI|MERITZ|KB|DB|SAMSUNG,True,True,True,0.0,0,1.0,1.0,"{""SHINHAN"": 0, ""KAKAOPAY"": 0, ""HYUNDAI"": 0, ""MERITZ"": 0, ""KB"": 0, ""DB"": 0, ""SAMSUNG"": 0}"
high_risk,monte_carlo,all,0.0,69,SHINHAN|KAKAOPAY|HYUNDAI|MERITZ|KB|DB|SAMSUNG,True,True,True,0.0,0,1.0,1.0,"{""SHINHAN"": 0, ""KAKAOPAY"": 0, ""HYUNDAI"": 0, ""MERITZ"": 0, ""KB"": 0, ""DB"": 0, ""SAMSUNG"": 0}"
high_risk,monte_carlo,all,0.0,70,SHINHAN|KAKAOPAY|HYUNDAI|MERITZ|KB|DB|SAMSUNG,True,True,True,0.0,0,1.0,1.0,"{""SHINHAN"": 0, ""KAKAOPAY"": 0, ""HYUNDAI"": 0, ""MERITZ"": 0, ""KB"": 0, ""DB"": 0, ""SAMSUNG"": 0}"
high_risk,monte_carlo,all,0.0,71,SHINHAN|KAKAOPAY|HYUNDAI|MERITZ|KB|DB|SAMSUNG,True,True,True,0.0,0,1.0,1.0,"{""SHINHAN"": 0, ""KAKAOPAY"": 0, ""HYUNDAI"": 0, ""MERITZ"": 0, ""KB"": 0, ""DB"": 0, ""SAMSUNG"": 0}"
high_risk,monte_carlo,all,0.0,72,SHINHAN|KAKAOPAY|HYUNDAI|MERITZ|KB|DB|SAMSUNG,True,True,True,0.0,0,1.0,1.0,"{""SHINHAN"": 0, ""KAKAOPAY"": 0, ""HYUNDAI"": 0, ""MERITZ"": 0, ""KB"": 0, ""DB"": 0, ""SAMSUNG"": 0}"
high_risk,monte_carlo,all,0.0,73,SHINHAN|KAKAOPAY|HYUNDAI|MERITZ|KB|DB|SAMSUNG,True,True,True,0.0,0,1.0,1.0,"{""SHINHAN"": 0, ""KAKAOPAY"": 0, ""HYUNDAI"": 0, ""MERITZ"": 0, ""KB"": 0, ""DB"": 0, ""SAMSUNG"": 0}"
high_risk,monte_carlo,all,0.0,74,SHINHAN|KAKAOPAY|HYUNDAI|MERITZ|KB|DB|SAMSUNG,True,True,True,0.0,0,1.0,1.0,"{""SHINHAN"": 0, ""KAKAOPAY"": 0, ""HYUNDAI"": 0, ""MERITZ"": 0, ""KB"": 0, ""DB"": 0, ""SAMSUNG"": 0}"
high_risk,monte_carlo,all,0.0,75,SHINHAN|KAKAOPAY|HYUNDAI|MERITZ|KB|DB|SAMSUNG,True,True,True,0.0,0,1.0,1.0,"{""SHINHAN"": 0, ""KAKAOPAY"": 0, ""HYUNDAI"": 0, ""MERITZ"": 0, ""KB"": 0, ""DB"": 0, ""SAMSUNG"": 0}"
high_risk,monte_carlo,all,0.0,76,SHINHAN|KAKAOPAY|HYUNDAI|MERITZ|KB|DB|SAMSUNG,True,True,True,0.0,0,1.0,1.0,"{""SHINHAN"": 0, ""KAKAOPAY"": 0, ""HYUNDAI"": 0, ""MERITZ"": 0, ""KB"": 0, ""DB"": 0, ""SAMSUNG"": 0}"
high_risk,monte_carlo,all,0.0,77,SHINHAN|KAKAOPAY|HYUNDAI|MERITZ|KB|DB|SAMSUNG,True,True,True,0.0,0,1.0,1.0,"{""SHINHAN"": 0, ""KAKAOPAY"": 0, ""HYUNDAI"": 0, ""MERITZ"": 0, ""KB"": 0, ""DB"": 0, ""SAMSUNG"": 0}"
high_risk,monte_carlo,all,0.0,78,SHINHAN|KAKAOPAY|HYUNDAI|MERITZ|KB|DB|SAMSUNG,True,True,True,0.0,0,1.0,1.0,"{""SHINHAN"": 0, ""KAKAOPAY"": 0, ""HYUNDAI"": 0, ""MERITZ"": 0, ""KB"": 0, ""DB"": 0, ""SAMSUNG"": 0}"
high_risk,monte_carlo,all,0.0,79,SHINHAN|KAKAOPAY|HYUNDAI|MERITZ|KB|DB|SAMSUNG,True,True,True,0.0,0,1.0,1.0,"{""SHINHAN"": 0, ""KAKAOPAY"": 0, ""HYUNDAI"": 0, ""MERITZ"": 0, ""KB"": 0, ""DB"": 0, ""SAMSUNG"": 0}"
high_risk,monte_carlo,all,0.0,80,SHINHAN|KAKAOPAY|HYUNDAI|MERITZ|KB|DB|SAMSUNG,True,True,True,0.0,0,1.0,1.0,"{""SHINHAN"": 0, ""KAKAOPAY"": 0, ""HYUNDAI"": 0, ""MERITZ"": 0, ""KB"": 0, ""DB"": 0, ""SAMSUNG"": 0}"
high_risk,monte_carlo,all,0.0,81,SHINHAN|KAKAOPAY|HYUNDAI|MERITZ|KB|DB|SAMSUNG,True,True,True,0.0,0,1.0,1.0,"{""SHINHAN"": 0, ""KAKAOPAY"": 0, ""HYUNDAI"": 0, ""MERITZ"": 0, ""KB"": 0, ""DB"": 0, ""SAMSUNG"": 0}"
high_risk,monte_carlo,all,0.0,82,SHINHAN|KAKAOPAY|HYUNDAI|MERITZ|KB|DB|SAMSUNG,True,True,True,0.0,0,1.0,1.0,"{""SHINHAN"": 0, ""KAKAOPAY"": 0, ""HYUNDAI"": 0, ""MERITZ"": 0, ""KB"": 0, ""DB"": 0, ""SAMSUNG"": 0}"
high_risk,monte_carlo,all,0.0,83,SHINHAN|KAKAOPAY|HYUNDAI|MERITZ|KB|DB|SAMSUNG,True,True,True,0.0,0,1.0,1.0,"{""SHINHAN"": 0, ""KAKAOPAY"": 0, ""HYUNDAI"": 0, ""MERITZ"": 0, ""KB"": 0, ""DB"": 0, ""SAMSUNG"": 0}"
high_risk,monte_carlo,all,0.0,84,SHINHAN|KAKAOPAY|HYUNDAI|MERITZ|KB|DB|SAMSUNG,True,True,True,0.0,0,1.0,1.0,"{""SHINHAN"": 0, ""KAKAOPAY"": 0, ""HYUNDAI"": 0, ""MERITZ"": 0, ""KB"": 0, ""DB"": 0, ""SAMSUNG"": 0}"
high_risk,monte_carlo,all,0.0,85,SHINHAN|KAKAOPAY|HYUNDAI|MERITZ|KB|DB|SAMSUNG,True,True,True,0.0,0,1.0,1.0,"{""SHINHAN"": 0, ""KAKAOPAY"": 0, ""HYUNDAI"": 0, ""MERITZ"": 0, ""KB"": 0, ""DB"": 0, ""SAMSUNG"": 0}"
high_risk,monte_carlo,all,0.0,86,SHINHAN|KAKAOPAY|HYUNDAI|MERITZ|KB|DB|SAMSUNG,True,True,True,0.0,0,1.0,1.0,"{""SHINHAN"": 0, ""KAKAOPAY"": 0, ""HYUNDAI"": 0, ""MERITZ"": 0, ""KB"": 0, ""DB"": 0, ""SAMSUNG"": 0}"
high_risk,monte_carlo,all,0.0,87,SHINHAN|KAKAOPAY|HYUNDAI|MERITZ|KB|DB|SAMSUNG,True,True,True,0.0,0,1.0,1.0,"{""SHINHAN"": 0, ""KAKAOPAY"": 0, ""HYUNDAI"": 0, ""MERITZ"": 0, ""KB"": 0, ""DB"": 0, ""SAMSUNG"": 0}"
high_risk,monte_carlo,all,0.0,88,SHINHAN|KAKAOPAY|HYUNDAI|MERITZ|KB|DB|SAMSUNG,True,True,True,0.0,0,1.0,1.0,"{""SHINHAN"": 0, ""KAKAOPAY"": 0, ""HYUNDAI"": 0, ""MERITZ"": 0, ""KB"": 0, ""DB"": 0, ""SAMSUNG"": 0}"
high_risk,monte_carlo,all,0.0,89,SHINHAN|KAKAOPAY|HYUNDAI|MERITZ|KB|DB|SAMSUNG,True,True,True,0.0,0,1.0,1.0,"{""SHINHAN"": 0, ""KAKAOPAY"": 0, ""HYUNDAI"": 0, ""MERITZ"": 0, ""KB"": 0, ""DB"": 0, ""SAMSUNG"": 0}"
high_risk,monte_carlo,all,0.0,90,SHINHAN|KAKAOPAY|HYUNDAI|MERITZ|KB|DB|SAMSUNG,True,True,True,0.0,0,1.0,1.0,"{""SHINHAN"": 0, ""KAKAOPAY"": 0, ""HYUNDAI"": 0, ""MERITZ"": 0, ""KB"": 0, ""DB"": 0, ""SAMSUNG"": 0}"
high_risk,monte_carlo,all,0.0,91,SHINHAN|KAKAOPAY|HYUNDAI|MERITZ|KB|DB|SAMSUNG,True,True,True,0.0,0,1.0,1.0,"{""SHINHAN"": 0, ""KAKAOPAY"": 0, ""HYUNDAI"": 0, ""MERITZ"": 0, ""KB"": 0, ""DB"": 0, ""SAMSUNG"": 0}"
high_risk,monte_carlo,all,0.0,92,SHINHAN|KAKAOPAY|HYUNDAI|MERITZ|KB|DB|SAMSUNG,True,True,True,0.0,0,1.0,1.0,"{""SHINHAN"": 0, ""KAKAOPAY"": 0, ""HYUNDAI"": 0, ""MERITZ"": 0, ""KB"": 0, ""DB"": 0, ""SAMSUNG"": 0}"
high_risk,monte_carlo,all,0.0,93,SHINHAN|KAKAOPAY|HYUNDAI|MERITZ|KB|DB|SAMSUNG,True,True,True,0.0,0,1.0,1.0,"{""SHINHAN"": 0, ""KAKAOPAY"": 0, ""HYUNDAI"": 0, ""MERITZ"": 0, ""KB"": 0, ""DB"": 0, ""SAMSUNG"": 0}"
high_risk,monte_carlo,all,0.0,94,SHINHAN|KAKAOPAY|HYUNDAI|MERITZ|KB|DB|SAMSUNG,True,True,True,0.0,0,1.0,1.0,"{""SHINHAN"": 0, ""KAKAOPAY"": 0, ""HYUNDAI"": 0, ""MERITZ"": 0, ""KB"": 0, ""DB"": 0, ""SAMSUNG"": 0}"
high_risk,monte_carlo,all,0.0,95,SHINHAN|KAKAOPAY|HYUNDAI|MERITZ|KB|DB|SAMSUNG,True,True,True,0.0,0,1.0,1.0,"{""SHINHAN"": 0, ""KAKAOPAY"": 0, ""HYUNDAI"": 0, ""MERITZ"": 0, ""KB"": 0, ""DB"": 0, ""SAMSUNG"": 0}"
high_risk,monte_carlo,all,0.0,96,SHINHAN|KAKAOPAY|HYUNDAI|MERITZ|KB|DB|SAMSUNG,True,True,True,0.0,0,1.0,1.0,"{""SHINHAN"": 0, ""KAKAOPAY"": 0, ""HYUNDAI"": 0, ""MERITZ"": 0, ""KB"": 0, ""DB"": 0, ""SAMSUNG"": 0}"
high_risk,monte_carlo,all,0.0,97,SHINHAN|KAKAOPAY|HYUNDAI|MERITZ|KB|DB|SAMSUNG,True,True,True,0.0,0,1.0,1.0,"{""SHINHAN"": 0, ""KAKAOPAY"": 0, ""HYUNDAI"": 0, ""MERITZ"": 0, ""KB"": 0, ""DB"": 0, ""SAMSUNG"": 0}"
high_risk,monte_carlo,all,0.0,98,SHINHAN|KAKAOPAY|HYUNDAI|MERITZ|KB|DB|SAMSUNG,True,True,True,0.0,0,1.0,1.0,"{""SHINHAN"": 0, ""KAKAOPAY"": 0, ""HYUNDAI"": 0, ""MERITZ"": 0, ""KB"": 0, ""DB"": 0, ""SAMSUNG"": 0}"
high_risk,monte_carlo,all,0.0,99,SHINHAN|KAKAOPAY|HYUNDAI|MERITZ|KB|DB|SAMSUNG,True,True,True,0.0,0,1.0,1.0,"{""SHINHAN"": 0, ""KAKAOPAY"": 0, ""HYUNDAI"": 0, ""MERITZ"": 0, ""KB"": 0, ""DB"": 0, ""SAMSUNG"": 0}"
high_risk,monte_carlo,all,0.0,100,SHINHAN|KAKAOPAY|HYUNDAI|MERITZ|KB|DB|SAMSUNG,True,True,True,0.0,0,1.0,1.0,"{""SHINHAN"": 0, ""KAKAOPAY"": 0, ""HYUNDAI"": 0, ""MERITZ"": 0, ""KB"": 0, ""DB"": 0, ""SAMSUNG"": 0}"
high_risk,monte_carlo,all,0.0,101,SHINHAN|KAKAOPAY|HYUNDAI|MERITZ|KB|DB|SAMSUNG,True,True,True,0.0,0,1.0,1.0,"{""SHINHAN"": 0, ""KAKAOPAY"": 0, ""HYUNDAI"": 0, ""MERITZ"": 0, ""KB"": 0, ""DB"": 0, ""SAMSUNG"": 0}"
high_risk,monte_carlo,all,0.0,102,SHINHAN|KAKAOPAY|HYUNDAI|MERITZ|KB|DB|SAMSUNG,True,True,True,0.0,0,1.0,1.0,"{""SHINHAN"": 0, ""KAKAOPAY"": 0, ""HYUNDAI"": 0, ""MERITZ"": 0, ""KB"": 0, ""DB"": 0, ""SAMSUNG"": 0}"
high_risk,monte_carlo,all,0.0,103,SHINHAN|KAKAOPAY|HYUNDAI|MERITZ|KB|DB|SAMSUNG,True,True,True,0.0,0,1.0,1.0,"{""SHINHAN"": 0, ""KAKAOPAY"": 0, ""HYUNDAI"": 0, ""MERITZ"": 0, ""KB"": 0, ""DB"": 0, ""SAMSUNG"": 0}"
high_risk,monte_carlo,all,0.0,104,SHINHAN|KAKAOPAY|HYUNDAI|MERITZ|KB|DB|SAMSUNG,True,True,True,0.0,0,1.0,1.0,"{""SHINHAN"": 0, ""KAKAOPAY"": 0, ""HYUNDAI"": 0, ""MERITZ"": 0, ""KB"": 0, ""DB"": 0, ""SAMSUNG"": 0}"
high_risk,monte_carlo,all,0.0,105,SHINHAN|KAKAOPAY|HYUNDAI|MERITZ|KB|DB|SAMSUNG,True,True,True,0.0,0,1.0,1.0,"{""SHINHAN"": 0, ""KAKAOPAY"": 0, ""HYUNDAI"": 0, ""MERITZ"": 0, ""KB"": 0, ""DB"": 0, ""SAMSUNG"": 0}"
high_risk,monte_carlo,all,0.0,106,SHINHAN|KAKAOPAY|HYUNDAI|MERITZ|KB|DB|SAMSUNG,True,True,True,0.0,0,1.0,1.0,"{""SHINHAN"": 0, ""KAKAOPAY"": 0, ""HYUNDAI"": 0, ""MERITZ"": 0, ""KB"": 0, ""DB"": 0, ""SAMSUNG"": 0}"
high_risk,monte_carlo,all,0.0,107,SHINHAN|KAKAOPAY|HYUNDAI|MERITZ|KB|DB|SAMSUNG,True,True,True,0.0,0,1.0,1.0,"{""SHINHAN"": 0, ""KAKAOPAY"": 0, ""HYUNDAI"": 0, ""MERITZ"": 0, ""KB"": 0, ""DB"": 0, ""SAMSUNG"": 0}"
high_risk,monte_carlo,all,0.0,108,SHINHAN|KAKAOPAY|HYUNDAI|MERITZ|KB|DB|SAMSUNG,True,True,True,0.0,0,1.0,1.0,"{""SHINHAN"": 0, ""KAKAOPAY"": 0, ""HYUNDAI"": 0, ""MERITZ"": 0, ""KB"": 0, ""DB"": 0, ""SAMSUNG"": 0}"
high_risk,monte_carlo,all,0.0,109,SHINHAN|KAKAOPAY|HYUNDAI|MERITZ|KB|DB|SAMSUNG,True,True,True,0.0,0,1.0,1.0,"{""SHINHAN"": 0, ""KAKAOPAY"": 0, ""HYUNDAI"": 0, ""MERITZ"": 0, ""KB"": 0, ""DB"": 0, ""SAMSUNG"": 0}"
high_risk,monte_carlo,all,0.0,110,SHINHAN|KAKAOPAY|HYUNDAI|MERITZ|KB|DB|SAMSUNG,True,True,True,0.0,0,1.0,1.0,"{""SHINHAN"": 0, ""KAKAOPAY"": 0, ""HYUNDAI"": 0, ""MERITZ"": 0, ""KB"": 0, ""DB"": 0, ""SAMSUNG"": 0}"
high_risk,monte_carlo,all,0.0,111,SHINHAN|KAKAOPAY|HYUNDAI|MERITZ|KB|DB|SAMSUNG,True,True,True,0.0,0,1.0,1.0,"{""SHINHAN"": 0, ""KAKAOPAY"": 0, ""HYUNDAI"": 0, ""MERITZ"": 0, ""KB"": 0, ""DB"": 0, ""SAMSUNG"": 0}"
high_risk,monte_carlo,all,0.0,112,SHINHAN|KAKAOPAY|HYUNDAI|MERITZ|KB|DB|SAMSUNG,True,True,True,0.0,0,1.0,1.0,"{""SHINHAN"": 0, ""KAKAOPAY"": 0, ""HYUNDAI"": 0, ""MERITZ"": 0, ""KB"": 0, ""DB"": 0, ""SAMSUNG"": 0}"
high_risk,monte_carlo,all,0.0,113,SHINHAN|KAKAOPAY|HYUNDAI|MERITZ|KB|DB|SAMSUNG,True,True,True,0.0,0,1.0,1.0,"{""SHINHAN"": 0, ""KAKAOPAY"": 0, ""HYUNDAI"": 0, ""MERITZ"": 0, ""KB"": 0, ""DB"": 0, ""SAMSUNG"": 0}"
high_risk,monte_carlo,all,0.0,114,SHINHAN|KAKAOPAY|HYUNDAI|MERITZ|KB|DB|SAMSUNG,True,True,True,0.0,0,1.0,1.0,"{""SHINHAN"": 0, ""KAKAOPAY"": 0, ""HYUNDAI"": 0, ""MERITZ"": 0, ""KB"": 0, ""DB"": 0, ""SAMSUNG"": 0}"
high_risk,monte_carlo,all,0.0,115,SHINHAN|KAKAOPAY|HYUNDAI|MERITZ|KB|DB|SAMSUNG,True,True,True,0.0,0,1.0,1.0,"{""SHINHAN"": 0, ""KAKAOPAY"": 0, ""HYUNDAI"": 0, ""MERITZ"": 0, ""KB"": 0, ""DB"": 0, ""SAMSUNG"": 0}"
high_risk,monte_carlo,all,0.0,116,SHINHAN|KAKAOPAY|HYUNDAI|MERITZ|KB|DB|SAMSUNG,True,True,True,0.0,0,1.0,1.0,"{""SHINHAN"": 0, ""KAKAOPAY"": 0, ""HYUNDAI"": 0, ""MERITZ"": 0, ""KB"": 0, ""DB"": 0, ""SAMSUNG"": 0}"
high_risk,monte_carlo,all,0.0,117,SHINHAN|KAKAOPAY|HYUNDAI|MERITZ|KB|DB|SAMSUNG,True,True,True,0.0,0,1.0,1.0,"{""SHINHAN"": 0, ""KAKAOPAY"": 0, ""HYUNDAI"": 0, ""MERITZ"": 0, ""KB"": 0, ""DB"": 0, ""SAMSUNG"": 0}"
high_risk,monte_carlo,all,0.0,118,SHINHAN|KAKAOPAY|HYUNDAI|MERITZ|KB|DB|SAMSUNG,True,True,True,0.0,0,1.0,1.0,"{""SHINHAN"": 0, ""KAKAOPAY"": 0, ""HYUNDAI"": 0, ""MERITZ"": 0, ""KB"": 0, ""DB"": 0, ""SAMSUNG"": 0}"
high_risk,monte_carlo,all,0.0,119,SHINHAN|KAKAOPAY|HYUNDAI|MERITZ|KB|DB|SAMSUNG,True,True,True,0.0,0,1.0,1.0,"{""SHINHAN"": 0, ""KAKAOPAY"": 0, ""HYUNDAI"": 0, ""MERITZ"": 0, ""KB"": 0, ""DB"": 0, ""SAMSUNG"": 0}"
high_risk,monte_carlo,all,0.0,120,SHINHAN|KAKAOPAY|HYUNDAI|MERITZ|KB|DB|SAMSUNG,True,True,True,0.0,0,1.0,1.0,"{""SHINHAN"": 0, ""KAKAOPAY"": 0, ""HYUNDAI"": 0, ""MERITZ"": 0, ""KB"": 0, ""DB"": 0, ""SAMSUNG"": 0}"
high_risk,monte_carlo,all,0.0,121,SHINHAN|KAKAOPAY|HYUNDAI|MERITZ|KB|DB|SAMSUNG,True,True,True,0.0,0,1.0,1.0,"{""SHINHAN"": 0, ""KAKAOPAY"": 0, ""HYUNDAI"": 0, ""MERITZ"": 0, ""KB"": 0, ""DB"": 0, ""SAMSUNG"": 0}"
high_risk,monte_carlo,all,0.0,122,SHINHAN|KAKAOPAY|HYUNDAI|MERITZ|KB|DB|SAMSUNG,True,True,True,0.0,0,1.0,1.0,"{""SHINHAN"": 0, ""KAKAOPAY"": 0, ""HYUNDAI"": 0, ""MERITZ"": 0, ""KB"": 0, ""DB"": 0, ""SAMSUNG"": 0}"
high_risk,monte_carlo,all,0.0,123,SHINHAN|KAKAOPAY|HYUNDAI|MERITZ|KB|DB|SAMSUNG,True,True,True,0.0,0,1.0,1.0,"{""SHINHAN"": 0, ""KAKAOPAY"": 0, ""HYUNDAI"": 0, ""MERITZ"": 0, ""KB"": 0, ""DB"": 0, ""SAMSUNG"": 0}"
high_risk,monte_carlo,all,0.0,124,SHINHAN|KAKAOPAY|HYUNDAI|MERITZ|KB|DB|SAMSUNG,True,True,True,0.0,0,1.0,1.0,"{""SHINHAN"": 0, ""KAKAOPAY"": 0, ""HYUNDAI"": 0, ""MERITZ"": 0, ""KB"": 0, ""DB"": 0, ""SAMSUNG"": 0}"
high_risk,monte_carlo,all,0.0,125,SHINHAN|KAKAOPAY|HYUNDAI|MERITZ|KB|DB|SAMSUNG,True,True,True,0.0,0,1.0,1.0,"{""SHINHAN"": 0, ""KAKAOPAY"": 0, ""HYUNDAI"": 0, ""MERITZ"": 0, ""KB"": 0, ""DB"": 0, ""SAMSUNG"": 0}"
high_risk,monte_carlo,all,0.0,126,SHINHAN|KAKAOPAY|HYUNDAI|MERITZ|KB|DB|SAMSUNG,True,True,True,0.0,0,1.0,1.0,"{""SHINHAN"": 0, ""KAKAOPAY"": 0, ""HYUNDAI"": 0, ""MERITZ"": 0, ""KB"": 0, ""DB"": 0, ""SAMSUNG"": 0}"
high_risk,monte_carlo,all,0.0,127,SHINHAN|KAKAOPAY|HYUNDAI|MERITZ|KB|DB|SAMSUNG,True,True,True,0.0,0,1.0,1.0,"{""SHINHAN"": 0, ""KAKAOPAY"": 0, ""HYUNDAI"": 0, ""MERITZ"": 0, ""KB"": 0, ""DB"": 0, ""SAMSUNG"": 0}"
high_risk,monte_carlo,all,0.0,128,SHINHAN|KAKAOPAY|HYUNDAI|MERITZ|KB|DB|SAMSUNG,True,True,True,0.0,0,1.0,1.0,"{""SHINHAN"": 0, ""KAKAOPAY"": 0, ""HYUNDAI"": 0, ""MERITZ"": 0, ""KB"": 0, ""DB"": 0, ""SAMSUNG"": 0}"
high_risk,monte_carlo,all,0.0,129,SHINHAN|KAKAOPAY|HYUNDAI|MERITZ|KB|DB|SAMSUNG,True,True,True,0.0,0,1.0,1.0,"{""SHINHAN"": 0, ""KAKAOPAY"": 0, ""HYUNDAI"": 0, ""MERITZ"": 0, ""KB"": 0, ""DB"": 0, ""SAMSUNG"": 0}"
high_risk,monte_carlo,all,0.0,130,SHINHAN|KAKAOPAY|HYUNDAI|MERITZ|KB|DB|SAMSUNG,True,True,True,0.0,0,1.0,1.0,"{""SHINHAN"": 0, ""KAKAOPAY"": 0, ""HYUNDAI"": 0, ""MERITZ"": 0, ""KB"": 0, ""DB"": 0, ""SAMSUNG"": 0}"
high_risk,monte_carlo,all,0.0,131,SHINHAN|KAKAOPAY|HYUNDAI|MERITZ|KB|DB|SAMSUNG,True,True,True,0.0,0,1.0,1.0,"{""SHINHAN"": 0, ""KAKAOPAY"": 0, ""HYUNDAI"": 0, ""MERITZ"": 0, ""KB"": 0, ""DB"": 0, ""SAMSUNG"": 0}"
high_risk,monte_carlo,all,0.0,132,SHINHAN|KAKAOPAY|HYUNDAI|MERITZ|KB|DB|SAMSUNG,True,True,True,0.0,0,1.0,1.0,"{""SHINHAN"": 0, ""KAKAOPAY"": 0, ""HYUNDAI"": 0, ""MERITZ"": 0, ""KB"": 0, ""DB"": 0, ""SAMSUNG"": 0}"
high_risk,monte_carlo,all,0.0,133,SHINHAN|KAKAOPAY|HYUNDAI|MERITZ|KB|DB|SAMSUNG,True,True,True,0.0,0,1.0,1.0,"{""SHINHAN"": 0, ""KAKAOPAY"": 0, ""HYUNDAI"": 0, ""MERITZ"": 0, ""KB"": 0, ""DB"": 0, ""SAMSUNG"": 0}"
high_risk,monte_carlo,all,0.0,134,SHINHAN|KAKAOPAY|HYUNDAI|MERITZ|KB|DB|SAMSUNG,True,True,True,0.0,0,1.0,1.0,"{""SHINHAN"": 0, ""KAKAOPAY"": 0, ""HYUNDAI"": 0, ""MERITZ"": 0, ""KB"": 0, ""DB"": 0, ""SAMSUNG"": 0}"
high_risk,monte_carlo,all,0.0,135,SHINHAN|KAKAOPAY|HYUNDAI|MERITZ|KB|DB|SAMSUNG,True,True,True,0.0,0,1.0,1.0,"{""SHINHAN"": 0, ""KAKAOPAY"": 0, ""HYUNDAI"": 0, ""MERITZ"": 0, ""KB"": 0, ""DB"": 0, ""SAMSUNG"": 0}"
high_risk,monte_carlo,all,0.0,136,SHINHAN|KAKAOPAY|HYUNDAI|MERITZ|KB|DB|SAMSUNG,True,True,True,0.0,0,1.0,1.0,"{""SHINHAN"": 0, ""KAKAOPAY"": 0, ""HYUNDAI"": 0, ""MERITZ"": 0, ""KB"": 0, ""DB"": 0, ""SAMSUNG"": 0}"
high_risk,monte_carlo,all,0.0,137,SHINHAN|KAKAOPAY|HYUNDAI|MERITZ|KB|DB|SAMSUNG,True,True,True,0.0,0,1.0,1.0,"{""SHINHAN"": 0, ""KAKAOPAY"": 0, ""HYUNDAI"": 0, ""MERITZ"": 0, ""KB"": 0, ""DB"": 0, ""SAMSUNG"": 0}"
high_risk,monte_carlo,all,0.0,138,SHINHAN|KAKAOPAY|HYUNDAI|MERITZ|KB|DB|SAMSUNG,True,True,True,0.0,0,1.0,1.0,"{""SHINHAN"": 0, ""KAKAOPAY"": 0, ""HYUNDAI"": 0, ""MERITZ"": 0, ""KB"": 0, ""DB"": 0, ""SAMSUNG"": 0}"
high_risk,monte_carlo,all,0.0,139,SHINHAN|KAKAOPAY|HYUNDAI|MERITZ|KB|DB|SAMSUNG,True,True,True,0.0,0,1.0,1.0,"{""SHINHAN"": 0, ""KAKAOPAY"": 0, ""HYUNDAI"": 0, ""MERITZ"": 0, ""KB"": 0, ""DB"": 0, ""SAMSUNG"": 0}"
high_risk,monte_carlo,all,0.0,140,SHINHAN|KAKAOPAY|HYUNDAI|MERITZ|KB|DB|SAMSUNG,True,True,True,0.0,0,1.0,1.0,"{""SHINHAN"": 0, ""KAKAOPAY"": 0, ""HYUNDAI"": 0, ""MERITZ"": 0, ""KB"": 0, ""DB"": 0, ""SAMSUNG"": 0}"
high_risk,monte_carlo,all,0.0,141,SHINHAN|KAKAOPAY|HYUNDAI|MERITZ|KB|DB|SAMSUNG,True,True,True,0.0,0,1.0,1.0,"{""SHINHAN"": 0, ""KAKAOPAY"": 0, ""HYUNDAI"": 0, ""MERITZ"": 0, ""KB"": 0, ""DB"": 0, ""SAMSUNG"": 0}"
high_risk,monte_carlo,all,0.0,142,SHINHAN|KAKAOPAY|HYUNDAI|MERITZ|KB|DB|SAMSUNG,True,True,True,0.0,0,1.0,1.0,"{""SHINHAN"": 0, ""KAKAOPAY"": 0, ""HYUNDAI"": 0, ""MERITZ"": 0, ""KB"": 0, ""DB"": 0, ""SAMSUNG"": 0}"
high_risk,monte_carlo,all,0.0,143,SHINHAN|KAKAOPAY|HYUNDAI|MERITZ|KB|DB|SAMSUNG,True,True,True,0.0,0,1.0,1.0,"{""SHINHAN"": 0, ""KAKAOPAY"": 0, ""HYUNDAI"": 0, ""MERITZ"": 0, ""KB"": 0, ""DB"": 0, ""SAMSUNG"": 0}"
high_risk,monte_carlo,all,0.0,144,SHINHAN|KAKAOPAY|HYUNDAI|MERITZ|KB|DB|SAMSUNG,True,True,True,0.0,0,1.0,1.0,"{""SHINHAN"": 0, ""KAKAOPAY"": 0, ""HYUNDAI"": 0, ""MERITZ"": 0, ""KB"": 0, ""DB"": 0, ""SAMSUNG"": 0}"
high_risk,monte_carlo,all,0.0,145,SHINHAN|KAKAOPAY|HYUNDAI|MERITZ|KB|DB|SAMSUNG,True,True,True,0.0,0,1.0,1.0,"{""SHINHAN"": 0, ""KAKAOPAY"": 0, ""HYUNDAI"": 0, ""MERITZ"": 0, ""KB"": 0, ""DB"": 0, ""SAMSUNG"": 0}"
high_risk,monte_carlo,all,0.0,146,SHINHAN|KAKAOPAY|HYUNDAI|MERITZ|KB|DB|SAMSUNG,True,True,True,0.0,0,1.0,1.0,"{""SHINHAN"": 0, ""KAKAOPAY"": 0, ""HYUNDAI"": 0, ""MERITZ"": 0, ""KB"": 0, ""DB"": 0, ""SAMSUNG"": 0}"
high_risk,monte_carlo,all,0.0,147,SHINHAN|KAKAOPAY|HYUNDAI|MERITZ|KB|DB|SAMSUNG,True,True,True,0.0,0,1.0,1.0,"{""SHINHAN"": 0, ""KAKAOPAY"": 0, ""HYUNDAI"": 0, ""MERITZ"": 0, ""KB"": 0, ""DB"": 0, ""SAMSUNG"": 0}"
high_risk,monte_carlo,all,0.0,148,SHINHAN|KAKAOPAY|HYUNDAI|MERITZ|KB|DB|SAMSUNG,True,True,True,0.0,0,1.0,1.0,"{""SHINHAN"": 0, ""KAKAOPAY"": 0, ""HYUNDAI"": 0, ""MERITZ"": 0, ""KB"": 0, ""DB"": 0, ""SAMSUNG"": 0}"
high_risk,monte_carlo,all,0.0,149,SHINHAN|KAKAOPAY|HYUNDAI|MERITZ|KB|DB|SAMSUNG,True,True,True,0.0,0,1.0,1.0,"{""SHINHAN"": 0, ""KAKAOPAY"": 0, ""HYUNDAI"": 0, ""MERITZ"": 0, ""KB"": 0, ""DB"": 0, ""SAMSUNG"": 0}"
high_risk,monte_carlo,all,0.0,150,SHINHAN|KAKAOPAY|HYUNDAI|MERITZ|KB|DB|SAMSUNG,True,True,True,0.0,0,1.0,1.0,"{""SHINHAN"": 0, ""KAKAOPAY"": 0, ""HYUNDAI"": 0, ""MERITZ"": 0, ""KB"": 0, ""DB"": 0, ""SAMSUNG"": 0}"
high_risk,monte_carlo,all,0.0,151,SHINHAN|KAKAOPAY|HYUNDAI|MERITZ|KB|DB|SAMSUNG,True,True,True,0.0,0,1.0,1.0,"{""SHINHAN"": 0, ""KAKAOPAY"": 0, ""HYUNDAI"": 0, ""MERITZ"": 0, ""KB"": 0, ""DB"": 0, ""SAMSUNG"": 0}"
high_risk,monte_carlo,all,0.0,152,SHINHAN|KAKAOPAY|HYUNDAI|MERITZ|KB|DB|SAMSUNG,True,True,True,0.0,0,1.0,1.0,"{""SHINHAN"": 0, ""KAKAOPAY"": 0, ""HYUNDAI"": 0, ""MERITZ"": 0, ""KB"": 0, ""DB"": 0, ""SAMSUNG"": 0}"
high_risk,monte_carlo,all,0.0,153,SHINHAN|KAKAOPAY|HYUNDAI|MERITZ|KB|DB|SAMSUNG,True,True,True,0.0,0,1.0,1.0,"{""SHINHAN"": 0, ""KAKAOPAY"": 0, ""HYUNDAI"": 0, ""MERITZ"": 0, ""KB"": 0, ""DB"": 0, ""SAMSUNG"": 0}"
high_risk,monte_carlo,all,0.0,154,SHINHAN|KAKAOPAY|HYUNDAI|MERITZ|KB|DB|SAMSUNG,True,True,True,0.0,0,1.0,1.0,"{""SHINHAN"": 0, ""KAKAOPAY"": 0, ""HYUNDAI"": 0, ""MERITZ"": 0, ""KB"": 0, ""DB"": 0, ""SAMSUNG"": 0}"
high_risk,monte_carlo,all,0.0,155,SHINHAN|KAKAOPAY|HYUNDAI|MERITZ|KB|DB|SAMSUNG,True,True,True,0.0,0,1.0,1.0,"{""SHINHAN"": 0, ""KAKAOPAY"": 0, ""HYUNDAI"": 0, ""MERITZ"": 0, ""KB"": 0, ""DB"": 0, ""SAMSUNG"": 0}"
high_risk,monte_carlo,all,0.0,156,SHINHAN|KAKAOPAY|HYUNDAI|MERITZ|KB|DB|SAMSUNG,True,True,True,0.0,0,1.0,1.0,"{""SHINHAN"": 0, ""KAKAOPAY"": 0, ""HYUNDAI"": 0, ""MERITZ"": 0, ""KB"": 0, ""DB"": 0, ""SAMSUNG"": 0}"
high_risk,monte_carlo,all,0.0,157,SHINHAN|KAKAOPAY|HYUNDAI|MERITZ|KB|DB|SAMSUNG,True,True,True,0.0,0,1.0,1.0,"{""SHINHAN"": 0, ""KAKAOPAY"": 0, ""HYUNDAI"": 0, ""MERITZ"": 0, ""KB"": 0, ""DB"": 0, ""SAMSUNG"": 0}"
high_risk,monte_carlo,all,0.0,158,SHINHAN|KAKAOPAY|HYUNDAI|MERITZ|KB|DB|SAMSUNG,True,True,True,0.0,0,1.0,1.0,"{""SHINHAN"": 0, ""KAKAOPAY"": 0, ""HYUNDAI"": 0, ""MERITZ"": 0, ""KB"": 0, ""DB"": 0, ""SAMSUNG"": 0}"
high_risk,monte_carlo,all,0.0,159,SHINHAN|KAKAOPAY|HYUNDAI|MERITZ|KB|DB|SAMSUNG,True,True,True,0.0,0,1.0,1.0,"{""SHINHAN"": 0, ""KAKAOPAY"": 0, ""HYUNDAI"": 0, ""MERITZ"": 0, ""KB"": 0, ""DB"": 0, ""SAMSUNG"": 0}"
high_risk,monte_carlo,all,0.0,160,SHINHAN|KAKAOPAY|HYUNDAI|MERITZ|KB|DB|SAMSUNG,True,True,True,0.0,0,1.0,1.0,"{""SHINHAN"": 0, ""KAKAOPAY"": 0, ""HYUNDAI"": 0, ""MERITZ"": 0, ""KB"": 0, ""DB"": 0, ""SAMSUNG"": 0}"
high_risk,monte_carlo,all,0.0,161,SHINHAN|KAKAOPAY|HYUNDAI|MERITZ|KB|DB|SAMSUNG,True,True,True,0.0,0,1.0,1.0,"{""SHINHAN"": 0, ""KAKAOPAY"": 0, ""HYUNDAI"": 0, ""MERITZ"": 0, ""KB"": 0, ""DB"": 0, ""SAMSUNG"": 0}"
high_risk,monte_carlo,all,0.0,162,SHINHAN|KAKAOPAY|HYUNDAI|MERITZ|KB|DB|SAMSUNG,True,True,True,0.0,0,1.0,1.0,"{""SHINHAN"": 0, ""KAKAOPAY"": 0, ""HYUNDAI"": 0, ""MERITZ"": 0, ""KB"": 0, ""DB"": 0, ""SAMSUNG"": 0}"
high_risk,monte_carlo,all,0.0,163,SHINHAN|KAKAOPAY|HYUNDAI|MERITZ|KB|DB|SAMSUNG,True,True,True,0.0,0,1.0,1.0,"{""SHINHAN"": 0, ""KAKAOPAY"": 0, ""HYUNDAI"": 0, ""MERITZ"": 0, ""KB"": 0, ""DB"": 0, ""SAMSUNG"": 0}"
high_risk,monte_carlo,all,0.0,164,SHINHAN|KAKAOPAY|HYUNDAI|MERITZ|KB|DB|SAMSUNG,True,True,True,0.0,0,1.0,1.0,"{""SHINHAN"": 0, ""KAKAOPAY"": 0, ""HYUNDAI"": 0, ""MERITZ"": 0, ""KB"": 0, ""DB"": 0, ""SAMSUNG"": 0}"
high_risk,monte_carlo,all,0.0,165,SHINHAN|KAKAOPAY|HYUNDAI|MERITZ|KB|DB|SAMSUNG,True,True,True,0.0,0,1.0,1.0,"{""SHINHAN"": 0, ""KAKAOPAY"": 0, ""HYUNDAI"": 0, ""MERITZ"": 0, ""KB"": 0, ""DB"": 0, ""SAMSUNG"": 0}"
high_risk,monte_carlo,all,0.0,166,SHINHAN|KAKAOPAY|HYUNDAI|MERITZ|KB|DB|SAMSUNG,True,True,True,0.0,0,1.0,1.0,"{""SHINHAN"": 0, ""KAKAOPAY"": 0, ""HYUNDAI"": 0, ""MERITZ"": 0, ""KB"": 0, ""DB"": 0, ""SAMSUNG"": 0}"
high_risk,monte_carlo,all,0.0,167,SHINHAN|KAKAOPAY|HYUNDAI|MERITZ|KB|DB|SAMSUNG,True,True,True,0.0,0,1.0,1.0,"{""SHINHAN"": 0, ""KAKAOPAY"": 0, ""HYUNDAI"": 0, ""MERITZ"": 0, ""KB"": 0, ""DB"": 0, ""SAMSUNG"": 0}"
high_risk,monte_carlo,all,0.0,168,SHINHAN|KAKAOPAY|HYUNDAI|MERITZ|KB|DB|SAMSUNG,True,True,True,0.0,0,1.0,1.0,"{""SHINHAN"": 0, ""KAKAOPAY"": 0, ""HYUNDAI"": 0, ""MERITZ"": 0, ""KB"": 0, ""DB"": 0, ""SAMSUNG"": 0}"
high_risk,monte_carlo,all,0.0,169,SHINHAN|KAKAOPAY|HYUNDAI|MERITZ|KB|DB|SAMSUNG,True,True,True,0.0,0,1.0,1.0,"{""SHINHAN"": 0, ""KAKAOPAY"": 0, ""HYUNDAI"": 0, ""MERITZ"": 0, ""KB"": 0, ""DB"": 0, ""SAMSUNG"": 0}"
high_risk,monte_carlo,all,0.0,170,SHINHAN|KAKAOPAY|HYUNDAI|MERITZ|KB|DB|SAMSUNG,True,True,True,0.0,0,1.0,1.0,"{""SHINHAN"": 0, ""KAKAOPAY"": 0, ""HYUNDAI"": 0, ""MERITZ"": 0, ""KB"": 0, ""DB"": 0, ""SAMSUNG"": 0}"
high_risk,monte_carlo,all,0.0,171,SHINHAN|KAKAOPAY|HYUNDAI|MERITZ|KB|DB|SAMSUNG,True,True,True,0.0,0,1.0,1.0,"{""SHINHAN"": 0, ""KAKAOPAY"": 0, ""HYUNDAI"": 0, ""MERITZ"": 0, ""KB"": 0, ""DB"": 0, ""SAMSUNG"": 0}"
high_risk,monte_carlo,all,0.0,172,SHINHAN|KAKAOPAY|HYUNDAI|MERITZ|KB|DB|SAMSUNG,True,True,True,0.0,0,1.0,1.0,"{""SHINHAN"": 0, ""KAKAOPAY"": 0, ""HYUNDAI"": 0, ""MERITZ"": 0, ""KB"": 0, ""DB"": 0, ""SAMSUNG"": 0}"
high_risk,monte_carlo,all,0.0,173,SHINHAN|KAKAOPAY|HYUNDAI|MERITZ|KB|DB|SAMSUNG,True,True,True,0.0,0,1.0,1.0,"{""SHINHAN"": 0, ""KAKAOPAY"": 0, ""HYUNDAI"": 0, ""MERITZ"": 0, ""KB"": 0, ""DB"": 0, ""SAMSUNG"": 0}"
high_risk,monte_carlo,all,0.0,174,SHINHAN|KAKAOPAY|HYUNDAI|MERITZ|KB|DB|SAMSUNG,True,True,True,0.0,0,1.0,1.0,"{""SHINHAN"": 0, ""KAKAOPAY"": 0, ""HYUNDAI"": 0, ""MERITZ"": 0, ""KB"": 0, ""DB"": 0, ""SAMSUNG"": 0}"
high_risk,monte_carlo,all,0.0,175,SHINHAN|KAKAOPAY|HYUNDAI|MERITZ|KB|DB|SAMSUNG,True,True,True,0.0,0,1.0,1.0,"{""SHINHAN"": 0, ""KAKAOPAY"": 0, ""HYUNDAI"": 0, ""MERITZ"": 0, ""KB"": 0, ""DB"": 0, ""SAMSUNG"": 0}"
high_risk,monte_carlo,all,0.0,176,SHINHAN|KAKAOPAY|HYUNDAI|MERITZ|KB|DB|SAMSUNG,True,True,True,0.0,0,1.0,1.0,"{""SHINHAN"": 0, ""KAKAOPAY"": 0, ""HYUNDAI"": 0, ""MERITZ"": 0, ""KB"": 0, ""DB"": 0, ""SAMSUNG"": 0}"
high_risk,monte_carlo,all,0.0,177,SHINHAN|KAKAOPAY|HYUNDAI|MERITZ|KB|DB|SAMSUNG,True,True,True,0.0,0,1.0,1.0,"{""SHINHAN"": 0, ""KAKAOPAY"": 0, ""HYUNDAI"": 0, ""MERITZ"": 0, ""KB"": 0, ""DB"": 0, ""SAMSUNG"": 0}"
high_risk,monte_carlo,all,0.0,178,SHINHAN|KAKAOPAY|HYUNDAI|MERITZ|KB|DB|SAMSUNG,True,True,True,0.0,0,1.0,1.0,"{""SHINHAN"": 0, ""KAKAOPAY"": 0, ""HYUNDAI"": 0, ""MERITZ"": 0, ""KB"": 0, ""DB"": 0, ""SAMSUNG"": 0}"
high_risk,monte_carlo,all,0.0,179,SHINHAN|KAKAOPAY|HYUNDAI|MERITZ|KB|DB|SAMSUNG,True,True,True,0.0,0,1.0,1.0,"{""SHINHAN"": 0, ""KAKAOPAY"": 0, ""HYUNDAI"": 0, ""MERITZ"": 0, ""KB"": 0, ""DB"": 0, ""SAMSUNG"": 0}"
high_risk,monte_carlo,all,0.0,180,SHINHAN|KAKAOPAY|HYUNDAI|MERITZ|KB|DB|SAMSUNG,True,True,True,0.0,0,1.0,1.0,"{""SHINHAN"": 0, ""KAKAOPAY"": 0, ""HYUNDAI"": 0, ""MERITZ"": 0, ""KB"": 0, ""DB"": 0, ""SAMSUNG"": 0}"
high_risk,monte_carlo,all,0.0,181,SHINHAN|KAKAOPAY|HYUNDAI|MERITZ|KB|DB|SAMSUNG,True,True,True,0.0,0,1.0,1.0,"{""SHINHAN"": 0, ""KAKAOPAY"": 0, ""HYUNDAI"": 0, ""MERITZ"": 0, ""KB"": 0, ""DB"": 0, ""SAMSUNG"": 0}"
high_risk,monte_carlo,all,0.0,182,SHINHAN|KAKAOPAY|HYUNDAI|MERITZ|KB|DB|SAMSUNG,True,True,True,0.0,0,1.0,1.0,"{""SHINHAN"": 0, ""KAKAOPAY"": 0, ""HYUNDAI"": 0, ""MERITZ"": 0, ""KB"": 0, ""DB"": 0, ""SAMSUNG"": 0}"
high_risk,monte_carlo,all,0.0,183,SHINHAN|KAKAOPAY|HYUNDAI|MERITZ|KB|DB|SAMSUNG,True,True,True,0.0,0,1.0,1.0,"{""SHINHAN"": 0, ""KAKAOPAY"": 0, ""HYUNDAI"": 0, ""MERITZ"": 0, ""KB"": 0, ""DB"": 0, ""SAMSUNG"": 0}"
high_risk,monte_carlo,all,0.0,184,SHINHAN|KAKAOPAY|HYUNDAI|MERITZ|KB|DB|SAMSUNG,True,True,True,0.0,0,1.0,1.0,"{""SHINHAN"": 0, ""KAKAOPAY"": 0, ""HYUNDAI"": 0, ""MERITZ"": 0, ""KB"": 0, ""DB"": 0, ""SAMSUNG"": 0}"
high_risk,monte_carlo,all,0.0,185,SHINHAN|KAKAOPAY|HYUNDAI|MERITZ|KB|DB|SAMSUNG,True,True,True,0.0,0,1.0,1.0,"{""SHINHAN"": 0, ""KAKAOPAY"": 0, ""HYUNDAI"": 0, ""MERITZ"": 0, ""KB"": 0, ""DB"": 0, ""SAMSUNG"": 0}"
high_risk,monte_carlo,all,0.0,186,SHINHAN|KAKAOPAY|HYUNDAI|MERITZ|KB|DB|SAMSUNG,True,True,True,0.0,0,1.0,1.0,"{""SHINHAN"": 0, ""KAKAOPAY"": 0, ""HYUNDAI"": 0, ""MERITZ"": 0, ""KB"": 0, ""DB"": 0, ""SAMSUNG"": 0}"
high_risk,monte_carlo,all,0.0,187,SHINHAN|KAKAOPAY|HYUNDAI|MERITZ|KB|DB|SAMSUNG,True,True,True,0.0,0,1.0,1.0,"{""SHINHAN"": 0, ""KAKAOPAY"": 0, ""HYUNDAI"": 0, ""MERITZ"": 0, ""KB"": 0, ""DB"": 0, ""SAMSUNG"": 0}"
high_risk,monte_carlo,all,0.0,188,SHINHAN|KAKAOPAY|HYUNDAI|MERITZ|KB|DB|SAMSUNG,True,True,True,0.0,0,1.0,1.0,"{""SHINHAN"": 0, ""KAKAOPAY"": 0, ""HYUNDAI"": 0, ""MERITZ"": 0, ""KB"": 0, ""DB"": 0, ""SAMSUNG"": 0}"
high_risk,monte_carlo,all,0.0,189,SHINHAN|KAKAOPAY|HYUNDAI|MERITZ|KB|DB|SAMSUNG,True,True,True,0.0,0,1.0,1.0,"{""SHINHAN"": 0, ""KAKAOPAY"": 0, ""HYUNDAI"": 0, ""MERITZ"": 0, ""KB"": 0, ""DB"": 0, ""SAMSUNG"": 0}"
high_risk,monte_carlo,all,0.0,190,SHINHAN|KAKAOPAY|HYUNDAI|MERITZ|KB|DB|SAMSUNG,True,True,True,0.0,0,1.0,1.0,"{""SHINHAN"": 0, ""KAKAOPAY"": 0, ""HYUNDAI"": 0, ""MERITZ"": 0, ""KB"": 0, ""DB"": 0, ""SAMSUNG"": 0}"
high_risk,monte_carlo,all,0.0,191,SHINHAN|KAKAOPAY|HYUNDAI|MERITZ|KB|DB|SAMSUNG,True,True,True,0.0,0,1.0,1.0,"{""SHINHAN"": 0, ""KAKAOPAY"": 0, ""HYUNDAI"": 0, ""MERITZ"": 0, ""KB"": 0, ""DB"": 0, ""SAMSUNG"": 0}"
high_risk,monte_carlo,all,0.0,192,SHINHAN|KAKAOPAY|HYUNDAI|MERITZ|KB|DB|SAMSUNG,True,True,True,0.0,0,1.0,1.0,"{""SHINHAN"": 0, ""KAKAOPAY"": 0, ""HYUNDAI"": 0, ""MERITZ"": 0, ""KB"": 0, ""DB"": 0, ""SAMSUNG"": 0}"
high_risk,monte_carlo,all,0.0,193,SHINHAN|KAKAOPAY|HYUNDAI|MERITZ|KB|DB|SAMSUNG,True,True,True,0.0,0,1.0,1.0,"{""SHINHAN"": 0, ""KAKAOPAY"": 0, ""HYUNDAI"": 0, ""MERITZ"": 0, ""KB"": 0, ""DB"": 0, ""SAMSUNG"": 0}"
high_risk,monte_carlo,all,0.0,194,SHINHAN|KAKAOPAY|HYUNDAI|MERITZ|KB|DB|SAMSUNG,True,True,True,0.0,0,1.0,1.0,"{""SHINHAN"": 0, ""KAKAOPAY"": 0, ""HYUNDAI"": 0, ""MERITZ"": 0, ""KB"": 0, ""DB"": 0, ""SAMSUNG"": 0}"
high_risk,monte_carlo,all,0.0,195,SHINHAN|KAKAOPAY|HYUNDAI|MERITZ|KB|DB|SAMSUNG,True,True,True,0.0,0,1.0,1.0,"{""SHINHAN"": 0, ""KAKAOPAY"": 0, ""HYUNDAI"": 0, ""MERITZ"": 0, ""KB"": 0, ""DB"": 0, ""SAMSUNG"": 0}"
high_risk,monte_carlo,all,0.0,196,SHINHAN|KAKAOPAY|HYUNDAI|MERITZ|KB|DB|SAMSUNG,True,True,True,0.0,0,1.0,1.0,"{""SHINHAN"": 0, ""KAKAOPAY"": 0, ""HYUNDAI"": 0, ""MERITZ"": 0, ""KB"": 0, ""DB"": 0, ""SAMSUNG"": 0}"
high_risk,monte_carlo,all,0.0,197,SHINHAN|KAKAOPAY|HYUNDAI|MERITZ|KB|DB|SAMSUNG,True,True,True,0.0,0,1.0,1.0,"{""SHINHAN"": 0, ""KAKAOPAY"": 0, ""HYUNDAI"": 0, ""MERITZ"": 0, ""KB"": 0, ""DB"": 0, ""SAMSUNG"": 0}"
high_risk,monte_carlo,all,0.0,198,SHINHAN|KAKAOPAY|HYUNDAI|MERITZ|KB|DB|SAMSUNG,True,True,True,0.0,0,1.0,1.0,"{""SHINHAN"": 0, ""KAKAOPAY"": 0, ""HYUNDAI"": 0, ""MERITZ"": 0, ""KB"": 0, ""DB"": 0, ""SAMSUNG"": 0}"
high_risk,monte_carlo,all,0.0,199,SHINHAN|KAKAOPAY|HYUNDAI|MERITZ|KB|DB|SAMSUNG,True,True,True,0.0,0,1.0,1.0,"{""SHINHAN"": 0, ""KAKAOPAY"": 0, ""HYUNDAI"": 0, ""MERITZ"": 0, ""KB"": 0, ""DB"": 0, ""SAMSUNG"": 0}"
claim_simple,oat_heuristic,priority_multiplier,0.8,0,SHINHAN|HYUNDAI|KAKAOPAY|MERITZ|KB|DB|SAMSUNG,True,True,True,0.0,0,1.0,1.0,"{""SHINHAN"": 0, ""HYUNDAI"": 0, ""KAKAOPAY"": 0, ""MERITZ"": 0, ""KB"": 0, ""DB"": 0, ""SAMSUNG"": 0}"
claim_simple,oat_heuristic,priority_multiplier,0.9,0,SHINHAN|HYUNDAI|KAKAOPAY|MERITZ|KB|DB|SAMSUNG,True,True,True,0.0,0,1.0,1.0,"{""SHINHAN"": 0, ""HYUNDAI"": 0, ""KAKAOPAY"": 0, ""MERITZ"": 0, ""KB"": 0, ""DB"": 0, ""SAMSUNG"": 0}"
claim_simple,oat_heuristic,priority_multiplier,1.1,0,SHINHAN|HYUNDAI|KAKAOPAY|MERITZ|KB|DB|SAMSUNG,True,True,True,0.0,0,1.0,1.0,"{""SHINHAN"": 0, ""HYUNDAI"": 0, ""KAKAOPAY"": 0, ""MERITZ"": 0, ""KB"": 0, ""DB"": 0, ""SAMSUNG"": 0}"
claim_simple,oat_heuristic,priority_multiplier,1.2,0,SHINHAN|HYUNDAI|KAKAOPAY|MERITZ|KB|DB|SAMSUNG,True,True,True,0.0,0,1.0,1.0,"{""SHINHAN"": 0, ""HYUNDAI"": 0, ""KAKAOPAY"": 0, ""MERITZ"": 0, ""KB"": 0, ""DB"": 0, ""SAMSUNG"": 0}"
claim_simple,oat_heuristic,activity_bump,0.8,0,SHINHAN|HYUNDAI|KAKAOPAY|MERITZ|KB|DB|SAMSUNG,True,True,True,0.0,0,1.0,1.0,"{""SHINHAN"": 0, ""HYUNDAI"": 0, ""KAKAOPAY"": 0, ""MERITZ"": 0, ""KB"": 0, ""DB"": 0, ""SAMSUNG"": 0}"
claim_simple,oat_heuristic,activity_bump,0.9,0,SHINHAN|HYUNDAI|KAKAOPAY|MERITZ|KB|DB|SAMSUNG,True,True,True,0.0,0,1.0,1.0,"{""SHINHAN"": 0, ""HYUNDAI"": 0, ""KAKAOPAY"": 0, ""MERITZ"": 0, ""KB"": 0, ""DB"": 0, ""SAMSUNG"": 0}"
claim_simple,oat_heuristic,activity_bump,1.1,0,SHINHAN|HYUNDAI|KAKAOPAY|MERITZ|KB|DB|SAMSUNG,True,True,True,0.0,0,1.0,1.0,"{""SHINHAN"": 0, ""HYUNDAI"": 0, ""KAKAOPAY"": 0, ""MERITZ"": 0, ""KB"": 0, ""DB"": 0, ""SAMSUNG"": 0}"
claim_simple,oat_heuristic,activity_bump,1.2,0,SHINHAN|HYUNDAI|KAKAOPAY|MERITZ|KB|DB|SAMSUNG,True,True,True,0.0,0,1.0,1.0,"{""SHINHAN"": 0, ""HYUNDAI"": 0, ""KAKAOPAY"": 0, ""MERITZ"": 0, ""KB"": 0, ""DB"": 0, ""SAMSUNG"": 0}"
claim_simple,oat_heuristic,companion_bump,0.8,0,SHINHAN|HYUNDAI|KAKAOPAY|MERITZ|KB|DB|SAMSUNG,True,True,True,0.0,0,1.0,1.0,"{""SHINHAN"": 0, ""HYUNDAI"": 0, ""KAKAOPAY"": 0, ""MERITZ"": 0, ""KB"": 0, ""DB"": 0, ""SAMSUNG"": 0}"
claim_simple,oat_heuristic,companion_bump,0.9,0,SHINHAN|HYUNDAI|KAKAOPAY|MERITZ|KB|DB|SAMSUNG,True,True,True,0.0,0,1.0,1.0,"{""SHINHAN"": 0, ""HYUNDAI"": 0, ""KAKAOPAY"": 0, ""MERITZ"": 0, ""KB"": 0, ""DB"": 0, ""SAMSUNG"": 0}"
claim_simple,oat_heuristic,companion_bump,1.1,0,SHINHAN|HYUNDAI|KAKAOPAY|MERITZ|KB|DB|SAMSUNG,True,True,True,0.0,0,1.0,1.0,"{""SHINHAN"": 0, ""HYUNDAI"": 0, ""KAKAOPAY"": 0, ""MERITZ"": 0, ""KB"": 0, ""DB"": 0, ""SAMSUNG"": 0}"
claim_simple,oat_heuristic,companion_bump,1.2,0,SHINHAN|HYUNDAI|KAKAOPAY|MERITZ|KB|DB|SAMSUNG,True,True,True,0.0,0,1.0,1.0,"{""SHINHAN"": 0, ""HYUNDAI"": 0, ""KAKAOPAY"": 0, ""MERITZ"": 0, ""KB"": 0, ""DB"": 0, ""SAMSUNG"": 0}"
claim_simple,oat_heuristic,rental_car_bump,0.8,0,SHINHAN|HYUNDAI|KAKAOPAY|MERITZ|KB|DB|SAMSUNG,True,True,True,0.0,0,1.0,1.0,"{""SHINHAN"": 0, ""HYUNDAI"": 0, ""KAKAOPAY"": 0, ""MERITZ"": 0, ""KB"": 0, ""DB"": 0, ""SAMSUNG"": 0}"
claim_simple,oat_heuristic,rental_car_bump,0.9,0,SHINHAN|HYUNDAI|KAKAOPAY|MERITZ|KB|DB|SAMSUNG,True,True,True,0.0,0,1.0,1.0,"{""SHINHAN"": 0, ""HYUNDAI"": 0, ""KAKAOPAY"": 0, ""MERITZ"": 0, ""KB"": 0, ""DB"": 0, ""SAMSUNG"": 0}"
claim_simple,oat_heuristic,rental_car_bump,1.1,0,SHINHAN|HYUNDAI|KAKAOPAY|MERITZ|KB|DB|SAMSUNG,True,True,True,0.0,0,1.0,1.0,"{""SHINHAN"": 0, ""HYUNDAI"": 0, ""KAKAOPAY"": 0, ""MERITZ"": 0, ""KB"": 0, ""DB"": 0, ""SAMSUNG"": 0}"
claim_simple,oat_heuristic,rental_car_bump,1.2,0,SHINHAN|HYUNDAI|KAKAOPAY|MERITZ|KB|DB|SAMSUNG,True,True,True,0.0,0,1.0,1.0,"{""SHINHAN"": 0, ""HYUNDAI"": 0, ""KAKAOPAY"": 0, ""MERITZ"": 0, ""KB"": 0, ""DB"": 0, ""SAMSUNG"": 0}"
claim_simple,oat_heuristic,risk_emergency_bump,0.8,0,SHINHAN|HYUNDAI|KAKAOPAY|MERITZ|KB|DB|SAMSUNG,True,True,True,0.0,0,1.0,1.0,"{""SHINHAN"": 0, ""HYUNDAI"": 0, ""KAKAOPAY"": 0, ""MERITZ"": 0, ""KB"": 0, ""DB"": 0, ""SAMSUNG"": 0}"
claim_simple,oat_heuristic,risk_emergency_bump,0.9,0,SHINHAN|HYUNDAI|KAKAOPAY|MERITZ|KB|DB|SAMSUNG,True,True,True,0.0,0,1.0,1.0,"{""SHINHAN"": 0, ""HYUNDAI"": 0, ""KAKAOPAY"": 0, ""MERITZ"": 0, ""KB"": 0, ""DB"": 0, ""SAMSUNG"": 0}"
claim_simple,oat_heuristic,risk_emergency_bump,1.1,0,SHINHAN|HYUNDAI|KAKAOPAY|MERITZ|KB|DB|SAMSUNG,True,True,True,0.0,0,1.0,1.0,"{""SHINHAN"": 0, ""HYUNDAI"": 0, ""KAKAOPAY"": 0, ""MERITZ"": 0, ""KB"": 0, ""DB"": 0, ""SAMSUNG"": 0}"
claim_simple,oat_heuristic,risk_emergency_bump,1.2,0,SHINHAN|HYUNDAI|KAKAOPAY|MERITZ|KB|DB|SAMSUNG,True,True,True,0.0,0,1.0,1.0,"{""SHINHAN"": 0, ""HYUNDAI"": 0, ""KAKAOPAY"": 0, ""MERITZ"": 0, ""KB"": 0, ""DB"": 0, ""SAMSUNG"": 0}"
claim_simple,oat_heuristic,risk_illness_bump,0.8,0,SHINHAN|HYUNDAI|KAKAOPAY|MERITZ|KB|DB|SAMSUNG,True,True,True,0.0,0,1.0,1.0,"{""SHINHAN"": 0, ""HYUNDAI"": 0, ""KAKAOPAY"": 0, ""MERITZ"": 0, ""KB"": 0, ""DB"": 0, ""SAMSUNG"": 0}"
claim_simple,oat_heuristic,risk_illness_bump,0.9,0,SHINHAN|HYUNDAI|KAKAOPAY|MERITZ|KB|DB|SAMSUNG,True,True,True,0.0,0,1.0,1.0,"{""SHINHAN"": 0, ""HYUNDAI"": 0, ""KAKAOPAY"": 0, ""MERITZ"": 0, ""KB"": 0, ""DB"": 0, ""SAMSUNG"": 0}"
claim_simple,oat_heuristic,risk_illness_bump,1.1,0,SHINHAN|HYUNDAI|KAKAOPAY|MERITZ|KB|DB|SAMSUNG,True,True,True,0.0,0,1.0,1.0,"{""SHINHAN"": 0, ""HYUNDAI"": 0, ""KAKAOPAY"": 0, ""MERITZ"": 0, ""KB"": 0, ""DB"": 0, ""SAMSUNG"": 0}"
claim_simple,oat_heuristic,risk_illness_bump,1.2,0,SHINHAN|HYUNDAI|KAKAOPAY|MERITZ|KB|DB|SAMSUNG,True,True,True,0.0,0,1.0,1.0,"{""SHINHAN"": 0, ""HYUNDAI"": 0, ""KAKAOPAY"": 0, ""MERITZ"": 0, ""KB"": 0, ""DB"": 0, ""SAMSUNG"": 0}"
claim_simple,oat_heuristic,long_trip_bump,0.8,0,SHINHAN|HYUNDAI|KAKAOPAY|MERITZ|KB|DB|SAMSUNG,True,True,True,0.0,0,1.0,1.0,"{""SHINHAN"": 0, ""HYUNDAI"": 0, ""KAKAOPAY"": 0, ""MERITZ"": 0, ""KB"": 0, ""DB"": 0, ""SAMSUNG"": 0}"
claim_simple,oat_heuristic,long_trip_bump,0.9,0,SHINHAN|HYUNDAI|KAKAOPAY|MERITZ|KB|DB|SAMSUNG,True,True,True,0.0,0,1.0,1.0,"{""SHINHAN"": 0, ""HYUNDAI"": 0, ""KAKAOPAY"": 0, ""MERITZ"": 0, ""KB"": 0, ""DB"": 0, ""SAMSUNG"": 0}"
claim_simple,oat_heuristic,long_trip_bump,1.1,0,SHINHAN|HYUNDAI|KAKAOPAY|MERITZ|KB|DB|SAMSUNG,True,True,True,0.0,0,1.0,1.0,"{""SHINHAN"": 0, ""HYUNDAI"": 0, ""KAKAOPAY"": 0, ""MERITZ"": 0, ""KB"": 0, ""DB"": 0, ""SAMSUNG"": 0}"
claim_simple,oat_heuristic,long_trip_bump,1.2,0,SHINHAN|HYUNDAI|KAKAOPAY|MERITZ|KB|DB|SAMSUNG,True,True,True,0.0,0,1.0,1.0,"{""SHINHAN"": 0, ""HYUNDAI"": 0, ""KAKAOPAY"": 0, ""MERITZ"": 0, ""KB"": 0, ""DB"": 0, ""SAMSUNG"": 0}"
claim_simple,oat_heuristic,senior_illness_bump,0.8,0,SHINHAN|HYUNDAI|KAKAOPAY|MERITZ|KB|DB|SAMSUNG,True,True,True,0.0,0,1.0,1.0,"{""SHINHAN"": 0, ""HYUNDAI"": 0, ""KAKAOPAY"": 0, ""MERITZ"": 0, ""KB"": 0, ""DB"": 0, ""SAMSUNG"": 0}"
claim_simple,oat_heuristic,senior_illness_bump,0.9,0,SHINHAN|HYUNDAI|KAKAOPAY|MERITZ|KB|DB|SAMSUNG,True,True,True,0.0,0,1.0,1.0,"{""SHINHAN"": 0, ""HYUNDAI"": 0, ""KAKAOPAY"": 0, ""MERITZ"": 0, ""KB"": 0, ""DB"": 0, ""SAMSUNG"": 0}"
claim_simple,oat_heuristic,senior_illness_bump,1.1,0,SHINHAN|HYUNDAI|KAKAOPAY|MERITZ|KB|DB|SAMSUNG,True,True,True,0.0,0,1.0,1.0,"{""SHINHAN"": 0, ""HYUNDAI"": 0, ""KAKAOPAY"": 0, ""MERITZ"": 0, ""KB"": 0, ""DB"": 0, ""SAMSUNG"": 0}"
claim_simple,oat_heuristic,senior_illness_bump,1.2,0,SHINHAN|HYUNDAI|KAKAOPAY|MERITZ|KB|DB|SAMSUNG,True,True,True,0.0,0,1.0,1.0,"{""SHINHAN"": 0, ""HYUNDAI"": 0, ""KAKAOPAY"": 0, ""MERITZ"": 0, ""KB"": 0, ""DB"": 0, ""SAMSUNG"": 0}"
claim_simple,oat_heuristic,senior_emergency_bump,0.8,0,SHINHAN|HYUNDAI|KAKAOPAY|MERITZ|KB|DB|SAMSUNG,True,True,True,0.0,0,1.0,1.0,"{""SHINHAN"": 0, ""HYUNDAI"": 0, ""KAKAOPAY"": 0, ""MERITZ"": 0, ""KB"": 0, ""DB"": 0, ""SAMSUNG"": 0}"
claim_simple,oat_heuristic,senior_emergency_bump,0.9,0,SHINHAN|HYUNDAI|KAKAOPAY|MERITZ|KB|DB|SAMSUNG,True,True,True,0.0,0,1.0,1.0,"{""SHINHAN"": 0, ""HYUNDAI"": 0, ""KAKAOPAY"": 0, ""MERITZ"": 0, ""KB"": 0, ""DB"": 0, ""SAMSUNG"": 0}"
claim_simple,oat_heuristic,senior_emergency_bump,1.1,0,SHINHAN|HYUNDAI|KAKAOPAY|MERITZ|KB|DB|SAMSUNG,True,True,True,0.0,0,1.0,1.0,"{""SHINHAN"": 0, ""HYUNDAI"": 0, ""KAKAOPAY"": 0, ""MERITZ"": 0, ""KB"": 0, ""DB"": 0, ""SAMSUNG"": 0}"
claim_simple,oat_heuristic,senior_emergency_bump,1.2,0,SHINHAN|HYUNDAI|KAKAOPAY|MERITZ|KB|DB|SAMSUNG,True,True,True,0.0,0,1.0,1.0,"{""SHINHAN"": 0, ""HYUNDAI"": 0, ""KAKAOPAY"": 0, ""MERITZ"": 0, ""KB"": 0, ""DB"": 0, ""SAMSUNG"": 0}"
claim_simple,oat_axis,axis:amount,0.8,0,SHINHAN|HYUNDAI|KAKAOPAY|MERITZ|KB|DB|SAMSUNG,True,True,True,0.0,0,1.0,1.0,"{""SHINHAN"": 0, ""HYUNDAI"": 0, ""KAKAOPAY"": 0, ""MERITZ"": 0, ""KB"": 0, ""DB"": 0, ""SAMSUNG"": 0}"
claim_simple,oat_axis,axis:amount,0.9,0,SHINHAN|HYUNDAI|KAKAOPAY|MERITZ|KB|DB|SAMSUNG,True,True,True,0.0,0,1.0,1.0,"{""SHINHAN"": 0, ""HYUNDAI"": 0, ""KAKAOPAY"": 0, ""MERITZ"": 0, ""KB"": 0, ""DB"": 0, ""SAMSUNG"": 0}"
claim_simple,oat_axis,axis:amount,1.1,0,SHINHAN|HYUNDAI|KAKAOPAY|MERITZ|KB|DB|SAMSUNG,True,True,True,0.0,0,1.0,1.0,"{""SHINHAN"": 0, ""HYUNDAI"": 0, ""KAKAOPAY"": 0, ""MERITZ"": 0, ""KB"": 0, ""DB"": 0, ""SAMSUNG"": 0}"
claim_simple,oat_axis,axis:amount,1.2,0,SHINHAN|HYUNDAI|KAKAOPAY|MERITZ|KB|DB|SAMSUNG,True,True,True,0.0,0,1.0,1.0,"{""SHINHAN"": 0, ""HYUNDAI"": 0, ""KAKAOPAY"": 0, ""MERITZ"": 0, ""KB"": 0, ""DB"": 0, ""SAMSUNG"": 0}"
claim_simple,oat_axis,axis:clause,0.8,0,SHINHAN|HYUNDAI|KAKAOPAY|MERITZ|KB|DB|SAMSUNG,True,True,True,0.0,0,1.0,1.0,"{""SHINHAN"": 0, ""HYUNDAI"": 0, ""KAKAOPAY"": 0, ""MERITZ"": 0, ""KB"": 0, ""DB"": 0, ""SAMSUNG"": 0}"
claim_simple,oat_axis,axis:clause,0.9,0,SHINHAN|HYUNDAI|KAKAOPAY|MERITZ|KB|DB|SAMSUNG,True,True,True,0.0,0,1.0,1.0,"{""SHINHAN"": 0, ""HYUNDAI"": 0, ""KAKAOPAY"": 0, ""MERITZ"": 0, ""KB"": 0, ""DB"": 0, ""SAMSUNG"": 0}"
claim_simple,oat_axis,axis:clause,1.1,0,SHINHAN|HYUNDAI|KAKAOPAY|MERITZ|KB|DB|SAMSUNG,True,True,True,0.0,0,1.0,1.0,"{""SHINHAN"": 0, ""HYUNDAI"": 0, ""KAKAOPAY"": 0, ""MERITZ"": 0, ""KB"": 0, ""DB"": 0, ""SAMSUNG"": 0}"
claim_simple,oat_axis,axis:clause,1.2,0,SHINHAN|HYUNDAI|KAKAOPAY|MERITZ|KB|DB|SAMSUNG,True,True,True,0.0,0,1.0,1.0,"{""SHINHAN"": 0, ""HYUNDAI"": 0, ""KAKAOPAY"": 0, ""MERITZ"": 0, ""KB"": 0, ""DB"": 0, ""SAMSUNG"": 0}"
claim_simple,oat_axis,axis:price,0.8,0,SHINHAN|HYUNDAI|KAKAOPAY|MERITZ|KB|DB|SAMSUNG,True,True,True,0.0,0,1.0,1.0,"{""SHINHAN"": 0, ""HYUNDAI"": 0, ""KAKAOPAY"": 0, ""MERITZ"": 0, ""KB"": 0, ""DB"": 0, ""SAMSUNG"": 0}"
claim_simple,oat_axis,axis:price,0.9,0,SHINHAN|HYUNDAI|KAKAOPAY|MERITZ|KB|DB|SAMSUNG,True,True,True,0.0,0,1.0,1.0,"{""SHINHAN"": 0, ""HYUNDAI"": 0, ""KAKAOPAY"": 0, ""MERITZ"": 0, ""KB"": 0, ""DB"": 0, ""SAMSUNG"": 0}"
claim_simple,oat_axis,axis:price,1.1,0,SHINHAN|HYUNDAI|KAKAOPAY|MERITZ|KB|DB|SAMSUNG,True,True,True,0.0,0,1.0,1.0,"{""SHINHAN"": 0, ""HYUNDAI"": 0, ""KAKAOPAY"": 0, ""MERITZ"": 0, ""KB"": 0, ""DB"": 0, ""SAMSUNG"": 0}"
claim_simple,oat_axis,axis:price,1.2,0,SHINHAN|HYUNDAI|KAKAOPAY|MERITZ|KB|DB|SAMSUNG,True,True,True,0.0,0,1.0,1.0,"{""SHINHAN"": 0, ""HYUNDAI"": 0, ""KAKAOPAY"": 0, ""MERITZ"": 0, ""KB"": 0, ""DB"": 0, ""SAMSUNG"": 0}"
claim_simple,oat_axis,axis:overlap,0.8,0,SHINHAN|HYUNDAI|KAKAOPAY|MERITZ|KB|DB|SAMSUNG,True,True,True,0.0,0,1.0,1.0,"{""SHINHAN"": 0, ""HYUNDAI"": 0, ""KAKAOPAY"": 0, ""MERITZ"": 0, ""KB"": 0, ""DB"": 0, ""SAMSUNG"": 0}"
claim_simple,oat_axis,axis:overlap,0.9,0,SHINHAN|HYUNDAI|KAKAOPAY|MERITZ|KB|DB|SAMSUNG,True,True,True,0.0,0,1.0,1.0,"{""SHINHAN"": 0, ""HYUNDAI"": 0, ""KAKAOPAY"": 0, ""MERITZ"": 0, ""KB"": 0, ""DB"": 0, ""SAMSUNG"": 0}"
claim_simple,oat_axis,axis:overlap,1.1,0,SHINHAN|HYUNDAI|KAKAOPAY|MERITZ|KB|DB|SAMSUNG,True,True,True,0.0,0,1.0,1.0,"{""SHINHAN"": 0, ""HYUNDAI"": 0, ""KAKAOPAY"": 0, ""MERITZ"": 0, ""KB"": 0, ""DB"": 0, ""SAMSUNG"": 0}"
claim_simple,oat_axis,axis:overlap,1.2,0,SHINHAN|HYUNDAI|KAKAOPAY|MERITZ|KB|DB|SAMSUNG,True,True,True,0.0,0,1.0,1.0,"{""SHINHAN"": 0, ""HYUNDAI"": 0, ""KAKAOPAY"": 0, ""MERITZ"": 0, ""KB"": 0, ""DB"": 0, ""SAMSUNG"": 0}"
claim_simple,oat_axis,axis:activity,0.8,0,SHINHAN|HYUNDAI|KAKAOPAY|MERITZ|KB|DB|SAMSUNG,True,True,True,0.0,0,1.0,1.0,"{""SHINHAN"": 0, ""HYUNDAI"": 0, ""KAKAOPAY"": 0, ""MERITZ"": 0, ""KB"": 0, ""DB"": 0, ""SAMSUNG"": 0}"
claim_simple,oat_axis,axis:activity,0.9,0,SHINHAN|HYUNDAI|KAKAOPAY|MERITZ|KB|DB|SAMSUNG,True,True,True,0.0,0,1.0,1.0,"{""SHINHAN"": 0, ""HYUNDAI"": 0, ""KAKAOPAY"": 0, ""MERITZ"": 0, ""KB"": 0, ""DB"": 0, ""SAMSUNG"": 0}"
claim_simple,oat_axis,axis:activity,1.1,0,SHINHAN|HYUNDAI|KAKAOPAY|MERITZ|KB|DB|SAMSUNG,True,True,True,0.0,0,1.0,1.0,"{""SHINHAN"": 0, ""HYUNDAI"": 0, ""KAKAOPAY"": 0, ""MERITZ"": 0, ""KB"": 0, ""DB"": 0, ""SAMSUNG"": 0}"
claim_simple,oat_axis,axis:activity,1.2,0,SHINHAN|HYUNDAI|KAKAOPAY|MERITZ|KB|DB|SAMSUNG,True,True,True,0.0,0,1.0,1.0,"{""SHINHAN"": 0, ""HYUNDAI"": 0, ""KAKAOPAY"": 0, ""MERITZ"": 0, ""KB"": 0, ""DB"": 0, ""SAMSUNG"": 0}"
claim_simple,monte_carlo,all,0.0,0,SHINHAN|HYUNDAI|KAKAOPAY|MERITZ|KB|DB|SAMSUNG,True,True,True,0.0,0,1.0,1.0,"{""SHINHAN"": 0, ""HYUNDAI"": 0, ""KAKAOPAY"": 0, ""MERITZ"": 0, ""KB"": 0, ""DB"": 0, ""SAMSUNG"": 0}"
claim_simple,monte_carlo,all,0.0,1,SHINHAN|HYUNDAI|KAKAOPAY|MERITZ|KB|DB|SAMSUNG,True,True,True,0.0,0,1.0,1.0,"{""SHINHAN"": 0, ""HYUNDAI"": 0, ""KAKAOPAY"": 0, ""MERITZ"": 0, ""KB"": 0, ""DB"": 0, ""SAMSUNG"": 0}"
claim_simple,monte_carlo,all,0.0,2,SHINHAN|HYUNDAI|KAKAOPAY|MERITZ|KB|DB|SAMSUNG,True,True,True,0.0,0,1.0,1.0,"{""SHINHAN"": 0, ""HYUNDAI"": 0, ""KAKAOPAY"": 0, ""MERITZ"": 0, ""KB"": 0, ""DB"": 0, ""SAMSUNG"": 0}"
claim_simple,monte_carlo,all,0.0,3,SHINHAN|HYUNDAI|KAKAOPAY|MERITZ|KB|DB|SAMSUNG,True,True,True,0.0,0,1.0,1.0,"{""SHINHAN"": 0, ""HYUNDAI"": 0, ""KAKAOPAY"": 0, ""MERITZ"": 0, ""KB"": 0, ""DB"": 0, ""SAMSUNG"": 0}"
claim_simple,monte_carlo,all,0.0,4,SHINHAN|HYUNDAI|KAKAOPAY|MERITZ|KB|DB|SAMSUNG,True,True,True,0.0,0,1.0,1.0,"{""SHINHAN"": 0, ""HYUNDAI"": 0, ""KAKAOPAY"": 0, ""MERITZ"": 0, ""KB"": 0, ""DB"": 0, ""SAMSUNG"": 0}"
claim_simple,monte_carlo,all,0.0,5,SHINHAN|HYUNDAI|KAKAOPAY|MERITZ|KB|DB|SAMSUNG,True,True,True,0.0,0,1.0,1.0,"{""SHINHAN"": 0, ""HYUNDAI"": 0, ""KAKAOPAY"": 0, ""MERITZ"": 0, ""KB"": 0, ""DB"": 0, ""SAMSUNG"": 0}"
claim_simple,monte_carlo,all,0.0,6,SHINHAN|HYUNDAI|KAKAOPAY|MERITZ|KB|DB|SAMSUNG,True,True,True,0.0,0,1.0,1.0,"{""SHINHAN"": 0, ""HYUNDAI"": 0, ""KAKAOPAY"": 0, ""MERITZ"": 0, ""KB"": 0, ""DB"": 0, ""SAMSUNG"": 0}"
claim_simple,monte_carlo,all,0.0,7,SHINHAN|HYUNDAI|KAKAOPAY|MERITZ|KB|DB|SAMSUNG,True,True,True,0.0,0,1.0,1.0,"{""SHINHAN"": 0, ""HYUNDAI"": 0, ""KAKAOPAY"": 0, ""MERITZ"": 0, ""KB"": 0, ""DB"": 0, ""SAMSUNG"": 0}"
claim_simple,monte_carlo,all,0.0,8,SHINHAN|HYUNDAI|KAKAOPAY|MERITZ|KB|DB|SAMSUNG,True,True,True,0.0,0,1.0,1.0,"{""SHINHAN"": 0, ""HYUNDAI"": 0, ""KAKAOPAY"": 0, ""MERITZ"": 0, ""KB"": 0, ""DB"": 0, ""SAMSUNG"": 0}"
claim_simple,monte_carlo,all,0.0,9,SHINHAN|HYUNDAI|KAKAOPAY|MERITZ|KB|DB|SAMSUNG,True,True,True,0.0,0,1.0,1.0,"{""SHINHAN"": 0, ""HYUNDAI"": 0, ""KAKAOPAY"": 0, ""MERITZ"": 0, ""KB"": 0, ""DB"": 0, ""SAMSUNG"": 0}"
claim_simple,monte_carlo,all,0.0,10,SHINHAN|HYUNDAI|KAKAOPAY|MERITZ|KB|DB|SAMSUNG,True,True,True,0.0,0,1.0,1.0,"{""SHINHAN"": 0, ""HYUNDAI"": 0, ""KAKAOPAY"": 0, ""MERITZ"": 0, ""KB"": 0, ""DB"": 0, ""SAMSUNG"": 0}"
claim_simple,monte_carlo,all,0.0,11,SHINHAN|HYUNDAI|KAKAOPAY|MERITZ|KB|DB|SAMSUNG,True,True,True,0.0,0,1.0,1.0,"{""SHINHAN"": 0, ""HYUNDAI"": 0, ""KAKAOPAY"": 0, ""MERITZ"": 0, ""KB"": 0, ""DB"": 0, ""SAMSUNG"": 0}"
claim_simple,monte_carlo,all,0.0,12,SHINHAN|HYUNDAI|KAKAOPAY|MERITZ|KB|DB|SAMSUNG,True,True,True,0.0,0,1.0,1.0,"{""SHINHAN"": 0, ""HYUNDAI"": 0, ""KAKAOPAY"": 0, ""MERITZ"": 0, ""KB"": 0, ""DB"": 0, ""SAMSUNG"": 0}"
claim_simple,monte_carlo,all,0.0,13,SHINHAN|HYUNDAI|KAKAOPAY|MERITZ|KB|DB|SAMSUNG,True,True,True,0.0,0,1.0,1.0,"{""SHINHAN"": 0, ""HYUNDAI"": 0, ""KAKAOPAY"": 0, ""MERITZ"": 0, ""KB"": 0, ""DB"": 0, ""SAMSUNG"": 0}"
claim_simple,monte_carlo,all,0.0,14,SHINHAN|HYUNDAI|KAKAOPAY|MERITZ|KB|DB|SAMSUNG,True,True,True,0.0,0,1.0,1.0,"{""SHINHAN"": 0, ""HYUNDAI"": 0, ""KAKAOPAY"": 0, ""MERITZ"": 0, ""KB"": 0, ""DB"": 0, ""SAMSUNG"": 0}"
claim_simple,monte_carlo,all,0.0,15,SHINHAN|HYUNDAI|KAKAOPAY|MERITZ|KB|DB|SAMSUNG,True,True,True,0.0,0,1.0,1.0,"{""SHINHAN"": 0, ""HYUNDAI"": 0, ""KAKAOPAY"": 0, ""MERITZ"": 0, ""KB"": 0, ""DB"": 0, ""SAMSUNG"": 0}"
claim_simple,monte_carlo,all,0.0,16,SHINHAN|HYUNDAI|KAKAOPAY|MERITZ|KB|DB|SAMSUNG,True,True,True,0.0,0,1.0,1.0,"{""SHINHAN"": 0, ""HYUNDAI"": 0, ""KAKAOPAY"": 0, ""MERITZ"": 0, ""KB"": 0, ""DB"": 0, ""SAMSUNG"": 0}"
claim_simple,monte_carlo,all,0.0,17,SHINHAN|HYUNDAI|KAKAOPAY|MERITZ|KB|DB|SAMSUNG,True,True,True,0.0,0,1.0,1.0,"{""SHINHAN"": 0, ""HYUNDAI"": 0, ""KAKAOPAY"": 0, ""MERITZ"": 0, ""KB"": 0, ""DB"": 0, ""SAMSUNG"": 0}"
claim_simple,monte_carlo,all,0.0,18,SHINHAN|HYUNDAI|KAKAOPAY|MERITZ|KB|DB|SAMSUNG,True,True,True,0.0,0,1.0,1.0,"{""SHINHAN"": 0, ""HYUNDAI"": 0, ""KAKAOPAY"": 0, ""MERITZ"": 0, ""KB"": 0, ""DB"": 0, ""SAMSUNG"": 0}"
claim_simple,monte_carlo,all,0.0,19,SHINHAN|HYUNDAI|KAKAOPAY|MERITZ|KB|DB|SAMSUNG,True,True,True,0.0,0,1.0,1.0,"{""SHINHAN"": 0, ""HYUNDAI"": 0, ""KAKAOPAY"": 0, ""MERITZ"": 0, ""KB"": 0, ""DB"": 0, ""SAMSUNG"": 0}"
claim_simple,monte_carlo,all,0.0,20,SHINHAN|HYUNDAI|KAKAOPAY|MERITZ|KB|DB|SAMSUNG,True,True,True,0.0,0,1.0,1.0,"{""SHINHAN"": 0, ""HYUNDAI"": 0, ""KAKAOPAY"": 0, ""MERITZ"": 0, ""KB"": 0, ""DB"": 0, ""SAMSUNG"": 0}"
claim_simple,monte_carlo,all,0.0,21,SHINHAN|HYUNDAI|KAKAOPAY|MERITZ|KB|DB|SAMSUNG,True,True,True,0.0,0,1.0,1.0,"{""SHINHAN"": 0, ""HYUNDAI"": 0, ""KAKAOPAY"": 0, ""MERITZ"": 0, ""KB"": 0, ""DB"": 0, ""SAMSUNG"": 0}"
claim_simple,monte_carlo,all,0.0,22,SHINHAN|HYUNDAI|KAKAOPAY|MERITZ|KB|DB|SAMSUNG,True,True,True,0.0,0,1.0,1.0,"{""SHINHAN"": 0, ""HYUNDAI"": 0, ""KAKAOPAY"": 0, ""MERITZ"": 0, ""KB"": 0, ""DB"": 0, ""SAMSUNG"": 0}"
claim_simple,monte_carlo,all,0.0,23,SHINHAN|HYUNDAI|KAKAOPAY|MERITZ|KB|DB|SAMSUNG,True,True,True,0.0,0,1.0,1.0,"{""SHINHAN"": 0, ""HYUNDAI"": 0, ""KAKAOPAY"": 0, ""MERITZ"": 0, ""KB"": 0, ""DB"": 0, ""SAMSUNG"": 0}"
claim_simple,monte_carlo,all,0.0,24,SHINHAN|HYUNDAI|KAKAOPAY|MERITZ|KB|DB|SAMSUNG,True,True,True,0.0,0,1.0,1.0,"{""SHINHAN"": 0, ""HYUNDAI"": 0, ""KAKAOPAY"": 0, ""MERITZ"": 0, ""KB"": 0, ""DB"": 0, ""SAMSUNG"": 0}"
claim_simple,monte_carlo,all,0.0,25,SHINHAN|HYUNDAI|KAKAOPAY|MERITZ|KB|DB|SAMSUNG,True,True,True,0.0,0,1.0,1.0,"{""SHINHAN"": 0, ""HYUNDAI"": 0, ""KAKAOPAY"": 0, ""MERITZ"": 0, ""KB"": 0, ""DB"": 0, ""SAMSUNG"": 0}"
claim_simple,monte_carlo,all,0.0,26,SHINHAN|HYUNDAI|KAKAOPAY|MERITZ|KB|DB|SAMSUNG,True,True,True,0.0,0,1.0,1.0,"{""SHINHAN"": 0, ""HYUNDAI"": 0, ""KAKAOPAY"": 0, ""MERITZ"": 0, ""KB"": 0, ""DB"": 0, ""SAMSUNG"": 0}"
claim_simple,monte_carlo,all,0.0,27,SHINHAN|HYUNDAI|KAKAOPAY|MERITZ|KB|DB|SAMSUNG,True,True,True,0.0,0,1.0,1.0,"{""SHINHAN"": 0, ""HYUNDAI"": 0, ""KAKAOPAY"": 0, ""MERITZ"": 0, ""KB"": 0, ""DB"": 0, ""SAMSUNG"": 0}"
claim_simple,monte_carlo,all,0.0,28,SHINHAN|HYUNDAI|KAKAOPAY|MERITZ|KB|DB|SAMSUNG,True,True,True,0.0,0,1.0,1.0,"{""SHINHAN"": 0, ""HYUNDAI"": 0, ""KAKAOPAY"": 0, ""MERITZ"": 0, ""KB"": 0, ""DB"": 0, ""SAMSUNG"": 0}"
claim_simple,monte_carlo,all,0.0,29,SHINHAN|HYUNDAI|KAKAOPAY|MERITZ|KB|DB|SAMSUNG,True,True,True,0.0,0,1.0,1.0,"{""SHINHAN"": 0, ""HYUNDAI"": 0, ""KAKAOPAY"": 0, ""MERITZ"": 0, ""KB"": 0, ""DB"": 0, ""SAMSUNG"": 0}"
claim_simple,monte_carlo,all,0.0,30,SHINHAN|HYUNDAI|KAKAOPAY|MERITZ|KB|DB|SAMSUNG,True,True,True,0.0,0,1.0,1.0,"{""SHINHAN"": 0, ""HYUNDAI"": 0, ""KAKAOPAY"": 0, ""MERITZ"": 0, ""KB"": 0, ""DB"": 0, ""SAMSUNG"": 0}"
claim_simple,monte_carlo,all,0.0,31,SHINHAN|HYUNDAI|KAKAOPAY|MERITZ|KB|DB|SAMSUNG,True,True,True,0.0,0,1.0,1.0,"{""SHINHAN"": 0, ""HYUNDAI"": 0, ""KAKAOPAY"": 0, ""MERITZ"": 0, ""KB"": 0, ""DB"": 0, ""SAMSUNG"": 0}"
claim_simple,monte_carlo,all,0.0,32,SHINHAN|HYUNDAI|KAKAOPAY|MERITZ|KB|DB|SAMSUNG,True,True,True,0.0,0,1.0,1.0,"{""SHINHAN"": 0, ""HYUNDAI"": 0, ""KAKAOPAY"": 0, ""MERITZ"": 0, ""KB"": 0, ""DB"": 0, ""SAMSUNG"": 0}"
claim_simple,monte_carlo,all,0.0,33,SHINHAN|HYUNDAI|KAKAOPAY|MERITZ|KB|DB|SAMSUNG,True,True,True,0.0,0,1.0,1.0,"{""SHINHAN"": 0, ""HYUNDAI"": 0, ""KAKAOPAY"": 0, ""MERITZ"": 0, ""KB"": 0, ""DB"": 0, ""SAMSUNG"": 0}"
claim_simple,monte_carlo,all,0.0,34,SHINHAN|HYUNDAI|KAKAOPAY|MERITZ|KB|DB|SAMSUNG,True,True,True,0.0,0,1.0,1.0,"{""SHINHAN"": 0, ""HYUNDAI"": 0, ""KAKAOPAY"": 0, ""MERITZ"": 0, ""KB"": 0, ""DB"": 0, ""SAMSUNG"": 0}"
claim_simple,monte_carlo,all,0.0,35,SHINHAN|HYUNDAI|KAKAOPAY|MERITZ|KB|DB|SAMSUNG,True,True,True,0.0,0,1.0,1.0,"{""SHINHAN"": 0, ""HYUNDAI"": 0, ""KAKAOPAY"": 0, ""MERITZ"": 0, ""KB"": 0, ""DB"": 0, ""SAMSUNG"": 0}"
claim_simple,monte_carlo,all,0.0,36,SHINHAN|HYUNDAI|KAKAOPAY|MERITZ|KB|DB|SAMSUNG,True,True,True,0.0,0,1.0,1.0,"{""SHINHAN"": 0, ""HYUNDAI"": 0, ""KAKAOPAY"": 0, ""MERITZ"": 0, ""KB"": 0, ""DB"": 0, ""SAMSUNG"": 0}"
claim_simple,monte_carlo,all,0.0,37,SHINHAN|HYUNDAI|KAKAOPAY|MERITZ|KB|DB|SAMSUNG,True,True,True,0.0,0,1.0,1.0,"{""SHINHAN"": 0, ""HYUNDAI"": 0, ""KAKAOPAY"": 0, ""MERITZ"": 0, ""KB"": 0, ""DB"": 0, ""SAMSUNG"": 0}"
claim_simple,monte_carlo,all,0.0,38,SHINHAN|HYUNDAI|KAKAOPAY|MERITZ|KB|DB|SAMSUNG,True,True,True,0.0,0,1.0,1.0,"{""SHINHAN"": 0, ""HYUNDAI"": 0, ""KAKAOPAY"": 0, ""MERITZ"": 0, ""KB"": 0, ""DB"": 0, ""SAMSUNG"": 0}"
claim_simple,monte_carlo,all,0.0,39,SHINHAN|HYUNDAI|KAKAOPAY|MERITZ|KB|DB|SAMSUNG,True,True,True,0.0,0,1.0,1.0,"{""SHINHAN"": 0, ""HYUNDAI"": 0, ""KAKAOPAY"": 0, ""MERITZ"": 0, ""KB"": 0, ""DB"": 0, ""SAMSUNG"": 0}"
claim_simple,monte_carlo,all,0.0,40,SHINHAN|HYUNDAI|KAKAOPAY|MERITZ|KB|DB|SAMSUNG,True,True,True,0.0,0,1.0,1.0,"{""SHINHAN"": 0, ""HYUNDAI"": 0, ""KAKAOPAY"": 0, ""MERITZ"": 0, ""KB"": 0, ""DB"": 0, ""SAMSUNG"": 0}"
claim_simple,monte_carlo,all,0.0,41,SHINHAN|HYUNDAI|KAKAOPAY|MERITZ|KB|DB|SAMSUNG,True,True,True,0.0,0,1.0,1.0,"{""SHINHAN"": 0, ""HYUNDAI"": 0, ""KAKAOPAY"": 0, ""MERITZ"": 0, ""KB"": 0, ""DB"": 0, ""SAMSUNG"": 0}"
claim_simple,monte_carlo,all,0.0,42,SHINHAN|HYUNDAI|KAKAOPAY|MERITZ|KB|DB|SAMSUNG,True,True,True,0.0,0,1.0,1.0,"{""SHINHAN"": 0, ""HYUNDAI"": 0, ""KAKAOPAY"": 0, ""MERITZ"": 0, ""KB"": 0, ""DB"": 0, ""SAMSUNG"": 0}"
claim_simple,monte_carlo,all,0.0,43,SHINHAN|HYUNDAI|KAKAOPAY|MERITZ|KB|DB|SAMSUNG,True,True,True,0.0,0,1.0,1.0,"{""SHINHAN"": 0, ""HYUNDAI"": 0, ""KAKAOPAY"": 0, ""MERITZ"": 0, ""KB"": 0, ""DB"": 0, ""SAMSUNG"": 0}"
claim_simple,monte_carlo,all,0.0,44,SHINHAN|HYUNDAI|KAKAOPAY|MERITZ|KB|DB|SAMSUNG,True,True,True,0.0,0,1.0,1.0,"{""SHINHAN"": 0, ""HYUNDAI"": 0, ""KAKAOPAY"": 0, ""MERITZ"": 0, ""KB"": 0, ""DB"": 0, ""SAMSUNG"": 0}"
claim_simple,monte_carlo,all,0.0,45,SHINHAN|HYUNDAI|KAKAOPAY|MERITZ|KB|DB|SAMSUNG,True,True,True,0.0,0,1.0,1.0,"{""SHINHAN"": 0, ""HYUNDAI"": 0, ""KAKAOPAY"": 0, ""MERITZ"": 0, ""KB"": 0, ""DB"": 0, ""SAMSUNG"": 0}"
claim_simple,monte_carlo,all,0.0,46,SHINHAN|HYUNDAI|KAKAOPAY|MERITZ|KB|DB|SAMSUNG,True,True,True,0.0,0,1.0,1.0,"{""SHINHAN"": 0, ""HYUNDAI"": 0, ""KAKAOPAY"": 0, ""MERITZ"": 0, ""KB"": 0, ""DB"": 0, ""SAMSUNG"": 0}"
claim_simple,monte_carlo,all,0.0,47,SHINHAN|HYUNDAI|KAKAOPAY|MERITZ|KB|DB|SAMSUNG,True,True,True,0.0,0,1.0,1.0,"{""SHINHAN"": 0, ""HYUNDAI"": 0, ""KAKAOPAY"": 0, ""MERITZ"": 0, ""KB"": 0, ""DB"": 0, ""SAMSUNG"": 0}"
claim_simple,monte_carlo,all,0.0,48,SHINHAN|HYUNDAI|KAKAOPAY|MERITZ|KB|DB|SAMSUNG,True,True,True,0.0,0,1.0,1.0,"{""SHINHAN"": 0, ""HYUNDAI"": 0, ""KAKAOPAY"": 0, ""MERITZ"": 0, ""KB"": 0, ""DB"": 0, ""SAMSUNG"": 0}"
claim_simple,monte_carlo,all,0.0,49,SHINHAN|HYUNDAI|KAKAOPAY|MERITZ|KB|DB|SAMSUNG,True,True,True,0.0,0,1.0,1.0,"{""SHINHAN"": 0, ""HYUNDAI"": 0, ""KAKAOPAY"": 0, ""MERITZ"": 0, ""KB"": 0, ""DB"": 0, ""SAMSUNG"": 0}"
claim_simple,monte_carlo,all,0.0,50,SHINHAN|HYUNDAI|KAKAOPAY|MERITZ|KB|DB|SAMSUNG,True,True,True,0.0,0,1.0,1.0,"{""SHINHAN"": 0, ""HYUNDAI"": 0, ""KAKAOPAY"": 0, ""MERITZ"": 0, ""KB"": 0, ""DB"": 0, ""SAMSUNG"": 0}"
claim_simple,monte_carlo,all,0.0,51,SHINHAN|HYUNDAI|KAKAOPAY|MERITZ|KB|DB|SAMSUNG,True,True,True,0.0,0,1.0,1.0,"{""SHINHAN"": 0, ""HYUNDAI"": 0, ""KAKAOPAY"": 0, ""MERITZ"": 0, ""KB"": 0, ""DB"": 0, ""SAMSUNG"": 0}"
claim_simple,monte_carlo,all,0.0,52,SHINHAN|HYUNDAI|KAKAOPAY|MERITZ|KB|DB|SAMSUNG,True,True,True,0.0,0,1.0,1.0,"{""SHINHAN"": 0, ""HYUNDAI"": 0, ""KAKAOPAY"": 0, ""MERITZ"": 0, ""KB"": 0, ""DB"": 0, ""SAMSUNG"": 0}"
claim_simple,monte_carlo,all,0.0,53,SHINHAN|HYUNDAI|KAKAOPAY|MERITZ|KB|DB|SAMSUNG,True,True,True,0.0,0,1.0,1.0,"{""SHINHAN"": 0, ""HYUNDAI"": 0, ""KAKAOPAY"": 0, ""MERITZ"": 0, ""KB"": 0, ""DB"": 0, ""SAMSUNG"": 0}"
claim_simple,monte_carlo,all,0.0,54,SHINHAN|HYUNDAI|KAKAOPAY|MERITZ|KB|DB|SAMSUNG,True,True,True,0.0,0,1.0,1.0,"{""SHINHAN"": 0, ""HYUNDAI"": 0, ""KAKAOPAY"": 0, ""MERITZ"": 0, ""KB"": 0, ""DB"": 0, ""SAMSUNG"": 0}"
claim_simple,monte_carlo,all,0.0,55,SHINHAN|HYUNDAI|KAKAOPAY|MERITZ|KB|DB|SAMSUNG,True,True,True,0.0,0,1.0,1.0,"{""SHINHAN"": 0, ""HYUNDAI"": 0, ""KAKAOPAY"": 0, ""MERITZ"": 0, ""KB"": 0, ""DB"": 0, ""SAMSUNG"": 0}"
claim_simple,monte_carlo,all,0.0,56,SHINHAN|HYUNDAI|KAKAOPAY|MERITZ|KB|DB|SAMSUNG,True,True,True,0.0,0,1.0,1.0,"{""SHINHAN"": 0, ""HYUNDAI"": 0, ""KAKAOPAY"": 0, ""MERITZ"": 0, ""KB"": 0, ""DB"": 0, ""SAMSUNG"": 0}"
claim_simple,monte_carlo,all,0.0,57,SHINHAN|HYUNDAI|KAKAOPAY|MERITZ|KB|DB|SAMSUNG,True,True,True,0.0,0,1.0,1.0,"{""SHINHAN"": 0, ""HYUNDAI"": 0, ""KAKAOPAY"": 0, ""MERITZ"": 0, ""KB"": 0, ""DB"": 0, ""SAMSUNG"": 0}"
claim_simple,monte_carlo,all,0.0,58,SHINHAN|HYUNDAI|KAKAOPAY|MERITZ|KB|DB|SAMSUNG,True,True,True,0.0,0,1.0,1.0,"{""SHINHAN"": 0, ""HYUNDAI"": 0, ""KAKAOPAY"": 0, ""MERITZ"": 0, ""KB"": 0, ""DB"": 0, ""SAMSUNG"": 0}"
claim_simple,monte_carlo,all,0.0,59,SHINHAN|HYUNDAI|KAKAOPAY|MERITZ|KB|DB|SAMSUNG,True,True,True,0.0,0,1.0,1.0,"{""SHINHAN"": 0, ""HYUNDAI"": 0, ""KAKAOPAY"": 0, ""MERITZ"": 0, ""KB"": 0, ""DB"": 0, ""SAMSUNG"": 0}"
claim_simple,monte_carlo,all,0.0,60,SHINHAN|HYUNDAI|KAKAOPAY|MERITZ|KB|DB|SAMSUNG,True,True,True,0.0,0,1.0,1.0,"{""SHINHAN"": 0, ""HYUNDAI"": 0, ""KAKAOPAY"": 0, ""MERITZ"": 0, ""KB"": 0, ""DB"": 0, ""SAMSUNG"": 0}"
claim_simple,monte_carlo,all,0.0,61,SHINHAN|HYUNDAI|KAKAOPAY|MERITZ|KB|DB|SAMSUNG,True,True,True,0.0,0,1.0,1.0,"{""SHINHAN"": 0, ""HYUNDAI"": 0, ""KAKAOPAY"": 0, ""MERITZ"": 0, ""KB"": 0, ""DB"": 0, ""SAMSUNG"": 0}"
claim_simple,monte_carlo,all,0.0,62,SHINHAN|HYUNDAI|KAKAOPAY|MERITZ|KB|DB|SAMSUNG,True,True,True,0.0,0,1.0,1.0,"{""SHINHAN"": 0, ""HYUNDAI"": 0, ""KAKAOPAY"": 0, ""MERITZ"": 0, ""KB"": 0, ""DB"": 0, ""SAMSUNG"": 0}"
claim_simple,monte_carlo,all,0.0,63,SHINHAN|HYUNDAI|KAKAOPAY|MERITZ|KB|DB|SAMSUNG,True,True,True,0.0,0,1.0,1.0,"{""SHINHAN"": 0, ""HYUNDAI"": 0, ""KAKAOPAY"": 0, ""MERITZ"": 0, ""KB"": 0, ""DB"": 0, ""SAMSUNG"": 0}"
claim_simple,monte_carlo,all,0.0,64,SHINHAN|HYUNDAI|KAKAOPAY|MERITZ|KB|DB|SAMSUNG,True,True,True,0.0,0,1.0,1.0,"{""SHINHAN"": 0, ""HYUNDAI"": 0, ""KAKAOPAY"": 0, ""MERITZ"": 0, ""KB"": 0, ""DB"": 0, ""SAMSUNG"": 0}"
claim_simple,monte_carlo,all,0.0,65,SHINHAN|HYUNDAI|KAKAOPAY|MERITZ|KB|DB|SAMSUNG,True,True,True,0.0,0,1.0,1.0,"{""SHINHAN"": 0, ""HYUNDAI"": 0, ""KAKAOPAY"": 0, ""MERITZ"": 0, ""KB"": 0, ""DB"": 0, ""SAMSUNG"": 0}"
claim_simple,monte_carlo,all,0.0,66,SHINHAN|HYUNDAI|KAKAOPAY|MERITZ|KB|DB|SAMSUNG,True,True,True,0.0,0,1.0,1.0,"{""SHINHAN"": 0, ""HYUNDAI"": 0, ""KAKAOPAY"": 0, ""MERITZ"": 0, ""KB"": 0, ""DB"": 0, ""SAMSUNG"": 0}"
claim_simple,monte_carlo,all,0.0,67,SHINHAN|HYUNDAI|KAKAOPAY|MERITZ|KB|DB|SAMSUNG,True,True,True,0.0,0,1.0,1.0,"{""SHINHAN"": 0, ""HYUNDAI"": 0, ""KAKAOPAY"": 0, ""MERITZ"": 0, ""KB"": 0, ""DB"": 0, ""SAMSUNG"": 0}"
claim_simple,monte_carlo,all,0.0,68,SHINHAN|HYUNDAI|KAKAOPAY|MERITZ|KB|DB|SAMSUNG,True,True,True,0.0,0,1.0,1.0,"{""SHINHAN"": 0, ""HYUNDAI"": 0, ""KAKAOPAY"": 0, ""MERITZ"": 0, ""KB"": 0, ""DB"": 0, ""SAMSUNG"": 0}"
claim_simple,monte_carlo,all,0.0,69,SHINHAN|HYUNDAI|KAKAOPAY|MERITZ|KB|DB|SAMSUNG,True,True,True,0.0,0,1.0,1.0,"{""SHINHAN"": 0, ""HYUNDAI"": 0, ""KAKAOPAY"": 0, ""MERITZ"": 0, ""KB"": 0, ""DB"": 0, ""SAMSUNG"": 0}"
claim_simple,monte_carlo,all,0.0,70,SHINHAN|HYUNDAI|KAKAOPAY|MERITZ|KB|DB|SAMSUNG,True,True,True,0.0,0,1.0,1.0,"{""SHINHAN"": 0, ""HYUNDAI"": 0, ""KAKAOPAY"": 0, ""MERITZ"": 0, ""KB"": 0, ""DB"": 0, ""SAMSUNG"": 0}"
claim_simple,monte_carlo,all,0.0,71,SHINHAN|HYUNDAI|KAKAOPAY|MERITZ|KB|DB|SAMSUNG,True,True,True,0.0,0,1.0,1.0,"{""SHINHAN"": 0, ""HYUNDAI"": 0, ""KAKAOPAY"": 0, ""MERITZ"": 0, ""KB"": 0, ""DB"": 0, ""SAMSUNG"": 0}"
claim_simple,monte_carlo,all,0.0,72,SHINHAN|HYUNDAI|KAKAOPAY|MERITZ|KB|DB|SAMSUNG,True,True,True,0.0,0,1.0,1.0,"{""SHINHAN"": 0, ""HYUNDAI"": 0, ""KAKAOPAY"": 0, ""MERITZ"": 0, ""KB"": 0, ""DB"": 0, ""SAMSUNG"": 0}"
claim_simple,monte_carlo,all,0.0,73,SHINHAN|HYUNDAI|KAKAOPAY|MERITZ|KB|DB|SAMSUNG,True,True,True,0.0,0,1.0,1.0,"{""SHINHAN"": 0, ""HYUNDAI"": 0, ""KAKAOPAY"": 0, ""MERITZ"": 0, ""KB"": 0, ""DB"": 0, ""SAMSUNG"": 0}"
claim_simple,monte_carlo,all,0.0,74,SHINHAN|HYUNDAI|KAKAOPAY|MERITZ|KB|DB|SAMSUNG,True,True,True,0.0,0,1.0,1.0,"{""SHINHAN"": 0, ""HYUNDAI"": 0, ""KAKAOPAY"": 0, ""MERITZ"": 0, ""KB"": 0, ""DB"": 0, ""SAMSUNG"": 0}"
claim_simple,monte_carlo,all,0.0,75,SHINHAN|HYUNDAI|KAKAOPAY|MERITZ|KB|DB|SAMSUNG,True,True,True,0.0,0,1.0,1.0,"{""SHINHAN"": 0, ""HYUNDAI"": 0, ""KAKAOPAY"": 0, ""MERITZ"": 0, ""KB"": 0, ""DB"": 0, ""SAMSUNG"": 0}"
claim_simple,monte_carlo,all,0.0,76,SHINHAN|HYUNDAI|KAKAOPAY|MERITZ|KB|DB|SAMSUNG,True,True,True,0.0,0,1.0,1.0,"{""SHINHAN"": 0, ""HYUNDAI"": 0, ""KAKAOPAY"": 0, ""MERITZ"": 0, ""KB"": 0, ""DB"": 0, ""SAMSUNG"": 0}"
claim_simple,monte_carlo,all,0.0,77,SHINHAN|HYUNDAI|KAKAOPAY|MERITZ|KB|DB|SAMSUNG,True,True,True,0.0,0,1.0,1.0,"{""SHINHAN"": 0, ""HYUNDAI"": 0, ""KAKAOPAY"": 0, ""MERITZ"": 0, ""KB"": 0, ""DB"": 0, ""SAMSUNG"": 0}"
claim_simple,monte_carlo,all,0.0,78,SHINHAN|HYUNDAI|KAKAOPAY|MERITZ|KB|DB|SAMSUNG,True,True,True,0.0,0,1.0,1.0,"{""SHINHAN"": 0, ""HYUNDAI"": 0, ""KAKAOPAY"": 0, ""MERITZ"": 0, ""KB"": 0, ""DB"": 0, ""SAMSUNG"": 0}"
claim_simple,monte_carlo,all,0.0,79,SHINHAN|HYUNDAI|KAKAOPAY|MERITZ|KB|DB|SAMSUNG,True,True,True,0.0,0,1.0,1.0,"{""SHINHAN"": 0, ""HYUNDAI"": 0, ""KAKAOPAY"": 0, ""MERITZ"": 0, ""KB"": 0, ""DB"": 0, ""SAMSUNG"": 0}"
claim_simple,monte_carlo,all,0.0,80,SHINHAN|HYUNDAI|KAKAOPAY|MERITZ|KB|DB|SAMSUNG,True,True,True,0.0,0,1.0,1.0,"{""SHINHAN"": 0, ""HYUNDAI"": 0, ""KAKAOPAY"": 0, ""MERITZ"": 0, ""KB"": 0, ""DB"": 0, ""SAMSUNG"": 0}"
claim_simple,monte_carlo,all,0.0,81,SHINHAN|HYUNDAI|KAKAOPAY|MERITZ|KB|DB|SAMSUNG,True,True,True,0.0,0,1.0,1.0,"{""SHINHAN"": 0, ""HYUNDAI"": 0, ""KAKAOPAY"": 0, ""MERITZ"": 0, ""KB"": 0, ""DB"": 0, ""SAMSUNG"": 0}"
claim_simple,monte_carlo,all,0.0,82,SHINHAN|HYUNDAI|KAKAOPAY|MERITZ|KB|DB|SAMSUNG,True,True,True,0.0,0,1.0,1.0,"{""SHINHAN"": 0, ""HYUNDAI"": 0, ""KAKAOPAY"": 0, ""MERITZ"": 0, ""KB"": 0, ""DB"": 0, ""SAMSUNG"": 0}"
claim_simple,monte_carlo,all,0.0,83,SHINHAN|HYUNDAI|KAKAOPAY|MERITZ|KB|DB|SAMSUNG,True,True,True,0.0,0,1.0,1.0,"{""SHINHAN"": 0, ""HYUNDAI"": 0, ""KAKAOPAY"": 0, ""MERITZ"": 0, ""KB"": 0, ""DB"": 0, ""SAMSUNG"": 0}"
claim_simple,monte_carlo,all,0.0,84,SHINHAN|HYUNDAI|KAKAOPAY|MERITZ|KB|DB|SAMSUNG,True,True,True,0.0,0,1.0,1.0,"{""SHINHAN"": 0, ""HYUNDAI"": 0, ""KAKAOPAY"": 0, ""MERITZ"": 0, ""KB"": 0, ""DB"": 0, ""SAMSUNG"": 0}"
claim_simple,monte_carlo,all,0.0,85,SHINHAN|HYUNDAI|KAKAOPAY|MERITZ|KB|DB|SAMSUNG,True,True,True,0.0,0,1.0,1.0,"{""SHINHAN"": 0, ""HYUNDAI"": 0, ""KAKAOPAY"": 0, ""MERITZ"": 0, ""KB"": 0, ""DB"": 0, ""SAMSUNG"": 0}"
claim_simple,monte_carlo,all,0.0,86,SHINHAN|HYUNDAI|KAKAOPAY|MERITZ|KB|DB|SAMSUNG,True,True,True,0.0,0,1.0,1.0,"{""SHINHAN"": 0, ""HYUNDAI"": 0, ""KAKAOPAY"": 0, ""MERITZ"": 0, ""KB"": 0, ""DB"": 0, ""SAMSUNG"": 0}"
claim_simple,monte_carlo,all,0.0,87,SHINHAN|HYUNDAI|KAKAOPAY|MERITZ|KB|DB|SAMSUNG,True,True,True,0.0,0,1.0,1.0,"{""SHINHAN"": 0, ""HYUNDAI"": 0, ""KAKAOPAY"": 0, ""MERITZ"": 0, ""KB"": 0, ""DB"": 0, ""SAMSUNG"": 0}"
claim_simple,monte_carlo,all,0.0,88,SHINHAN|HYUNDAI|KAKAOPAY|MERITZ|KB|DB|SAMSUNG,True,True,True,0.0,0,1.0,1.0,"{""SHINHAN"": 0, ""HYUNDAI"": 0, ""KAKAOPAY"": 0, ""MERITZ"": 0, ""KB"": 0, ""DB"": 0, ""SAMSUNG"": 0}"
claim_simple,monte_carlo,all,0.0,89,SHINHAN|HYUNDAI|KAKAOPAY|MERITZ|KB|DB|SAMSUNG,True,True,True,0.0,0,1.0,1.0,"{""SHINHAN"": 0, ""HYUNDAI"": 0, ""KAKAOPAY"": 0, ""MERITZ"": 0, ""KB"": 0, ""DB"": 0, ""SAMSUNG"": 0}"
claim_simple,monte_carlo,all,0.0,90,SHINHAN|HYUNDAI|KAKAOPAY|MERITZ|KB|DB|SAMSUNG,True,True,True,0.0,0,1.0,1.0,"{""SHINHAN"": 0, ""HYUNDAI"": 0, ""KAKAOPAY"": 0, ""MERITZ"": 0, ""KB"": 0, ""DB"": 0, ""SAMSUNG"": 0}"
claim_simple,monte_carlo,all,0.0,91,SHINHAN|HYUNDAI|KAKAOPAY|MERITZ|KB|DB|SAMSUNG,True,True,True,0.0,0,1.0,1.0,"{""SHINHAN"": 0, ""HYUNDAI"": 0, ""KAKAOPAY"": 0, ""MERITZ"": 0, ""KB"": 0, ""DB"": 0, ""SAMSUNG"": 0}"
claim_simple,monte_carlo,all,0.0,92,SHINHAN|HYUNDAI|KAKAOPAY|MERITZ|KB|DB|SAMSUNG,True,True,True,0.0,0,1.0,1.0,"{""SHINHAN"": 0, ""HYUNDAI"": 0, ""KAKAOPAY"": 0, ""MERITZ"": 0, ""KB"": 0, ""DB"": 0, ""SAMSUNG"": 0}"
claim_simple,monte_carlo,all,0.0,93,SHINHAN|HYUNDAI|KAKAOPAY|MERITZ|KB|DB|SAMSUNG,True,True,True,0.0,0,1.0,1.0,"{""SHINHAN"": 0, ""HYUNDAI"": 0, ""KAKAOPAY"": 0, ""MERITZ"": 0, ""KB"": 0, ""DB"": 0, ""SAMSUNG"": 0}"
claim_simple,monte_carlo,all,0.0,94,SHINHAN|HYUNDAI|KAKAOPAY|MERITZ|KB|DB|SAMSUNG,True,True,True,0.0,0,1.0,1.0,"{""SHINHAN"": 0, ""HYUNDAI"": 0, ""KAKAOPAY"": 0, ""MERITZ"": 0, ""KB"": 0, ""DB"": 0, ""SAMSUNG"": 0}"
claim_simple,monte_carlo,all,0.0,95,SHINHAN|HYUNDAI|KAKAOPAY|MERITZ|KB|DB|SAMSUNG,True,True,True,0.0,0,1.0,1.0,"{""SHINHAN"": 0, ""HYUNDAI"": 0, ""KAKAOPAY"": 0, ""MERITZ"": 0, ""KB"": 0, ""DB"": 0, ""SAMSUNG"": 0}"
claim_simple,monte_carlo,all,0.0,96,SHINHAN|HYUNDAI|KAKAOPAY|MERITZ|KB|DB|SAMSUNG,True,True,True,0.0,0,1.0,1.0,"{""SHINHAN"": 0, ""HYUNDAI"": 0, ""KAKAOPAY"": 0, ""MERITZ"": 0, ""KB"": 0, ""DB"": 0, ""SAMSUNG"": 0}"
claim_simple,monte_carlo,all,0.0,97,SHINHAN|HYUNDAI|KAKAOPAY|MERITZ|KB|DB|SAMSUNG,True,True,True,0.0,0,1.0,1.0,"{""SHINHAN"": 0, ""HYUNDAI"": 0, ""KAKAOPAY"": 0, ""MERITZ"": 0, ""KB"": 0, ""DB"": 0, ""SAMSUNG"": 0}"
claim_simple,monte_carlo,all,0.0,98,SHINHAN|HYUNDAI|KAKAOPAY|MERITZ|KB|DB|SAMSUNG,True,True,True,0.0,0,1.0,1.0,"{""SHINHAN"": 0, ""HYUNDAI"": 0, ""KAKAOPAY"": 0, ""MERITZ"": 0, ""KB"": 0, ""DB"": 0, ""SAMSUNG"": 0}"
claim_simple,monte_carlo,all,0.0,99,SHINHAN|HYUNDAI|KAKAOPAY|MERITZ|KB|DB|SAMSUNG,True,True,True,0.0,0,1.0,1.0,"{""SHINHAN"": 0, ""HYUNDAI"": 0, ""KAKAOPAY"": 0, ""MERITZ"": 0, ""KB"": 0, ""DB"": 0, ""SAMSUNG"": 0}"
claim_simple,monte_carlo,all,0.0,100,SHINHAN|HYUNDAI|KAKAOPAY|MERITZ|KB|DB|SAMSUNG,True,True,True,0.0,0,1.0,1.0,"{""SHINHAN"": 0, ""HYUNDAI"": 0, ""KAKAOPAY"": 0, ""MERITZ"": 0, ""KB"": 0, ""DB"": 0, ""SAMSUNG"": 0}"
claim_simple,monte_carlo,all,0.0,101,SHINHAN|HYUNDAI|KAKAOPAY|MERITZ|KB|DB|SAMSUNG,True,True,True,0.0,0,1.0,1.0,"{""SHINHAN"": 0, ""HYUNDAI"": 0, ""KAKAOPAY"": 0, ""MERITZ"": 0, ""KB"": 0, ""DB"": 0, ""SAMSUNG"": 0}"
claim_simple,monte_carlo,all,0.0,102,SHINHAN|HYUNDAI|KAKAOPAY|MERITZ|KB|DB|SAMSUNG,True,True,True,0.0,0,1.0,1.0,"{""SHINHAN"": 0, ""HYUNDAI"": 0, ""KAKAOPAY"": 0, ""MERITZ"": 0, ""KB"": 0, ""DB"": 0, ""SAMSUNG"": 0}"
claim_simple,monte_carlo,all,0.0,103,SHINHAN|HYUNDAI|KAKAOPAY|MERITZ|KB|DB|SAMSUNG,True,True,True,0.0,0,1.0,1.0,"{""SHINHAN"": 0, ""HYUNDAI"": 0, ""KAKAOPAY"": 0, ""MERITZ"": 0, ""KB"": 0, ""DB"": 0, ""SAMSUNG"": 0}"
claim_simple,monte_carlo,all,0.0,104,SHINHAN|HYUNDAI|KAKAOPAY|MERITZ|KB|DB|SAMSUNG,True,True,True,0.0,0,1.0,1.0,"{""SHINHAN"": 0, ""HYUNDAI"": 0, ""KAKAOPAY"": 0, ""MERITZ"": 0, ""KB"": 0, ""DB"": 0, ""SAMSUNG"": 0}"
claim_simple,monte_carlo,all,0.0,105,SHINHAN|HYUNDAI|KAKAOPAY|MERITZ|KB|DB|SAMSUNG,True,True,True,0.0,0,1.0,1.0,"{""SHINHAN"": 0, ""HYUNDAI"": 0, ""KAKAOPAY"": 0, ""MERITZ"": 0, ""KB"": 0, ""DB"": 0, ""SAMSUNG"": 0}"
claim_simple,monte_carlo,all,0.0,106,SHINHAN|HYUNDAI|KAKAOPAY|MERITZ|KB|DB|SAMSUNG,True,True,True,0.0,0,1.0,1.0,"{""SHINHAN"": 0, ""HYUNDAI"": 0, ""KAKAOPAY"": 0, ""MERITZ"": 0, ""KB"": 0, ""DB"": 0, ""SAMSUNG"": 0}"
claim_simple,monte_carlo,all,0.0,107,SHINHAN|HYUNDAI|KAKAOPAY|MERITZ|KB|DB|SAMSUNG,True,True,True,0.0,0,1.0,1.0,"{""SHINHAN"": 0, ""HYUNDAI"": 0, ""KAKAOPAY"": 0, ""MERITZ"": 0, ""KB"": 0, ""DB"": 0, ""SAMSUNG"": 0}"
claim_simple,monte_carlo,all,0.0,108,SHINHAN|HYUNDAI|KAKAOPAY|MERITZ|KB|DB|SAMSUNG,True,True,True,0.0,0,1.0,1.0,"{""SHINHAN"": 0, ""HYUNDAI"": 0, ""KAKAOPAY"": 0, ""MERITZ"": 0, ""KB"": 0, ""DB"": 0, ""SAMSUNG"": 0}"
claim_simple,monte_carlo,all,0.0,109,SHINHAN|HYUNDAI|KAKAOPAY|MERITZ|KB|DB|SAMSUNG,True,True,True,0.0,0,1.0,1.0,"{""SHINHAN"": 0, ""HYUNDAI"": 0, ""KAKAOPAY"": 0, ""MERITZ"": 0, ""KB"": 0, ""DB"": 0, ""SAMSUNG"": 0}"
claim_simple,monte_carlo,all,0.0,110,SHINHAN|HYUNDAI|KAKAOPAY|MERITZ|KB|DB|SAMSUNG,True,True,True,0.0,0,1.0,1.0,"{""SHINHAN"": 0, ""HYUNDAI"": 0, ""KAKAOPAY"": 0, ""MERITZ"": 0, ""KB"": 0, ""DB"": 0, ""SAMSUNG"": 0}"
claim_simple,monte_carlo,all,0.0,111,SHINHAN|HYUNDAI|KAKAOPAY|MERITZ|KB|DB|SAMSUNG,True,True,True,0.0,0,1.0,1.0,"{""SHINHAN"": 0, ""HYUNDAI"": 0, ""KAKAOPAY"": 0, ""MERITZ"": 0, ""KB"": 0, ""DB"": 0, ""SAMSUNG"": 0}"
claim_simple,monte_carlo,all,0.0,112,SHINHAN|HYUNDAI|KAKAOPAY|MERITZ|KB|DB|SAMSUNG,True,True,True,0.0,0,1.0,1.0,"{""SHINHAN"": 0, ""HYUNDAI"": 0, ""KAKAOPAY"": 0, ""MERITZ"": 0, ""KB"": 0, ""DB"": 0, ""SAMSUNG"": 0}"
claim_simple,monte_carlo,all,0.0,113,SHINHAN|HYUNDAI|KAKAOPAY|MERITZ|KB|DB|SAMSUNG,True,True,True,0.0,0,1.0,1.0,"{""SHINHAN"": 0, ""HYUNDAI"": 0, ""KAKAOPAY"": 0, ""MERITZ"": 0, ""KB"": 0, ""DB"": 0, ""SAMSUNG"": 0}"
claim_simple,monte_carlo,all,0.0,114,SHINHAN|HYUNDAI|KAKAOPAY|MERITZ|KB|DB|SAMSUNG,True,True,True,0.0,0,1.0,1.0,"{""SHINHAN"": 0, ""HYUNDAI"": 0, ""KAKAOPAY"": 0, ""MERITZ"": 0, ""KB"": 0, ""DB"": 0, ""SAMSUNG"": 0}"
claim_simple,monte_carlo,all,0.0,115,SHINHAN|HYUNDAI|KAKAOPAY|MERITZ|KB|DB|SAMSUNG,True,True,True,0.0,0,1.0,1.0,"{""SHINHAN"": 0, ""HYUNDAI"": 0, ""KAKAOPAY"": 0, ""MERITZ"": 0, ""KB"": 0, ""DB"": 0, ""SAMSUNG"": 0}"
claim_simple,monte_carlo,all,0.0,116,SHINHAN|HYUNDAI|KAKAOPAY|MERITZ|KB|DB|SAMSUNG,True,True,True,0.0,0,1.0,1.0,"{""SHINHAN"": 0, ""HYUNDAI"": 0, ""KAKAOPAY"": 0, ""MERITZ"": 0, ""KB"": 0, ""DB"": 0, ""SAMSUNG"": 0}"
claim_simple,monte_carlo,all,0.0,117,SHINHAN|HYUNDAI|KAKAOPAY|MERITZ|KB|DB|SAMSUNG,True,True,True,0.0,0,1.0,1.0,"{""SHINHAN"": 0, ""HYUNDAI"": 0, ""KAKAOPAY"": 0, ""MERITZ"": 0, ""KB"": 0, ""DB"": 0, ""SAMSUNG"": 0}"
claim_simple,monte_carlo,all,0.0,118,SHINHAN|HYUNDAI|KAKAOPAY|MERITZ|KB|DB|SAMSUNG,True,True,True,0.0,0,1.0,1.0,"{""SHINHAN"": 0, ""HYUNDAI"": 0, ""KAKAOPAY"": 0, ""MERITZ"": 0, ""KB"": 0, ""DB"": 0, ""SAMSUNG"": 0}"
claim_simple,monte_carlo,all,0.0,119,SHINHAN|HYUNDAI|KAKAOPAY|MERITZ|KB|DB|SAMSUNG,True,True,True,0.0,0,1.0,1.0,"{""SHINHAN"": 0, ""HYUNDAI"": 0, ""KAKAOPAY"": 0, ""MERITZ"": 0, ""KB"": 0, ""DB"": 0, ""SAMSUNG"": 0}"
claim_simple,monte_carlo,all,0.0,120,SHINHAN|HYUNDAI|KAKAOPAY|MERITZ|KB|DB|SAMSUNG,True,True,True,0.0,0,1.0,1.0,"{""SHINHAN"": 0, ""HYUNDAI"": 0, ""KAKAOPAY"": 0, ""MERITZ"": 0, ""KB"": 0, ""DB"": 0, ""SAMSUNG"": 0}"
claim_simple,monte_carlo,all,0.0,121,SHINHAN|HYUNDAI|KAKAOPAY|MERITZ|KB|DB|SAMSUNG,True,True,True,0.0,0,1.0,1.0,"{""SHINHAN"": 0, ""HYUNDAI"": 0, ""KAKAOPAY"": 0, ""MERITZ"": 0, ""KB"": 0, ""DB"": 0, ""SAMSUNG"": 0}"
claim_simple,monte_carlo,all,0.0,122,SHINHAN|HYUNDAI|KAKAOPAY|MERITZ|KB|DB|SAMSUNG,True,True,True,0.0,0,1.0,1.0,"{""SHINHAN"": 0, ""HYUNDAI"": 0, ""KAKAOPAY"": 0, ""MERITZ"": 0, ""KB"": 0, ""DB"": 0, ""SAMSUNG"": 0}"
claim_simple,monte_carlo,all,0.0,123,SHINHAN|HYUNDAI|KAKAOPAY|MERITZ|KB|DB|SAMSUNG,True,True,True,0.0,0,1.0,1.0,"{""SHINHAN"": 0, ""HYUNDAI"": 0, ""KAKAOPAY"": 0, ""MERITZ"": 0, ""KB"": 0, ""DB"": 0, ""SAMSUNG"": 0}"
claim_simple,monte_carlo,all,0.0,124,SHINHAN|HYUNDAI|KAKAOPAY|MERITZ|KB|DB|SAMSUNG,True,True,True,0.0,0,1.0,1.0,"{""SHINHAN"": 0, ""HYUNDAI"": 0, ""KAKAOPAY"": 0, ""MERITZ"": 0, ""KB"": 0, ""DB"": 0, ""SAMSUNG"": 0}"
claim_simple,monte_carlo,all,0.0,125,SHINHAN|HYUNDAI|KAKAOPAY|MERITZ|KB|DB|SAMSUNG,True,True,True,0.0,0,1.0,1.0,"{""SHINHAN"": 0, ""HYUNDAI"": 0, ""KAKAOPAY"": 0, ""MERITZ"": 0, ""KB"": 0, ""DB"": 0, ""SAMSUNG"": 0}"
claim_simple,monte_carlo,all,0.0,126,SHINHAN|HYUNDAI|KAKAOPAY|MERITZ|KB|DB|SAMSUNG,True,True,True,0.0,0,1.0,1.0,"{""SHINHAN"": 0, ""HYUNDAI"": 0, ""KAKAOPAY"": 0, ""MERITZ"": 0, ""KB"": 0, ""DB"": 0, ""SAMSUNG"": 0}"
claim_simple,monte_carlo,all,0.0,127,SHINHAN|HYUNDAI|KAKAOPAY|MERITZ|KB|DB|SAMSUNG,True,True,True,0.0,0,1.0,1.0,"{""SHINHAN"": 0, ""HYUNDAI"": 0, ""KAKAOPAY"": 0, ""MERITZ"": 0, ""KB"": 0, ""DB"": 0, ""SAMSUNG"": 0}"
claim_simple,monte_carlo,all,0.0,128,SHINHAN|HYUNDAI|KAKAOPAY|MERITZ|KB|DB|SAMSUNG,True,True,True,0.0,0,1.0,1.0,"{""SHINHAN"": 0, ""HYUNDAI"": 0, ""KAKAOPAY"": 0, ""MERITZ"": 0, ""KB"": 0, ""DB"": 0, ""SAMSUNG"": 0}"
claim_simple,monte_carlo,all,0.0,129,SHINHAN|HYUNDAI|KAKAOPAY|MERITZ|KB|DB|SAMSUNG,True,True,True,0.0,0,1.0,1.0,"{""SHINHAN"": 0, ""HYUNDAI"": 0, ""KAKAOPAY"": 0, ""MERITZ"": 0, ""KB"": 0, ""DB"": 0, ""SAMSUNG"": 0}"
claim_simple,monte_carlo,all,0.0,130,SHINHAN|HYUNDAI|KAKAOPAY|MERITZ|DB|KB|SAMSUNG,True,True,True,0.2857142857142857,1,0.9047619047619048,0.9642857142857143,"{""SHINHAN"": 0, ""HYUNDAI"": 0, ""KAKAOPAY"": 0, ""MERITZ"": 0, ""KB"": 1, ""DB"": -1, ""SAMSUNG"": 0}"
claim_simple,monte_carlo,all,0.0,131,SHINHAN|HYUNDAI|KAKAOPAY|MERITZ|KB|DB|SAMSUNG,True,True,True,0.0,0,1.0,1.0,"{""SHINHAN"": 0, ""HYUNDAI"": 0, ""KAKAOPAY"": 0, ""MERITZ"": 0, ""KB"": 0, ""DB"": 0, ""SAMSUNG"": 0}"
claim_simple,monte_carlo,all,0.0,132,SHINHAN|HYUNDAI|KAKAOPAY|MERITZ|KB|DB|SAMSUNG,True,True,True,0.0,0,1.0,1.0,"{""SHINHAN"": 0, ""HYUNDAI"": 0, ""KAKAOPAY"": 0, ""MERITZ"": 0, ""KB"": 0, ""DB"": 0, ""SAMSUNG"": 0}"
claim_simple,monte_carlo,all,0.0,133,SHINHAN|HYUNDAI|KAKAOPAY|MERITZ|KB|DB|SAMSUNG,True,True,True,0.0,0,1.0,1.0,"{""SHINHAN"": 0, ""HYUNDAI"": 0, ""KAKAOPAY"": 0, ""MERITZ"": 0, ""KB"": 0, ""DB"": 0, ""SAMSUNG"": 0}"
claim_simple,monte_carlo,all,0.0,134,SHINHAN|HYUNDAI|KAKAOPAY|MERITZ|KB|DB|SAMSUNG,True,True,True,0.0,0,1.0,1.0,"{""SHINHAN"": 0, ""HYUNDAI"": 0, ""KAKAOPAY"": 0, ""MERITZ"": 0, ""KB"": 0, ""DB"": 0, ""SAMSUNG"": 0}"
claim_simple,monte_carlo,all,0.0,135,SHINHAN|HYUNDAI|KAKAOPAY|MERITZ|KB|DB|SAMSUNG,True,True,True,0.0,0,1.0,1.0,"{""SHINHAN"": 0, ""HYUNDAI"": 0, ""KAKAOPAY"": 0, ""MERITZ"": 0, ""KB"": 0, ""DB"": 0, ""SAMSUNG"": 0}"
claim_simple,monte_carlo,all,0.0,136,SHINHAN|HYUNDAI|KAKAOPAY|MERITZ|KB|DB|SAMSUNG,True,True,True,0.0,0,1.0,1.0,"{""SHINHAN"": 0, ""HYUNDAI"": 0, ""KAKAOPAY"": 0, ""MERITZ"": 0, ""KB"": 0, ""DB"": 0, ""SAMSUNG"": 0}"
claim_simple,monte_carlo,all,0.0,137,SHINHAN|HYUNDAI|KAKAOPAY|MERITZ|KB|DB|SAMSUNG,True,True,True,0.0,0,1.0,1.0,"{""SHINHAN"": 0, ""HYUNDAI"": 0, ""KAKAOPAY"": 0, ""MERITZ"": 0, ""KB"": 0, ""DB"": 0, ""SAMSUNG"": 0}"
claim_simple,monte_carlo,all,0.0,138,SHINHAN|HYUNDAI|KAKAOPAY|MERITZ|KB|DB|SAMSUNG,True,True,True,0.0,0,1.0,1.0,"{""SHINHAN"": 0, ""HYUNDAI"": 0, ""KAKAOPAY"": 0, ""MERITZ"": 0, ""KB"": 0, ""DB"": 0, ""SAMSUNG"": 0}"
claim_simple,monte_carlo,all,0.0,139,SHINHAN|HYUNDAI|KAKAOPAY|MERITZ|KB|DB|SAMSUNG,True,True,True,0.0,0,1.0,1.0,"{""SHINHAN"": 0, ""HYUNDAI"": 0, ""KAKAOPAY"": 0, ""MERITZ"": 0, ""KB"": 0, ""DB"": 0, ""SAMSUNG"": 0}"
claim_simple,monte_carlo,all,0.0,140,SHINHAN|HYUNDAI|KAKAOPAY|MERITZ|KB|DB|SAMSUNG,True,True,True,0.0,0,1.0,1.0,"{""SHINHAN"": 0, ""HYUNDAI"": 0, ""KAKAOPAY"": 0, ""MERITZ"": 0, ""KB"": 0, ""DB"": 0, ""SAMSUNG"": 0}"
claim_simple,monte_carlo,all,0.0,141,SHINHAN|HYUNDAI|KAKAOPAY|MERITZ|KB|DB|SAMSUNG,True,True,True,0.0,0,1.0,1.0,"{""SHINHAN"": 0, ""HYUNDAI"": 0, ""KAKAOPAY"": 0, ""MERITZ"": 0, ""KB"": 0, ""DB"": 0, ""SAMSUNG"": 0}"
claim_simple,monte_carlo,all,0.0,142,SHINHAN|HYUNDAI|KAKAOPAY|MERITZ|KB|DB|SAMSUNG,True,True,True,0.0,0,1.0,1.0,"{""SHINHAN"": 0, ""HYUNDAI"": 0, ""KAKAOPAY"": 0, ""MERITZ"": 0, ""KB"": 0, ""DB"": 0, ""SAMSUNG"": 0}"
claim_simple,monte_carlo,all,0.0,143,SHINHAN|HYUNDAI|KAKAOPAY|MERITZ|KB|DB|SAMSUNG,True,True,True,0.0,0,1.0,1.0,"{""SHINHAN"": 0, ""HYUNDAI"": 0, ""KAKAOPAY"": 0, ""MERITZ"": 0, ""KB"": 0, ""DB"": 0, ""SAMSUNG"": 0}"
claim_simple,monte_carlo,all,0.0,144,SHINHAN|HYUNDAI|KAKAOPAY|MERITZ|KB|DB|SAMSUNG,True,True,True,0.0,0,1.0,1.0,"{""SHINHAN"": 0, ""HYUNDAI"": 0, ""KAKAOPAY"": 0, ""MERITZ"": 0, ""KB"": 0, ""DB"": 0, ""SAMSUNG"": 0}"
claim_simple,monte_carlo,all,0.0,145,SHINHAN|HYUNDAI|KAKAOPAY|MERITZ|KB|DB|SAMSUNG,True,True,True,0.0,0,1.0,1.0,"{""SHINHAN"": 0, ""HYUNDAI"": 0, ""KAKAOPAY"": 0, ""MERITZ"": 0, ""KB"": 0, ""DB"": 0, ""SAMSUNG"": 0}"
claim_simple,monte_carlo,all,0.0,146,SHINHAN|HYUNDAI|KAKAOPAY|MERITZ|KB|DB|SAMSUNG,True,True,True,0.0,0,1.0,1.0,"{""SHINHAN"": 0, ""HYUNDAI"": 0, ""KAKAOPAY"": 0, ""MERITZ"": 0, ""KB"": 0, ""DB"": 0, ""SAMSUNG"": 0}"
claim_simple,monte_carlo,all,0.0,147,SHINHAN|HYUNDAI|KAKAOPAY|MERITZ|KB|DB|SAMSUNG,True,True,True,0.0,0,1.0,1.0,"{""SHINHAN"": 0, ""HYUNDAI"": 0, ""KAKAOPAY"": 0, ""MERITZ"": 0, ""KB"": 0, ""DB"": 0, ""SAMSUNG"": 0}"
claim_simple,monte_carlo,all,0.0,148,SHINHAN|HYUNDAI|KAKAOPAY|MERITZ|KB|DB|SAMSUNG,True,True,True,0.0,0,1.0,1.0,"{""SHINHAN"": 0, ""HYUNDAI"": 0, ""KAKAOPAY"": 0, ""MERITZ"": 0, ""KB"": 0, ""DB"": 0, ""SAMSUNG"": 0}"
claim_simple,monte_carlo,all,0.0,149,SHINHAN|HYUNDAI|KAKAOPAY|MERITZ|KB|DB|SAMSUNG,True,True,True,0.0,0,1.0,1.0,"{""SHINHAN"": 0, ""HYUNDAI"": 0, ""KAKAOPAY"": 0, ""MERITZ"": 0, ""KB"": 0, ""DB"": 0, ""SAMSUNG"": 0}"
claim_simple,monte_carlo,all,0.0,150,SHINHAN|HYUNDAI|KAKAOPAY|MERITZ|KB|DB|SAMSUNG,True,True,True,0.0,0,1.0,1.0,"{""SHINHAN"": 0, ""HYUNDAI"": 0, ""KAKAOPAY"": 0, ""MERITZ"": 0, ""KB"": 0, ""DB"": 0, ""SAMSUNG"": 0}"
claim_simple,monte_carlo,all,0.0,151,SHINHAN|HYUNDAI|KAKAOPAY|MERITZ|KB|DB|SAMSUNG,True,True,True,0.0,0,1.0,1.0,"{""SHINHAN"": 0, ""HYUNDAI"": 0, ""KAKAOPAY"": 0, ""MERITZ"": 0, ""KB"": 0, ""DB"": 0, ""SAMSUNG"": 0}"
claim_simple,monte_carlo,all,0.0,152,SHINHAN|HYUNDAI|KAKAOPAY|MERITZ|KB|DB|SAMSUNG,True,True,True,0.0,0,1.0,1.0,"{""SHINHAN"": 0, ""HYUNDAI"": 0, ""KAKAOPAY"": 0, ""MERITZ"": 0, ""KB"": 0, ""DB"": 0, ""SAMSUNG"": 0}"
claim_simple,monte_carlo,all,0.0,153,SHINHAN|HYUNDAI|KAKAOPAY|MERITZ|KB|DB|SAMSUNG,True,True,True,0.0,0,1.0,1.0,"{""SHINHAN"": 0, ""HYUNDAI"": 0, ""KAKAOPAY"": 0, ""MERITZ"": 0, ""KB"": 0, ""DB"": 0, ""SAMSUNG"": 0}"
claim_simple,monte_carlo,all,0.0,154,SHINHAN|HYUNDAI|KAKAOPAY|MERITZ|KB|DB|SAMSUNG,True,True,True,0.0,0,1.0,1.0,"{""SHINHAN"": 0, ""HYUNDAI"": 0, ""KAKAOPAY"": 0, ""MERITZ"": 0, ""KB"": 0, ""DB"": 0, ""SAMSUNG"": 0}"
claim_simple,monte_carlo,all,0.0,155,SHINHAN|HYUNDAI|KAKAOPAY|MERITZ|KB|DB|SAMSUNG,True,True,True,0.0,0,1.0,1.0,"{""SHINHAN"": 0, ""HYUNDAI"": 0, ""KAKAOPAY"": 0, ""MERITZ"": 0, ""KB"": 0, ""DB"": 0, ""SAMSUNG"": 0}"
claim_simple,monte_carlo,all,0.0,156,SHINHAN|HYUNDAI|KAKAOPAY|MERITZ|KB|DB|SAMSUNG,True,True,True,0.0,0,1.0,1.0,"{""SHINHAN"": 0, ""HYUNDAI"": 0, ""KAKAOPAY"": 0, ""MERITZ"": 0, ""KB"": 0, ""DB"": 0, ""SAMSUNG"": 0}"
claim_simple,monte_carlo,all,0.0,157,SHINHAN|HYUNDAI|KAKAOPAY|MERITZ|KB|DB|SAMSUNG,True,True,True,0.0,0,1.0,1.0,"{""SHINHAN"": 0, ""HYUNDAI"": 0, ""KAKAOPAY"": 0, ""MERITZ"": 0, ""KB"": 0, ""DB"": 0, ""SAMSUNG"": 0}"
claim_simple,monte_carlo,all,0.0,158,SHINHAN|HYUNDAI|KAKAOPAY|MERITZ|KB|DB|SAMSUNG,True,True,True,0.0,0,1.0,1.0,"{""SHINHAN"": 0, ""HYUNDAI"": 0, ""KAKAOPAY"": 0, ""MERITZ"": 0, ""KB"": 0, ""DB"": 0, ""SAMSUNG"": 0}"
claim_simple,monte_carlo,all,0.0,159,SHINHAN|HYUNDAI|KAKAOPAY|MERITZ|KB|DB|SAMSUNG,True,True,True,0.0,0,1.0,1.0,"{""SHINHAN"": 0, ""HYUNDAI"": 0, ""KAKAOPAY"": 0, ""MERITZ"": 0, ""KB"": 0, ""DB"": 0, ""SAMSUNG"": 0}"
claim_simple,monte_carlo,all,0.0,160,SHINHAN|HYUNDAI|KAKAOPAY|MERITZ|KB|DB|SAMSUNG,True,True,True,0.0,0,1.0,1.0,"{""SHINHAN"": 0, ""HYUNDAI"": 0, ""KAKAOPAY"": 0, ""MERITZ"": 0, ""KB"": 0, ""DB"": 0, ""SAMSUNG"": 0}"
claim_simple,monte_carlo,all,0.0,161,SHINHAN|HYUNDAI|KAKAOPAY|MERITZ|KB|DB|SAMSUNG,True,True,True,0.0,0,1.0,1.0,"{""SHINHAN"": 0, ""HYUNDAI"": 0, ""KAKAOPAY"": 0, ""MERITZ"": 0, ""KB"": 0, ""DB"": 0, ""SAMSUNG"": 0}"
claim_simple,monte_carlo,all,0.0,162,SHINHAN|HYUNDAI|KAKAOPAY|MERITZ|KB|DB|SAMSUNG,True,True,True,0.0,0,1.0,1.0,"{""SHINHAN"": 0, ""HYUNDAI"": 0, ""KAKAOPAY"": 0, ""MERITZ"": 0, ""KB"": 0, ""DB"": 0, ""SAMSUNG"": 0}"
claim_simple,monte_carlo,all,0.0,163,SHINHAN|HYUNDAI|KAKAOPAY|MERITZ|KB|DB|SAMSUNG,True,True,True,0.0,0,1.0,1.0,"{""SHINHAN"": 0, ""HYUNDAI"": 0, ""KAKAOPAY"": 0, ""MERITZ"": 0, ""KB"": 0, ""DB"": 0, ""SAMSUNG"": 0}"
claim_simple,monte_carlo,all,0.0,164,SHINHAN|HYUNDAI|KAKAOPAY|MERITZ|KB|DB|SAMSUNG,True,True,True,0.0,0,1.0,1.0,"{""SHINHAN"": 0, ""HYUNDAI"": 0, ""KAKAOPAY"": 0, ""MERITZ"": 0, ""KB"": 0, ""DB"": 0, ""SAMSUNG"": 0}"
claim_simple,monte_carlo,all,0.0,165,SHINHAN|HYUNDAI|KAKAOPAY|MERITZ|KB|DB|SAMSUNG,True,True,True,0.0,0,1.0,1.0,"{""SHINHAN"": 0, ""HYUNDAI"": 0, ""KAKAOPAY"": 0, ""MERITZ"": 0, ""KB"": 0, ""DB"": 0, ""SAMSUNG"": 0}"
claim_simple,monte_carlo,all,0.0,166,SHINHAN|HYUNDAI|KAKAOPAY|MERITZ|KB|DB|SAMSUNG,True,True,True,0.0,0,1.0,1.0,"{""SHINHAN"": 0, ""HYUNDAI"": 0, ""KAKAOPAY"": 0, ""MERITZ"": 0, ""KB"": 0, ""DB"": 0, ""SAMSUNG"": 0}"
claim_simple,monte_carlo,all,0.0,167,SHINHAN|HYUNDAI|KAKAOPAY|MERITZ|KB|DB|SAMSUNG,True,True,True,0.0,0,1.0,1.0,"{""SHINHAN"": 0, ""HYUNDAI"": 0, ""KAKAOPAY"": 0, ""MERITZ"": 0, ""KB"": 0, ""DB"": 0, ""SAMSUNG"": 0}"
claim_simple,monte_carlo,all,0.0,168,SHINHAN|HYUNDAI|KAKAOPAY|MERITZ|KB|DB|SAMSUNG,True,True,True,0.0,0,1.0,1.0,"{""SHINHAN"": 0, ""HYUNDAI"": 0, ""KAKAOPAY"": 0, ""MERITZ"": 0, ""KB"": 0, ""DB"": 0, ""SAMSUNG"": 0}"
claim_simple,monte_carlo,all,0.0,169,SHINHAN|HYUNDAI|KAKAOPAY|MERITZ|KB|DB|SAMSUNG,True,True,True,0.0,0,1.0,1.0,"{""SHINHAN"": 0, ""HYUNDAI"": 0, ""KAKAOPAY"": 0, ""MERITZ"": 0, ""KB"": 0, ""DB"": 0, ""SAMSUNG"": 0}"
claim_simple,monte_carlo,all,0.0,170,SHINHAN|HYUNDAI|KAKAOPAY|MERITZ|KB|DB|SAMSUNG,True,True,True,0.0,0,1.0,1.0,"{""SHINHAN"": 0, ""HYUNDAI"": 0, ""KAKAOPAY"": 0, ""MERITZ"": 0, ""KB"": 0, ""DB"": 0, ""SAMSUNG"": 0}"
claim_simple,monte_carlo,all,0.0,171,SHINHAN|HYUNDAI|KAKAOPAY|MERITZ|KB|DB|SAMSUNG,True,True,True,0.0,0,1.0,1.0,"{""SHINHAN"": 0, ""HYUNDAI"": 0, ""KAKAOPAY"": 0, ""MERITZ"": 0, ""KB"": 0, ""DB"": 0, ""SAMSUNG"": 0}"
claim_simple,monte_carlo,all,0.0,172,SHINHAN|HYUNDAI|KAKAOPAY|MERITZ|KB|DB|SAMSUNG,True,True,True,0.0,0,1.0,1.0,"{""SHINHAN"": 0, ""HYUNDAI"": 0, ""KAKAOPAY"": 0, ""MERITZ"": 0, ""KB"": 0, ""DB"": 0, ""SAMSUNG"": 0}"
claim_simple,monte_carlo,all,0.0,173,SHINHAN|HYUNDAI|KAKAOPAY|MERITZ|KB|DB|SAMSUNG,True,True,True,0.0,0,1.0,1.0,"{""SHINHAN"": 0, ""HYUNDAI"": 0, ""KAKAOPAY"": 0, ""MERITZ"": 0, ""KB"": 0, ""DB"": 0, ""SAMSUNG"": 0}"
claim_simple,monte_carlo,all,0.0,174,SHINHAN|HYUNDAI|KAKAOPAY|MERITZ|KB|DB|SAMSUNG,True,True,True,0.0,0,1.0,1.0,"{""SHINHAN"": 0, ""HYUNDAI"": 0, ""KAKAOPAY"": 0, ""MERITZ"": 0, ""KB"": 0, ""DB"": 0, ""SAMSUNG"": 0}"
claim_simple,monte_carlo,all,0.0,175,SHINHAN|HYUNDAI|KAKAOPAY|MERITZ|KB|DB|SAMSUNG,True,True,True,0.0,0,1.0,1.0,"{""SHINHAN"": 0, ""HYUNDAI"": 0, ""KAKAOPAY"": 0, ""MERITZ"": 0, ""KB"": 0, ""DB"": 0, ""SAMSUNG"": 0}"
claim_simple,monte_carlo,all,0.0,176,SHINHAN|HYUNDAI|KAKAOPAY|MERITZ|KB|DB|SAMSUNG,True,True,True,0.0,0,1.0,1.0,"{""SHINHAN"": 0, ""HYUNDAI"": 0, ""KAKAOPAY"": 0, ""MERITZ"": 0, ""KB"": 0, ""DB"": 0, ""SAMSUNG"": 0}"
claim_simple,monte_carlo,all,0.0,177,SHINHAN|HYUNDAI|KAKAOPAY|MERITZ|KB|DB|SAMSUNG,True,True,True,0.0,0,1.0,1.0,"{""SHINHAN"": 0, ""HYUNDAI"": 0, ""KAKAOPAY"": 0, ""MERITZ"": 0, ""KB"": 0, ""DB"": 0, ""SAMSUNG"": 0}"
claim_simple,monte_carlo,all,0.0,178,SHINHAN|HYUNDAI|KAKAOPAY|MERITZ|KB|DB|SAMSUNG,True,True,True,0.0,0,1.0,1.0,"{""SHINHAN"": 0, ""HYUNDAI"": 0, ""KAKAOPAY"": 0, ""MERITZ"": 0, ""KB"": 0, ""DB"": 0, ""SAMSUNG"": 0}"
claim_simple,monte_carlo,all,0.0,179,SHINHAN|HYUNDAI|KAKAOPAY|MERITZ|KB|DB|SAMSUNG,True,True,True,0.0,0,1.0,1.0,"{""SHINHAN"": 0, ""HYUNDAI"": 0, ""KAKAOPAY"": 0, ""MERITZ"": 0, ""KB"": 0, ""DB"": 0, ""SAMSUNG"": 0}"
claim_simple,monte_carlo,all,0.0,180,SHINHAN|HYUNDAI|KAKAOPAY|MERITZ|KB|DB|SAMSUNG,True,True,True,0.0,0,1.0,1.0,"{""SHINHAN"": 0, ""HYUNDAI"": 0, ""KAKAOPAY"": 0, ""MERITZ"": 0, ""KB"": 0, ""DB"": 0, ""SAMSUNG"": 0}"
claim_simple,monte_carlo,all,0.0,181,SHINHAN|HYUNDAI|KAKAOPAY|MERITZ|KB|DB|SAMSUNG,True,True,True,0.0,0,1.0,1.0,"{""SHINHAN"": 0, ""HYUNDAI"": 0, ""KAKAOPAY"": 0, ""MERITZ"": 0, ""KB"": 0, ""DB"": 0, ""SAMSUNG"": 0}"
claim_simple,monte_carlo,all,0.0,182,SHINHAN|HYUNDAI|KAKAOPAY|MERITZ|KB|DB|SAMSUNG,True,True,True,0.0,0,1.0,1.0,"{""SHINHAN"": 0, ""HYUNDAI"": 0, ""KAKAOPAY"": 0, ""MERITZ"": 0, ""KB"": 0, ""DB"": 0, ""SAMSUNG"": 0}"
claim_simple,monte_carlo,all,0.0,183,SHINHAN|HYUNDAI|KAKAOPAY|MERITZ|KB|DB|SAMSUNG,True,True,True,0.0,0,1.0,1.0,"{""SHINHAN"": 0, ""HYUNDAI"": 0, ""KAKAOPAY"": 0, ""MERITZ"": 0, ""KB"": 0, ""DB"": 0, ""SAMSUNG"": 0}"
claim_simple,monte_carlo,all,0.0,184,SHINHAN|HYUNDAI|KAKAOPAY|MERITZ|KB|DB|SAMSUNG,True,True,True,0.0,0,1.0,1.0,"{""SHINHAN"": 0, ""HYUNDAI"": 0, ""KAKAOPAY"": 0, ""MERITZ"": 0, ""KB"": 0, ""DB"": 0, ""SAMSUNG"": 0}"
claim_simple,monte_carlo,all,0.0,185,SHINHAN|HYUNDAI|KAKAOPAY|MERITZ|KB|DB|SAMSUNG,True,True,True,0.0,0,1.0,1.0,"{""SHINHAN"": 0, ""HYUNDAI"": 0, ""KAKAOPAY"": 0, ""MERITZ"": 0, ""KB"": 0, ""DB"": 0, ""SAMSUNG"": 0}"
claim_simple,monte_carlo,all,0.0,186,SHINHAN|HYUNDAI|KAKAOPAY|MERITZ|KB|DB|SAMSUNG,True,True,True,0.0,0,1.0,1.0,"{""SHINHAN"": 0, ""HYUNDAI"": 0, ""KAKAOPAY"": 0, ""MERITZ"": 0, ""KB"": 0, ""DB"": 0, ""SAMSUNG"": 0}"
claim_simple,monte_carlo,all,0.0,187,SHINHAN|HYUNDAI|KAKAOPAY|MERITZ|KB|DB|SAMSUNG,True,True,True,0.0,0,1.0,1.0,"{""SHINHAN"": 0, ""HYUNDAI"": 0, ""KAKAOPAY"": 0, ""MERITZ"": 0, ""KB"": 0, ""DB"": 0, ""SAMSUNG"": 0}"
claim_simple,monte_carlo,all,0.0,188,SHINHAN|HYUNDAI|KAKAOPAY|MERITZ|KB|DB|SAMSUNG,True,True,True,0.0,0,1.0,1.0,"{""SHINHAN"": 0, ""HYUNDAI"": 0, ""KAKAOPAY"": 0, ""MERITZ"": 0, ""KB"": 0, ""DB"": 0, ""SAMSUNG"": 0}"
claim_simple,monte_carlo,all,0.0,189,SHINHAN|HYUNDAI|KAKAOPAY|MERITZ|KB|DB|SAMSUNG,True,True,True,0.0,0,1.0,1.0,"{""SHINHAN"": 0, ""HYUNDAI"": 0, ""KAKAOPAY"": 0, ""MERITZ"": 0, ""KB"": 0, ""DB"": 0, ""SAMSUNG"": 0}"
claim_simple,monte_carlo,all,0.0,190,SHINHAN|HYUNDAI|KAKAOPAY|MERITZ|KB|DB|SAMSUNG,True,True,True,0.0,0,1.0,1.0,"{""SHINHAN"": 0, ""HYUNDAI"": 0, ""KAKAOPAY"": 0, ""MERITZ"": 0, ""KB"": 0, ""DB"": 0, ""SAMSUNG"": 0}"
claim_simple,monte_carlo,all,0.0,191,SHINHAN|HYUNDAI|KAKAOPAY|MERITZ|KB|DB|SAMSUNG,True,True,True,0.0,0,1.0,1.0,"{""SHINHAN"": 0, ""HYUNDAI"": 0, ""KAKAOPAY"": 0, ""MERITZ"": 0, ""KB"": 0, ""DB"": 0, ""SAMSUNG"": 0}"
claim_simple,monte_carlo,all,0.0,192,SHINHAN|HYUNDAI|KAKAOPAY|MERITZ|KB|DB|SAMSUNG,True,True,True,0.0,0,1.0,1.0,"{""SHINHAN"": 0, ""HYUNDAI"": 0, ""KAKAOPAY"": 0, ""MERITZ"": 0, ""KB"": 0, ""DB"": 0, ""SAMSUNG"": 0}"
claim_simple,monte_carlo,all,0.0,193,SHINHAN|HYUNDAI|KAKAOPAY|MERITZ|KB|DB|SAMSUNG,True,True,True,0.0,0,1.0,1.0,"{""SHINHAN"": 0, ""HYUNDAI"": 0, ""KAKAOPAY"": 0, ""MERITZ"": 0, ""KB"": 0, ""DB"": 0, ""SAMSUNG"": 0}"
claim_simple,monte_carlo,all,0.0,194,SHINHAN|HYUNDAI|KAKAOPAY|MERITZ|KB|DB|SAMSUNG,True,True,True,0.0,0,1.0,1.0,"{""SHINHAN"": 0, ""HYUNDAI"": 0, ""KAKAOPAY"": 0, ""MERITZ"": 0, ""KB"": 0, ""DB"": 0, ""SAMSUNG"": 0}"
claim_simple,monte_carlo,all,0.0,195,SHINHAN|HYUNDAI|KAKAOPAY|MERITZ|KB|DB|SAMSUNG,True,True,True,0.0,0,1.0,1.0,"{""SHINHAN"": 0, ""HYUNDAI"": 0, ""KAKAOPAY"": 0, ""MERITZ"": 0, ""KB"": 0, ""DB"": 0, ""SAMSUNG"": 0}"
claim_simple,monte_carlo,all,0.0,196,SHINHAN|HYUNDAI|KAKAOPAY|MERITZ|KB|DB|SAMSUNG,True,True,True,0.0,0,1.0,1.0,"{""SHINHAN"": 0, ""HYUNDAI"": 0, ""KAKAOPAY"": 0, ""MERITZ"": 0, ""KB"": 0, ""DB"": 0, ""SAMSUNG"": 0}"
claim_simple,monte_carlo,all,0.0,197,SHINHAN|HYUNDAI|KAKAOPAY|MERITZ|KB|DB|SAMSUNG,True,True,True,0.0,0,1.0,1.0,"{""SHINHAN"": 0, ""HYUNDAI"": 0, ""KAKAOPAY"": 0, ""MERITZ"": 0, ""KB"": 0, ""DB"": 0, ""SAMSUNG"": 0}"
claim_simple,monte_carlo,all,0.0,198,SHINHAN|HYUNDAI|KAKAOPAY|MERITZ|KB|DB|SAMSUNG,True,True,True,0.0,0,1.0,1.0,"{""SHINHAN"": 0, ""HYUNDAI"": 0, ""KAKAOPAY"": 0, ""MERITZ"": 0, ""KB"": 0, ""DB"": 0, ""SAMSUNG"": 0}"
claim_simple,monte_carlo,all,0.0,199,SHINHAN|HYUNDAI|KAKAOPAY|MERITZ|KB|DB|SAMSUNG,True,True,True,0.0,0,1.0,1.0,"{""SHINHAN"": 0, ""HYUNDAI"": 0, ""KAKAOPAY"": 0, ""MERITZ"": 0, ""KB"": 0, ""DB"": 0, ""SAMSUNG"": 0}"
everything,oat_heuristic,priority_multiplier,0.8,0,SHINHAN|KAKAOPAY|HYUNDAI|MERITZ|KB|DB|SAMSUNG,True,True,True,0.0,0,1.0,1.0,"{""SHINHAN"": 0, ""KAKAOPAY"": 0, ""HYUNDAI"": 0, ""MERITZ"": 0, ""KB"": 0, ""DB"": 0, ""SAMSUNG"": 0}"
everything,oat_heuristic,priority_multiplier,0.9,0,SHINHAN|KAKAOPAY|HYUNDAI|MERITZ|KB|DB|SAMSUNG,True,True,True,0.0,0,1.0,1.0,"{""SHINHAN"": 0, ""KAKAOPAY"": 0, ""HYUNDAI"": 0, ""MERITZ"": 0, ""KB"": 0, ""DB"": 0, ""SAMSUNG"": 0}"
everything,oat_heuristic,priority_multiplier,1.1,0,SHINHAN|KAKAOPAY|HYUNDAI|MERITZ|KB|DB|SAMSUNG,True,True,True,0.0,0,1.0,1.0,"{""SHINHAN"": 0, ""KAKAOPAY"": 0, ""HYUNDAI"": 0, ""MERITZ"": 0, ""KB"": 0, ""DB"": 0, ""SAMSUNG"": 0}"
everything,oat_heuristic,priority_multiplier,1.2,0,SHINHAN|KAKAOPAY|HYUNDAI|MERITZ|KB|DB|SAMSUNG,True,True,True,0.0,0,1.0,1.0,"{""SHINHAN"": 0, ""KAKAOPAY"": 0, ""HYUNDAI"": 0, ""MERITZ"": 0, ""KB"": 0, ""DB"": 0, ""SAMSUNG"": 0}"
everything,oat_heuristic,activity_bump,0.8,0,SHINHAN|KAKAOPAY|HYUNDAI|MERITZ|KB|DB|SAMSUNG,True,True,True,0.0,0,1.0,1.0,"{""SHINHAN"": 0, ""KAKAOPAY"": 0, ""HYUNDAI"": 0, ""MERITZ"": 0, ""KB"": 0, ""DB"": 0, ""SAMSUNG"": 0}"
everything,oat_heuristic,activity_bump,0.9,0,SHINHAN|KAKAOPAY|HYUNDAI|MERITZ|KB|DB|SAMSUNG,True,True,True,0.0,0,1.0,1.0,"{""SHINHAN"": 0, ""KAKAOPAY"": 0, ""HYUNDAI"": 0, ""MERITZ"": 0, ""KB"": 0, ""DB"": 0, ""SAMSUNG"": 0}"
everything,oat_heuristic,activity_bump,1.1,0,SHINHAN|KAKAOPAY|HYUNDAI|MERITZ|KB|DB|SAMSUNG,True,True,True,0.0,0,1.0,1.0,"{""SHINHAN"": 0, ""KAKAOPAY"": 0, ""HYUNDAI"": 0, ""MERITZ"": 0, ""KB"": 0, ""DB"": 0, ""SAMSUNG"": 0}"
everything,oat_heuristic,activity_bump,1.2,0,SHINHAN|KAKAOPAY|HYUNDAI|MERITZ|KB|DB|SAMSUNG,True,True,True,0.0,0,1.0,1.0,"{""SHINHAN"": 0, ""KAKAOPAY"": 0, ""HYUNDAI"": 0, ""MERITZ"": 0, ""KB"": 0, ""DB"": 0, ""SAMSUNG"": 0}"
everything,oat_heuristic,companion_bump,0.8,0,SHINHAN|KAKAOPAY|HYUNDAI|MERITZ|KB|DB|SAMSUNG,True,True,True,0.0,0,1.0,1.0,"{""SHINHAN"": 0, ""KAKAOPAY"": 0, ""HYUNDAI"": 0, ""MERITZ"": 0, ""KB"": 0, ""DB"": 0, ""SAMSUNG"": 0}"
everything,oat_heuristic,companion_bump,0.9,0,SHINHAN|KAKAOPAY|HYUNDAI|MERITZ|KB|DB|SAMSUNG,True,True,True,0.0,0,1.0,1.0,"{""SHINHAN"": 0, ""KAKAOPAY"": 0, ""HYUNDAI"": 0, ""MERITZ"": 0, ""KB"": 0, ""DB"": 0, ""SAMSUNG"": 0}"
everything,oat_heuristic,companion_bump,1.1,0,SHINHAN|KAKAOPAY|HYUNDAI|MERITZ|KB|DB|SAMSUNG,True,True,True,0.0,0,1.0,1.0,"{""SHINHAN"": 0, ""KAKAOPAY"": 0, ""HYUNDAI"": 0, ""MERITZ"": 0, ""KB"": 0, ""DB"": 0, ""SAMSUNG"": 0}"
everything,oat_heuristic,companion_bump,1.2,0,SHINHAN|KAKAOPAY|HYUNDAI|MERITZ|KB|DB|SAMSUNG,True,True,True,0.0,0,1.0,1.0,"{""SHINHAN"": 0, ""KAKAOPAY"": 0, ""HYUNDAI"": 0, ""MERITZ"": 0, ""KB"": 0, ""DB"": 0, ""SAMSUNG"": 0}"
everything,oat_heuristic,rental_car_bump,0.8,0,SHINHAN|KAKAOPAY|HYUNDAI|MERITZ|KB|DB|SAMSUNG,True,True,True,0.0,0,1.0,1.0,"{""SHINHAN"": 0, ""KAKAOPAY"": 0, ""HYUNDAI"": 0, ""MERITZ"": 0, ""KB"": 0, ""DB"": 0, ""SAMSUNG"": 0}"
everything,oat_heuristic,rental_car_bump,0.9,0,SHINHAN|KAKAOPAY|HYUNDAI|MERITZ|KB|DB|SAMSUNG,True,True,True,0.0,0,1.0,1.0,"{""SHINHAN"": 0, ""KAKAOPAY"": 0, ""HYUNDAI"": 0, ""MERITZ"": 0, ""KB"": 0, ""DB"": 0, ""SAMSUNG"": 0}"
everything,oat_heuristic,rental_car_bump,1.1,0,SHINHAN|KAKAOPAY|HYUNDAI|MERITZ|KB|DB|SAMSUNG,True,True,True,0.0,0,1.0,1.0,"{""SHINHAN"": 0, ""KAKAOPAY"": 0, ""HYUNDAI"": 0, ""MERITZ"": 0, ""KB"": 0, ""DB"": 0, ""SAMSUNG"": 0}"
everything,oat_heuristic,rental_car_bump,1.2,0,SHINHAN|KAKAOPAY|HYUNDAI|MERITZ|KB|DB|SAMSUNG,True,True,True,0.0,0,1.0,1.0,"{""SHINHAN"": 0, ""KAKAOPAY"": 0, ""HYUNDAI"": 0, ""MERITZ"": 0, ""KB"": 0, ""DB"": 0, ""SAMSUNG"": 0}"
everything,oat_heuristic,risk_emergency_bump,0.8,0,SHINHAN|KAKAOPAY|HYUNDAI|MERITZ|KB|DB|SAMSUNG,True,True,True,0.0,0,1.0,1.0,"{""SHINHAN"": 0, ""KAKAOPAY"": 0, ""HYUNDAI"": 0, ""MERITZ"": 0, ""KB"": 0, ""DB"": 0, ""SAMSUNG"": 0}"
everything,oat_heuristic,risk_emergency_bump,0.9,0,SHINHAN|KAKAOPAY|HYUNDAI|MERITZ|KB|DB|SAMSUNG,True,True,True,0.0,0,1.0,1.0,"{""SHINHAN"": 0, ""KAKAOPAY"": 0, ""HYUNDAI"": 0, ""MERITZ"": 0, ""KB"": 0, ""DB"": 0, ""SAMSUNG"": 0}"
everything,oat_heuristic,risk_emergency_bump,1.1,0,SHINHAN|KAKAOPAY|HYUNDAI|MERITZ|KB|DB|SAMSUNG,True,True,True,0.0,0,1.0,1.0,"{""SHINHAN"": 0, ""KAKAOPAY"": 0, ""HYUNDAI"": 0, ""MERITZ"": 0, ""KB"": 0, ""DB"": 0, ""SAMSUNG"": 0}"
everything,oat_heuristic,risk_emergency_bump,1.2,0,SHINHAN|KAKAOPAY|HYUNDAI|MERITZ|KB|DB|SAMSUNG,True,True,True,0.0,0,1.0,1.0,"{""SHINHAN"": 0, ""KAKAOPAY"": 0, ""HYUNDAI"": 0, ""MERITZ"": 0, ""KB"": 0, ""DB"": 0, ""SAMSUNG"": 0}"
everything,oat_heuristic,risk_illness_bump,0.8,0,SHINHAN|KAKAOPAY|HYUNDAI|MERITZ|KB|DB|SAMSUNG,True,True,True,0.0,0,1.0,1.0,"{""SHINHAN"": 0, ""KAKAOPAY"": 0, ""HYUNDAI"": 0, ""MERITZ"": 0, ""KB"": 0, ""DB"": 0, ""SAMSUNG"": 0}"
everything,oat_heuristic,risk_illness_bump,0.9,0,SHINHAN|KAKAOPAY|HYUNDAI|MERITZ|KB|DB|SAMSUNG,True,True,True,0.0,0,1.0,1.0,"{""SHINHAN"": 0, ""KAKAOPAY"": 0, ""HYUNDAI"": 0, ""MERITZ"": 0, ""KB"": 0, ""DB"": 0, ""SAMSUNG"": 0}"
everything,oat_heuristic,risk_illness_bump,1.1,0,SHINHAN|KAKAOPAY|HYUNDAI|MERITZ|KB|DB|SAMSUNG,True,True,True,0.0,0,1.0,1.0,"{""SHINHAN"": 0, ""KAKAOPAY"": 0, ""HYUNDAI"": 0, ""MERITZ"": 0, ""KB"": 0, ""DB"": 0, ""SAMSUNG"": 0}"
everything,oat_heuristic,risk_illness_bump,1.2,0,SHINHAN|KAKAOPAY|HYUNDAI|MERITZ|KB|DB|SAMSUNG,True,True,True,0.0,0,1.0,1.0,"{""SHINHAN"": 0, ""KAKAOPAY"": 0, ""HYUNDAI"": 0, ""MERITZ"": 0, ""KB"": 0, ""DB"": 0, ""SAMSUNG"": 0}"
everything,oat_heuristic,long_trip_bump,0.8,0,SHINHAN|KAKAOPAY|HYUNDAI|MERITZ|KB|DB|SAMSUNG,True,True,True,0.0,0,1.0,1.0,"{""SHINHAN"": 0, ""KAKAOPAY"": 0, ""HYUNDAI"": 0, ""MERITZ"": 0, ""KB"": 0, ""DB"": 0, ""SAMSUNG"": 0}"
everything,oat_heuristic,long_trip_bump,0.9,0,SHINHAN|KAKAOPAY|HYUNDAI|MERITZ|KB|DB|SAMSUNG,True,True,True,0.0,0,1.0,1.0,"{""SHINHAN"": 0, ""KAKAOPAY"": 0, ""HYUNDAI"": 0, ""MERITZ"": 0, ""KB"": 0, ""DB"": 0, ""SAMSUNG"": 0}"
everything,oat_heuristic,long_trip_bump,1.1,0,SHINHAN|KAKAOPAY|HYUNDAI|MERITZ|KB|DB|SAMSUNG,True,True,True,0.0,0,1.0,1.0,"{""SHINHAN"": 0, ""KAKAOPAY"": 0, ""HYUNDAI"": 0, ""MERITZ"": 0, ""KB"": 0, ""DB"": 0, ""SAMSUNG"": 0}"
everything,oat_heuristic,long_trip_bump,1.2,0,SHINHAN|KAKAOPAY|HYUNDAI|MERITZ|KB|DB|SAMSUNG,True,True,True,0.0,0,1.0,1.0,"{""SHINHAN"": 0, ""KAKAOPAY"": 0, ""HYUNDAI"": 0, ""MERITZ"": 0, ""KB"": 0, ""DB"": 0, ""SAMSUNG"": 0}"
everything,oat_heuristic,senior_illness_bump,0.8,0,SHINHAN|KAKAOPAY|HYUNDAI|MERITZ|KB|DB|SAMSUNG,True,True,True,0.0,0,1.0,1.0,"{""SHINHAN"": 0, ""KAKAOPAY"": 0, ""HYUNDAI"": 0, ""MERITZ"": 0, ""KB"": 0, ""DB"": 0, ""SAMSUNG"": 0}"
everything,oat_heuristic,senior_illness_bump,0.9,0,SHINHAN|KAKAOPAY|HYUNDAI|MERITZ|KB|DB|SAMSUNG,True,True,True,0.0,0,1.0,1.0,"{""SHINHAN"": 0, ""KAKAOPAY"": 0, ""HYUNDAI"": 0, ""MERITZ"": 0, ""KB"": 0, ""DB"": 0, ""SAMSUNG"": 0}"
everything,oat_heuristic,senior_illness_bump,1.1,0,SHINHAN|KAKAOPAY|HYUNDAI|MERITZ|KB|DB|SAMSUNG,True,True,True,0.0,0,1.0,1.0,"{""SHINHAN"": 0, ""KAKAOPAY"": 0, ""HYUNDAI"": 0, ""MERITZ"": 0, ""KB"": 0, ""DB"": 0, ""SAMSUNG"": 0}"
everything,oat_heuristic,senior_illness_bump,1.2,0,SHINHAN|KAKAOPAY|HYUNDAI|MERITZ|KB|DB|SAMSUNG,True,True,True,0.0,0,1.0,1.0,"{""SHINHAN"": 0, ""KAKAOPAY"": 0, ""HYUNDAI"": 0, ""MERITZ"": 0, ""KB"": 0, ""DB"": 0, ""SAMSUNG"": 0}"
everything,oat_heuristic,senior_emergency_bump,0.8,0,SHINHAN|KAKAOPAY|HYUNDAI|MERITZ|KB|DB|SAMSUNG,True,True,True,0.0,0,1.0,1.0,"{""SHINHAN"": 0, ""KAKAOPAY"": 0, ""HYUNDAI"": 0, ""MERITZ"": 0, ""KB"": 0, ""DB"": 0, ""SAMSUNG"": 0}"
everything,oat_heuristic,senior_emergency_bump,0.9,0,SHINHAN|KAKAOPAY|HYUNDAI|MERITZ|KB|DB|SAMSUNG,True,True,True,0.0,0,1.0,1.0,"{""SHINHAN"": 0, ""KAKAOPAY"": 0, ""HYUNDAI"": 0, ""MERITZ"": 0, ""KB"": 0, ""DB"": 0, ""SAMSUNG"": 0}"
everything,oat_heuristic,senior_emergency_bump,1.1,0,SHINHAN|KAKAOPAY|HYUNDAI|MERITZ|KB|DB|SAMSUNG,True,True,True,0.0,0,1.0,1.0,"{""SHINHAN"": 0, ""KAKAOPAY"": 0, ""HYUNDAI"": 0, ""MERITZ"": 0, ""KB"": 0, ""DB"": 0, ""SAMSUNG"": 0}"
everything,oat_heuristic,senior_emergency_bump,1.2,0,SHINHAN|KAKAOPAY|HYUNDAI|MERITZ|KB|DB|SAMSUNG,True,True,True,0.0,0,1.0,1.0,"{""SHINHAN"": 0, ""KAKAOPAY"": 0, ""HYUNDAI"": 0, ""MERITZ"": 0, ""KB"": 0, ""DB"": 0, ""SAMSUNG"": 0}"
everything,oat_axis,axis:amount,0.8,0,SHINHAN|KAKAOPAY|HYUNDAI|MERITZ|KB|DB|SAMSUNG,True,True,True,0.0,0,1.0,1.0,"{""SHINHAN"": 0, ""KAKAOPAY"": 0, ""HYUNDAI"": 0, ""MERITZ"": 0, ""KB"": 0, ""DB"": 0, ""SAMSUNG"": 0}"
everything,oat_axis,axis:amount,0.9,0,SHINHAN|KAKAOPAY|HYUNDAI|MERITZ|KB|DB|SAMSUNG,True,True,True,0.0,0,1.0,1.0,"{""SHINHAN"": 0, ""KAKAOPAY"": 0, ""HYUNDAI"": 0, ""MERITZ"": 0, ""KB"": 0, ""DB"": 0, ""SAMSUNG"": 0}"
everything,oat_axis,axis:amount,1.1,0,SHINHAN|KAKAOPAY|HYUNDAI|MERITZ|KB|DB|SAMSUNG,True,True,True,0.0,0,1.0,1.0,"{""SHINHAN"": 0, ""KAKAOPAY"": 0, ""HYUNDAI"": 0, ""MERITZ"": 0, ""KB"": 0, ""DB"": 0, ""SAMSUNG"": 0}"
everything,oat_axis,axis:amount,1.2,0,SHINHAN|KAKAOPAY|HYUNDAI|MERITZ|KB|DB|SAMSUNG,True,True,True,0.0,0,1.0,1.0,"{""SHINHAN"": 0, ""KAKAOPAY"": 0, ""HYUNDAI"": 0, ""MERITZ"": 0, ""KB"": 0, ""DB"": 0, ""SAMSUNG"": 0}"
everything,oat_axis,axis:clause,0.8,0,SHINHAN|KAKAOPAY|HYUNDAI|MERITZ|KB|DB|SAMSUNG,True,True,True,0.0,0,1.0,1.0,"{""SHINHAN"": 0, ""KAKAOPAY"": 0, ""HYUNDAI"": 0, ""MERITZ"": 0, ""KB"": 0, ""DB"": 0, ""SAMSUNG"": 0}"
everything,oat_axis,axis:clause,0.9,0,SHINHAN|KAKAOPAY|HYUNDAI|MERITZ|KB|DB|SAMSUNG,True,True,True,0.0,0,1.0,1.0,"{""SHINHAN"": 0, ""KAKAOPAY"": 0, ""HYUNDAI"": 0, ""MERITZ"": 0, ""KB"": 0, ""DB"": 0, ""SAMSUNG"": 0}"
everything,oat_axis,axis:clause,1.1,0,SHINHAN|KAKAOPAY|HYUNDAI|MERITZ|KB|DB|SAMSUNG,True,True,True,0.0,0,1.0,1.0,"{""SHINHAN"": 0, ""KAKAOPAY"": 0, ""HYUNDAI"": 0, ""MERITZ"": 0, ""KB"": 0, ""DB"": 0, ""SAMSUNG"": 0}"
everything,oat_axis,axis:clause,1.2,0,SHINHAN|KAKAOPAY|HYUNDAI|MERITZ|KB|DB|SAMSUNG,True,True,True,0.0,0,1.0,1.0,"{""SHINHAN"": 0, ""KAKAOPAY"": 0, ""HYUNDAI"": 0, ""MERITZ"": 0, ""KB"": 0, ""DB"": 0, ""SAMSUNG"": 0}"
everything,oat_axis,axis:price,0.8,0,SHINHAN|KAKAOPAY|HYUNDAI|MERITZ|KB|DB|SAMSUNG,True,True,True,0.0,0,1.0,1.0,"{""SHINHAN"": 0, ""KAKAOPAY"": 0, ""HYUNDAI"": 0, ""MERITZ"": 0, ""KB"": 0, ""DB"": 0, ""SAMSUNG"": 0}"
everything,oat_axis,axis:price,0.9,0,SHINHAN|KAKAOPAY|HYUNDAI|MERITZ|KB|DB|SAMSUNG,True,True,True,0.0,0,1.0,1.0,"{""SHINHAN"": 0, ""KAKAOPAY"": 0, ""HYUNDAI"": 0, ""MERITZ"": 0, ""KB"": 0, ""DB"": 0, ""SAMSUNG"": 0}"
everything,oat_axis,axis:price,1.1,0,SHINHAN|KAKAOPAY|HYUNDAI|MERITZ|KB|DB|SAMSUNG,True,True,True,0.0,0,1.0,1.0,"{""SHINHAN"": 0, ""KAKAOPAY"": 0, ""HYUNDAI"": 0, ""MERITZ"": 0, ""KB"": 0, ""DB"": 0, ""SAMSUNG"": 0}"
everything,oat_axis,axis:price,1.2,0,SHINHAN|KAKAOPAY|HYUNDAI|MERITZ|KB|DB|SAMSUNG,True,True,True,0.0,0,1.0,1.0,"{""SHINHAN"": 0, ""KAKAOPAY"": 0, ""HYUNDAI"": 0, ""MERITZ"": 0, ""KB"": 0, ""DB"": 0, ""SAMSUNG"": 0}"
everything,oat_axis,axis:overlap,0.8,0,SHINHAN|KAKAOPAY|HYUNDAI|MERITZ|KB|DB|SAMSUNG,True,True,True,0.0,0,1.0,1.0,"{""SHINHAN"": 0, ""KAKAOPAY"": 0, ""HYUNDAI"": 0, ""MERITZ"": 0, ""KB"": 0, ""DB"": 0, ""SAMSUNG"": 0}"
everything,oat_axis,axis:overlap,0.9,0,SHINHAN|KAKAOPAY|HYUNDAI|MERITZ|KB|DB|SAMSUNG,True,True,True,0.0,0,1.0,1.0,"{""SHINHAN"": 0, ""KAKAOPAY"": 0, ""HYUNDAI"": 0, ""MERITZ"": 0, ""KB"": 0, ""DB"": 0, ""SAMSUNG"": 0}"
everything,oat_axis,axis:overlap,1.1,0,SHINHAN|KAKAOPAY|HYUNDAI|MERITZ|KB|DB|SAMSUNG,True,True,True,0.0,0,1.0,1.0,"{""SHINHAN"": 0, ""KAKAOPAY"": 0, ""HYUNDAI"": 0, ""MERITZ"": 0, ""KB"": 0, ""DB"": 0, ""SAMSUNG"": 0}"
everything,oat_axis,axis:overlap,1.2,0,SHINHAN|KAKAOPAY|HYUNDAI|MERITZ|KB|DB|SAMSUNG,True,True,True,0.0,0,1.0,1.0,"{""SHINHAN"": 0, ""KAKAOPAY"": 0, ""HYUNDAI"": 0, ""MERITZ"": 0, ""KB"": 0, ""DB"": 0, ""SAMSUNG"": 0}"
everything,oat_axis,axis:activity,0.8,0,SHINHAN|KAKAOPAY|HYUNDAI|MERITZ|KB|DB|SAMSUNG,True,True,True,0.0,0,1.0,1.0,"{""SHINHAN"": 0, ""KAKAOPAY"": 0, ""HYUNDAI"": 0, ""MERITZ"": 0, ""KB"": 0, ""DB"": 0, ""SAMSUNG"": 0}"
everything,oat_axis,axis:activity,0.9,0,SHINHAN|KAKAOPAY|HYUNDAI|MERITZ|KB|DB|SAMSUNG,True,True,True,0.0,0,1.0,1.0,"{""SHINHAN"": 0, ""KAKAOPAY"": 0, ""HYUNDAI"": 0, ""MERITZ"": 0, ""KB"": 0, ""DB"": 0, ""SAMSUNG"": 0}"
everything,oat_axis,axis:activity,1.1,0,SHINHAN|KAKAOPAY|HYUNDAI|MERITZ|KB|DB|SAMSUNG,True,True,True,0.0,0,1.0,1.0,"{""SHINHAN"": 0, ""KAKAOPAY"": 0, ""HYUNDAI"": 0, ""MERITZ"": 0, ""KB"": 0, ""DB"": 0, ""SAMSUNG"": 0}"
everything,oat_axis,axis:activity,1.2,0,SHINHAN|KAKAOPAY|HYUNDAI|MERITZ|KB|DB|SAMSUNG,True,True,True,0.0,0,1.0,1.0,"{""SHINHAN"": 0, ""KAKAOPAY"": 0, ""HYUNDAI"": 0, ""MERITZ"": 0, ""KB"": 0, ""DB"": 0, ""SAMSUNG"": 0}"
everything,monte_carlo,all,0.0,0,SHINHAN|KAKAOPAY|HYUNDAI|MERITZ|KB|DB|SAMSUNG,True,True,True,0.0,0,1.0,1.0,"{""SHINHAN"": 0, ""KAKAOPAY"": 0, ""HYUNDAI"": 0, ""MERITZ"": 0, ""KB"": 0, ""DB"": 0, ""SAMSUNG"": 0}"
everything,monte_carlo,all,0.0,1,SHINHAN|KAKAOPAY|HYUNDAI|MERITZ|KB|DB|SAMSUNG,True,True,True,0.0,0,1.0,1.0,"{""SHINHAN"": 0, ""KAKAOPAY"": 0, ""HYUNDAI"": 0, ""MERITZ"": 0, ""KB"": 0, ""DB"": 0, ""SAMSUNG"": 0}"
everything,monte_carlo,all,0.0,2,SHINHAN|KAKAOPAY|HYUNDAI|MERITZ|KB|DB|SAMSUNG,True,True,True,0.0,0,1.0,1.0,"{""SHINHAN"": 0, ""KAKAOPAY"": 0, ""HYUNDAI"": 0, ""MERITZ"": 0, ""KB"": 0, ""DB"": 0, ""SAMSUNG"": 0}"
everything,monte_carlo,all,0.0,3,SHINHAN|KAKAOPAY|HYUNDAI|MERITZ|KB|DB|SAMSUNG,True,True,True,0.0,0,1.0,1.0,"{""SHINHAN"": 0, ""KAKAOPAY"": 0, ""HYUNDAI"": 0, ""MERITZ"": 0, ""KB"": 0, ""DB"": 0, ""SAMSUNG"": 0}"
everything,monte_carlo,all,0.0,4,SHINHAN|KAKAOPAY|HYUNDAI|MERITZ|KB|DB|SAMSUNG,True,True,True,0.0,0,1.0,1.0,"{""SHINHAN"": 0, ""KAKAOPAY"": 0, ""HYUNDAI"": 0, ""MERITZ"": 0, ""KB"": 0, ""DB"": 0, ""SAMSUNG"": 0}"
everything,monte_carlo,all,0.0,5,SHINHAN|KAKAOPAY|HYUNDAI|MERITZ|KB|DB|SAMSUNG,True,True,True,0.0,0,1.0,1.0,"{""SHINHAN"": 0, ""KAKAOPAY"": 0, ""HYUNDAI"": 0, ""MERITZ"": 0, ""KB"": 0, ""DB"": 0, ""SAMSUNG"": 0}"
everything,monte_carlo,all,0.0,6,SHINHAN|KAKAOPAY|HYUNDAI|MERITZ|KB|DB|SAMSUNG,True,True,True,0.0,0,1.0,1.0,"{""SHINHAN"": 0, ""KAKAOPAY"": 0, ""HYUNDAI"": 0, ""MERITZ"": 0, ""KB"": 0, ""DB"": 0, ""SAMSUNG"": 0}"
everything,monte_carlo,all,0.0,7,SHINHAN|KAKAOPAY|HYUNDAI|MERITZ|KB|DB|SAMSUNG,True,True,True,0.0,0,1.0,1.0,"{""SHINHAN"": 0, ""KAKAOPAY"": 0, ""HYUNDAI"": 0, ""MERITZ"": 0, ""KB"": 0, ""DB"": 0, ""SAMSUNG"": 0}"
everything,monte_carlo,all,0.0,8,SHINHAN|KAKAOPAY|HYUNDAI|MERITZ|KB|DB|SAMSUNG,True,True,True,0.0,0,1.0,1.0,"{""SHINHAN"": 0, ""KAKAOPAY"": 0, ""HYUNDAI"": 0, ""MERITZ"": 0, ""KB"": 0, ""DB"": 0, ""SAMSUNG"": 0}"
everything,monte_carlo,all,0.0,9,SHINHAN|KAKAOPAY|HYUNDAI|MERITZ|KB|DB|SAMSUNG,True,True,True,0.0,0,1.0,1.0,"{""SHINHAN"": 0, ""KAKAOPAY"": 0, ""HYUNDAI"": 0, ""MERITZ"": 0, ""KB"": 0, ""DB"": 0, ""SAMSUNG"": 0}"
everything,monte_carlo,all,0.0,10,SHINHAN|KAKAOPAY|HYUNDAI|MERITZ|KB|DB|SAMSUNG,True,True,True,0.0,0,1.0,1.0,"{""SHINHAN"": 0, ""KAKAOPAY"": 0, ""HYUNDAI"": 0, ""MERITZ"": 0, ""KB"": 0, ""DB"": 0, ""SAMSUNG"": 0}"
everything,monte_carlo,all,0.0,11,SHINHAN|KAKAOPAY|HYUNDAI|MERITZ|KB|DB|SAMSUNG,True,True,True,0.0,0,1.0,1.0,"{""SHINHAN"": 0, ""KAKAOPAY"": 0, ""HYUNDAI"": 0, ""MERITZ"": 0, ""KB"": 0, ""DB"": 0, ""SAMSUNG"": 0}"
everything,monte_carlo,all,0.0,12,SHINHAN|KAKAOPAY|HYUNDAI|MERITZ|KB|DB|SAMSUNG,True,True,True,0.0,0,1.0,1.0,"{""SHINHAN"": 0, ""KAKAOPAY"": 0, ""HYUNDAI"": 0, ""MERITZ"": 0, ""KB"": 0, ""DB"": 0, ""SAMSUNG"": 0}"
everything,monte_carlo,all,0.0,13,SHINHAN|KAKAOPAY|HYUNDAI|MERITZ|KB|DB|SAMSUNG,True,True,True,0.0,0,1.0,1.0,"{""SHINHAN"": 0, ""KAKAOPAY"": 0, ""HYUNDAI"": 0, ""MERITZ"": 0, ""KB"": 0, ""DB"": 0, ""SAMSUNG"": 0}"
everything,monte_carlo,all,0.0,14,SHINHAN|KAKAOPAY|HYUNDAI|MERITZ|KB|DB|SAMSUNG,True,True,True,0.0,0,1.0,1.0,"{""SHINHAN"": 0, ""KAKAOPAY"": 0, ""HYUNDAI"": 0, ""MERITZ"": 0, ""KB"": 0, ""DB"": 0, ""SAMSUNG"": 0}"
everything,monte_carlo,all,0.0,15,SHINHAN|KAKAOPAY|HYUNDAI|MERITZ|KB|DB|SAMSUNG,True,True,True,0.0,0,1.0,1.0,"{""SHINHAN"": 0, ""KAKAOPAY"": 0, ""HYUNDAI"": 0, ""MERITZ"": 0, ""KB"": 0, ""DB"": 0, ""SAMSUNG"": 0}"
everything,monte_carlo,all,0.0,16,SHINHAN|KAKAOPAY|HYUNDAI|MERITZ|KB|DB|SAMSUNG,True,True,True,0.0,0,1.0,1.0,"{""SHINHAN"": 0, ""KAKAOPAY"": 0, ""HYUNDAI"": 0, ""MERITZ"": 0, ""KB"": 0, ""DB"": 0, ""SAMSUNG"": 0}"
everything,monte_carlo,all,0.0,17,SHINHAN|KAKAOPAY|HYUNDAI|MERITZ|KB|DB|SAMSUNG,True,True,True,0.0,0,1.0,1.0,"{""SHINHAN"": 0, ""KAKAOPAY"": 0, ""HYUNDAI"": 0, ""MERITZ"": 0, ""KB"": 0, ""DB"": 0, ""SAMSUNG"": 0}"
everything,monte_carlo,all,0.0,18,SHINHAN|KAKAOPAY|HYUNDAI|MERITZ|KB|DB|SAMSUNG,True,True,True,0.0,0,1.0,1.0,"{""SHINHAN"": 0, ""KAKAOPAY"": 0, ""HYUNDAI"": 0, ""MERITZ"": 0, ""KB"": 0, ""DB"": 0, ""SAMSUNG"": 0}"
everything,monte_carlo,all,0.0,19,SHINHAN|KAKAOPAY|HYUNDAI|MERITZ|KB|DB|SAMSUNG,True,True,True,0.0,0,1.0,1.0,"{""SHINHAN"": 0, ""KAKAOPAY"": 0, ""HYUNDAI"": 0, ""MERITZ"": 0, ""KB"": 0, ""DB"": 0, ""SAMSUNG"": 0}"
everything,monte_carlo,all,0.0,20,SHINHAN|KAKAOPAY|HYUNDAI|MERITZ|KB|DB|SAMSUNG,True,True,True,0.0,0,1.0,1.0,"{""SHINHAN"": 0, ""KAKAOPAY"": 0, ""HYUNDAI"": 0, ""MERITZ"": 0, ""KB"": 0, ""DB"": 0, ""SAMSUNG"": 0}"
everything,monte_carlo,all,0.0,21,SHINHAN|KAKAOPAY|HYUNDAI|MERITZ|KB|DB|SAMSUNG,True,True,True,0.0,0,1.0,1.0,"{""SHINHAN"": 0, ""KAKAOPAY"": 0, ""HYUNDAI"": 0, ""MERITZ"": 0, ""KB"": 0, ""DB"": 0, ""SAMSUNG"": 0}"
everything,monte_carlo,all,0.0,22,SHINHAN|KAKAOPAY|HYUNDAI|MERITZ|KB|DB|SAMSUNG,True,True,True,0.0,0,1.0,1.0,"{""SHINHAN"": 0, ""KAKAOPAY"": 0, ""HYUNDAI"": 0, ""MERITZ"": 0, ""KB"": 0, ""DB"": 0, ""SAMSUNG"": 0}"
everything,monte_carlo,all,0.0,23,SHINHAN|KAKAOPAY|HYUNDAI|MERITZ|KB|DB|SAMSUNG,True,True,True,0.0,0,1.0,1.0,"{""SHINHAN"": 0, ""KAKAOPAY"": 0, ""HYUNDAI"": 0, ""MERITZ"": 0, ""KB"": 0, ""DB"": 0, ""SAMSUNG"": 0}"
everything,monte_carlo,all,0.0,24,SHINHAN|KAKAOPAY|HYUNDAI|MERITZ|KB|DB|SAMSUNG,True,True,True,0.0,0,1.0,1.0,"{""SHINHAN"": 0, ""KAKAOPAY"": 0, ""HYUNDAI"": 0, ""MERITZ"": 0, ""KB"": 0, ""DB"": 0, ""SAMSUNG"": 0}"
everything,monte_carlo,all,0.0,25,SHINHAN|KAKAOPAY|HYUNDAI|MERITZ|KB|DB|SAMSUNG,True,True,True,0.0,0,1.0,1.0,"{""SHINHAN"": 0, ""KAKAOPAY"": 0, ""HYUNDAI"": 0, ""MERITZ"": 0, ""KB"": 0, ""DB"": 0, ""SAMSUNG"": 0}"
everything,monte_carlo,all,0.0,26,SHINHAN|KAKAOPAY|HYUNDAI|MERITZ|KB|DB|SAMSUNG,True,True,True,0.0,0,1.0,1.0,"{""SHINHAN"": 0, ""KAKAOPAY"": 0, ""HYUNDAI"": 0, ""MERITZ"": 0, ""KB"": 0, ""DB"": 0, ""SAMSUNG"": 0}"
everything,monte_carlo,all,0.0,27,SHINHAN|KAKAOPAY|HYUNDAI|MERITZ|KB|DB|SAMSUNG,True,True,True,0.0,0,1.0,1.0,"{""SHINHAN"": 0, ""KAKAOPAY"": 0, ""HYUNDAI"": 0, ""MERITZ"": 0, ""KB"": 0, ""DB"": 0, ""SAMSUNG"": 0}"
everything,monte_carlo,all,0.0,28,SHINHAN|KAKAOPAY|HYUNDAI|MERITZ|KB|DB|SAMSUNG,True,True,True,0.0,0,1.0,1.0,"{""SHINHAN"": 0, ""KAKAOPAY"": 0, ""HYUNDAI"": 0, ""MERITZ"": 0, ""KB"": 0, ""DB"": 0, ""SAMSUNG"": 0}"
everything,monte_carlo,all,0.0,29,SHINHAN|KAKAOPAY|HYUNDAI|MERITZ|KB|DB|SAMSUNG,True,True,True,0.0,0,1.0,1.0,"{""SHINHAN"": 0, ""KAKAOPAY"": 0, ""HYUNDAI"": 0, ""MERITZ"": 0, ""KB"": 0, ""DB"": 0, ""SAMSUNG"": 0}"
everything,monte_carlo,all,0.0,30,SHINHAN|KAKAOPAY|HYUNDAI|MERITZ|KB|DB|SAMSUNG,True,True,True,0.0,0,1.0,1.0,"{""SHINHAN"": 0, ""KAKAOPAY"": 0, ""HYUNDAI"": 0, ""MERITZ"": 0, ""KB"": 0, ""DB"": 0, ""SAMSUNG"": 0}"
everything,monte_carlo,all,0.0,31,SHINHAN|KAKAOPAY|HYUNDAI|MERITZ|KB|DB|SAMSUNG,True,True,True,0.0,0,1.0,1.0,"{""SHINHAN"": 0, ""KAKAOPAY"": 0, ""HYUNDAI"": 0, ""MERITZ"": 0, ""KB"": 0, ""DB"": 0, ""SAMSUNG"": 0}"
everything,monte_carlo,all,0.0,32,SHINHAN|KAKAOPAY|HYUNDAI|MERITZ|KB|DB|SAMSUNG,True,True,True,0.0,0,1.0,1.0,"{""SHINHAN"": 0, ""KAKAOPAY"": 0, ""HYUNDAI"": 0, ""MERITZ"": 0, ""KB"": 0, ""DB"": 0, ""SAMSUNG"": 0}"
everything,monte_carlo,all,0.0,33,SHINHAN|KAKAOPAY|HYUNDAI|MERITZ|KB|DB|SAMSUNG,True,True,True,0.0,0,1.0,1.0,"{""SHINHAN"": 0, ""KAKAOPAY"": 0, ""HYUNDAI"": 0, ""MERITZ"": 0, ""KB"": 0, ""DB"": 0, ""SAMSUNG"": 0}"
everything,monte_carlo,all,0.0,34,SHINHAN|KAKAOPAY|HYUNDAI|MERITZ|KB|DB|SAMSUNG,True,True,True,0.0,0,1.0,1.0,"{""SHINHAN"": 0, ""KAKAOPAY"": 0, ""HYUNDAI"": 0, ""MERITZ"": 0, ""KB"": 0, ""DB"": 0, ""SAMSUNG"": 0}"
everything,monte_carlo,all,0.0,35,SHINHAN|KAKAOPAY|HYUNDAI|MERITZ|KB|DB|SAMSUNG,True,True,True,0.0,0,1.0,1.0,"{""SHINHAN"": 0, ""KAKAOPAY"": 0, ""HYUNDAI"": 0, ""MERITZ"": 0, ""KB"": 0, ""DB"": 0, ""SAMSUNG"": 0}"
everything,monte_carlo,all,0.0,36,SHINHAN|KAKAOPAY|HYUNDAI|MERITZ|KB|DB|SAMSUNG,True,True,True,0.0,0,1.0,1.0,"{""SHINHAN"": 0, ""KAKAOPAY"": 0, ""HYUNDAI"": 0, ""MERITZ"": 0, ""KB"": 0, ""DB"": 0, ""SAMSUNG"": 0}"
everything,monte_carlo,all,0.0,37,SHINHAN|KAKAOPAY|HYUNDAI|MERITZ|KB|DB|SAMSUNG,True,True,True,0.0,0,1.0,1.0,"{""SHINHAN"": 0, ""KAKAOPAY"": 0, ""HYUNDAI"": 0, ""MERITZ"": 0, ""KB"": 0, ""DB"": 0, ""SAMSUNG"": 0}"
everything,monte_carlo,all,0.0,38,SHINHAN|KAKAOPAY|HYUNDAI|MERITZ|KB|DB|SAMSUNG,True,True,True,0.0,0,1.0,1.0,"{""SHINHAN"": 0, ""KAKAOPAY"": 0, ""HYUNDAI"": 0, ""MERITZ"": 0, ""KB"": 0, ""DB"": 0, ""SAMSUNG"": 0}"
everything,monte_carlo,all,0.0,39,SHINHAN|KAKAOPAY|HYUNDAI|MERITZ|KB|DB|SAMSUNG,True,True,True,0.0,0,1.0,1.0,"{""SHINHAN"": 0, ""KAKAOPAY"": 0, ""HYUNDAI"": 0, ""MERITZ"": 0, ""KB"": 0, ""DB"": 0, ""SAMSUNG"": 0}"
everything,monte_carlo,all,0.0,40,SHINHAN|KAKAOPAY|HYUNDAI|MERITZ|KB|DB|SAMSUNG,True,True,True,0.0,0,1.0,1.0,"{""SHINHAN"": 0, ""KAKAOPAY"": 0, ""HYUNDAI"": 0, ""MERITZ"": 0, ""KB"": 0, ""DB"": 0, ""SAMSUNG"": 0}"
everything,monte_carlo,all,0.0,41,SHINHAN|KAKAOPAY|HYUNDAI|MERITZ|KB|DB|SAMSUNG,True,True,True,0.0,0,1.0,1.0,"{""SHINHAN"": 0, ""KAKAOPAY"": 0, ""HYUNDAI"": 0, ""MERITZ"": 0, ""KB"": 0, ""DB"": 0, ""SAMSUNG"": 0}"
everything,monte_carlo,all,0.0,42,SHINHAN|KAKAOPAY|HYUNDAI|MERITZ|KB|DB|SAMSUNG,True,True,True,0.0,0,1.0,1.0,"{""SHINHAN"": 0, ""KAKAOPAY"": 0, ""HYUNDAI"": 0, ""MERITZ"": 0, ""KB"": 0, ""DB"": 0, ""SAMSUNG"": 0}"
everything,monte_carlo,all,0.0,43,SHINHAN|KAKAOPAY|HYUNDAI|MERITZ|KB|DB|SAMSUNG,True,True,True,0.0,0,1.0,1.0,"{""SHINHAN"": 0, ""KAKAOPAY"": 0, ""HYUNDAI"": 0, ""MERITZ"": 0, ""KB"": 0, ""DB"": 0, ""SAMSUNG"": 0}"
everything,monte_carlo,all,0.0,44,SHINHAN|KAKAOPAY|HYUNDAI|MERITZ|KB|DB|SAMSUNG,True,True,True,0.0,0,1.0,1.0,"{""SHINHAN"": 0, ""KAKAOPAY"": 0, ""HYUNDAI"": 0, ""MERITZ"": 0, ""KB"": 0, ""DB"": 0, ""SAMSUNG"": 0}"
everything,monte_carlo,all,0.0,45,SHINHAN|KAKAOPAY|HYUNDAI|MERITZ|KB|DB|SAMSUNG,True,True,True,0.0,0,1.0,1.0,"{""SHINHAN"": 0, ""KAKAOPAY"": 0, ""HYUNDAI"": 0, ""MERITZ"": 0, ""KB"": 0, ""DB"": 0, ""SAMSUNG"": 0}"
everything,monte_carlo,all,0.0,46,SHINHAN|KAKAOPAY|HYUNDAI|MERITZ|KB|DB|SAMSUNG,True,True,True,0.0,0,1.0,1.0,"{""SHINHAN"": 0, ""KAKAOPAY"": 0, ""HYUNDAI"": 0, ""MERITZ"": 0, ""KB"": 0, ""DB"": 0, ""SAMSUNG"": 0}"
everything,monte_carlo,all,0.0,47,SHINHAN|KAKAOPAY|HYUNDAI|MERITZ|KB|DB|SAMSUNG,True,True,True,0.0,0,1.0,1.0,"{""SHINHAN"": 0, ""KAKAOPAY"": 0, ""HYUNDAI"": 0, ""MERITZ"": 0, ""KB"": 0, ""DB"": 0, ""SAMSUNG"": 0}"
everything,monte_carlo,all,0.0,48,SHINHAN|KAKAOPAY|HYUNDAI|MERITZ|KB|DB|SAMSUNG,True,True,True,0.0,0,1.0,1.0,"{""SHINHAN"": 0, ""KAKAOPAY"": 0, ""HYUNDAI"": 0, ""MERITZ"": 0, ""KB"": 0, ""DB"": 0, ""SAMSUNG"": 0}"
everything,monte_carlo,all,0.0,49,SHINHAN|KAKAOPAY|HYUNDAI|MERITZ|KB|DB|SAMSUNG,True,True,True,0.0,0,1.0,1.0,"{""SHINHAN"": 0, ""KAKAOPAY"": 0, ""HYUNDAI"": 0, ""MERITZ"": 0, ""KB"": 0, ""DB"": 0, ""SAMSUNG"": 0}"
everything,monte_carlo,all,0.0,50,SHINHAN|KAKAOPAY|HYUNDAI|MERITZ|KB|DB|SAMSUNG,True,True,True,0.0,0,1.0,1.0,"{""SHINHAN"": 0, ""KAKAOPAY"": 0, ""HYUNDAI"": 0, ""MERITZ"": 0, ""KB"": 0, ""DB"": 0, ""SAMSUNG"": 0}"
everything,monte_carlo,all,0.0,51,SHINHAN|KAKAOPAY|HYUNDAI|MERITZ|KB|DB|SAMSUNG,True,True,True,0.0,0,1.0,1.0,"{""SHINHAN"": 0, ""KAKAOPAY"": 0, ""HYUNDAI"": 0, ""MERITZ"": 0, ""KB"": 0, ""DB"": 0, ""SAMSUNG"": 0}"
everything,monte_carlo,all,0.0,52,SHINHAN|KAKAOPAY|HYUNDAI|MERITZ|KB|DB|SAMSUNG,True,True,True,0.0,0,1.0,1.0,"{""SHINHAN"": 0, ""KAKAOPAY"": 0, ""HYUNDAI"": 0, ""MERITZ"": 0, ""KB"": 0, ""DB"": 0, ""SAMSUNG"": 0}"
everything,monte_carlo,all,0.0,53,SHINHAN|KAKAOPAY|HYUNDAI|MERITZ|KB|DB|SAMSUNG,True,True,True,0.0,0,1.0,1.0,"{""SHINHAN"": 0, ""KAKAOPAY"": 0, ""HYUNDAI"": 0, ""MERITZ"": 0, ""KB"": 0, ""DB"": 0, ""SAMSUNG"": 0}"
everything,monte_carlo,all,0.0,54,SHINHAN|KAKAOPAY|HYUNDAI|MERITZ|KB|DB|SAMSUNG,True,True,True,0.0,0,1.0,1.0,"{""SHINHAN"": 0, ""KAKAOPAY"": 0, ""HYUNDAI"": 0, ""MERITZ"": 0, ""KB"": 0, ""DB"": 0, ""SAMSUNG"": 0}"
everything,monte_carlo,all,0.0,55,SHINHAN|KAKAOPAY|HYUNDAI|MERITZ|KB|DB|SAMSUNG,True,True,True,0.0,0,1.0,1.0,"{""SHINHAN"": 0, ""KAKAOPAY"": 0, ""HYUNDAI"": 0, ""MERITZ"": 0, ""KB"": 0, ""DB"": 0, ""SAMSUNG"": 0}"
everything,monte_carlo,all,0.0,56,SHINHAN|KAKAOPAY|HYUNDAI|MERITZ|KB|DB|SAMSUNG,True,True,True,0.0,0,1.0,1.0,"{""SHINHAN"": 0, ""KAKAOPAY"": 0, ""HYUNDAI"": 0, ""MERITZ"": 0, ""KB"": 0, ""DB"": 0, ""SAMSUNG"": 0}"
everything,monte_carlo,all,0.0,57,SHINHAN|KAKAOPAY|HYUNDAI|MERITZ|KB|DB|SAMSUNG,True,True,True,0.0,0,1.0,1.0,"{""SHINHAN"": 0, ""KAKAOPAY"": 0, ""HYUNDAI"": 0, ""MERITZ"": 0, ""KB"": 0, ""DB"": 0, ""SAMSUNG"": 0}"
everything,monte_carlo,all,0.0,58,SHINHAN|KAKAOPAY|HYUNDAI|MERITZ|KB|DB|SAMSUNG,True,True,True,0.0,0,1.0,1.0,"{""SHINHAN"": 0, ""KAKAOPAY"": 0, ""HYUNDAI"": 0, ""MERITZ"": 0, ""KB"": 0, ""DB"": 0, ""SAMSUNG"": 0}"
everything,monte_carlo,all,0.0,59,SHINHAN|KAKAOPAY|HYUNDAI|MERITZ|KB|DB|SAMSUNG,True,True,True,0.0,0,1.0,1.0,"{""SHINHAN"": 0, ""KAKAOPAY"": 0, ""HYUNDAI"": 0, ""MERITZ"": 0, ""KB"": 0, ""DB"": 0, ""SAMSUNG"": 0}"
everything,monte_carlo,all,0.0,60,SHINHAN|KAKAOPAY|HYUNDAI|MERITZ|KB|DB|SAMSUNG,True,True,True,0.0,0,1.0,1.0,"{""SHINHAN"": 0, ""KAKAOPAY"": 0, ""HYUNDAI"": 0, ""MERITZ"": 0, ""KB"": 0, ""DB"": 0, ""SAMSUNG"": 0}"
everything,monte_carlo,all,0.0,61,SHINHAN|KAKAOPAY|HYUNDAI|MERITZ|KB|DB|SAMSUNG,True,True,True,0.0,0,1.0,1.0,"{""SHINHAN"": 0, ""KAKAOPAY"": 0, ""HYUNDAI"": 0, ""MERITZ"": 0, ""KB"": 0, ""DB"": 0, ""SAMSUNG"": 0}"
everything,monte_carlo,all,0.0,62,SHINHAN|KAKAOPAY|HYUNDAI|MERITZ|KB|DB|SAMSUNG,True,True,True,0.0,0,1.0,1.0,"{""SHINHAN"": 0, ""KAKAOPAY"": 0, ""HYUNDAI"": 0, ""MERITZ"": 0, ""KB"": 0, ""DB"": 0, ""SAMSUNG"": 0}"
everything,monte_carlo,all,0.0,63,SHINHAN|KAKAOPAY|HYUNDAI|MERITZ|KB|DB|SAMSUNG,True,True,True,0.0,0,1.0,1.0,"{""SHINHAN"": 0, ""KAKAOPAY"": 0, ""HYUNDAI"": 0, ""MERITZ"": 0, ""KB"": 0, ""DB"": 0, ""SAMSUNG"": 0}"
everything,monte_carlo,all,0.0,64,SHINHAN|KAKAOPAY|HYUNDAI|MERITZ|KB|DB|SAMSUNG,True,True,True,0.0,0,1.0,1.0,"{""SHINHAN"": 0, ""KAKAOPAY"": 0, ""HYUNDAI"": 0, ""MERITZ"": 0, ""KB"": 0, ""DB"": 0, ""SAMSUNG"": 0}"
everything,monte_carlo,all,0.0,65,SHINHAN|KAKAOPAY|HYUNDAI|MERITZ|KB|DB|SAMSUNG,True,True,True,0.0,0,1.0,1.0,"{""SHINHAN"": 0, ""KAKAOPAY"": 0, ""HYUNDAI"": 0, ""MERITZ"": 0, ""KB"": 0, ""DB"": 0, ""SAMSUNG"": 0}"
everything,monte_carlo,all,0.0,66,SHINHAN|KAKAOPAY|HYUNDAI|MERITZ|KB|DB|SAMSUNG,True,True,True,0.0,0,1.0,1.0,"{""SHINHAN"": 0, ""KAKAOPAY"": 0, ""HYUNDAI"": 0, ""MERITZ"": 0, ""KB"": 0, ""DB"": 0, ""SAMSUNG"": 0}"
everything,monte_carlo,all,0.0,67,SHINHAN|KAKAOPAY|HYUNDAI|MERITZ|KB|DB|SAMSUNG,True,True,True,0.0,0,1.0,1.0,"{""SHINHAN"": 0, ""KAKAOPAY"": 0, ""HYUNDAI"": 0, ""MERITZ"": 0, ""KB"": 0, ""DB"": 0, ""SAMSUNG"": 0}"
everything,monte_carlo,all,0.0,68,SHINHAN|KAKAOPAY|HYUNDAI|MERITZ|KB|DB|SAMSUNG,True,True,True,0.0,0,1.0,1.0,"{""SHINHAN"": 0, ""KAKAOPAY"": 0, ""HYUNDAI"": 0, ""MERITZ"": 0, ""KB"": 0, ""DB"": 0, ""SAMSUNG"": 0}"
everything,monte_carlo,all,0.0,69,SHINHAN|KAKAOPAY|HYUNDAI|MERITZ|KB|DB|SAMSUNG,True,True,True,0.0,0,1.0,1.0,"{""SHINHAN"": 0, ""KAKAOPAY"": 0, ""HYUNDAI"": 0, ""MERITZ"": 0, ""KB"": 0, ""DB"": 0, ""SAMSUNG"": 0}"
everything,monte_carlo,all,0.0,70,SHINHAN|KAKAOPAY|HYUNDAI|MERITZ|KB|DB|SAMSUNG,True,True,True,0.0,0,1.0,1.0,"{""SHINHAN"": 0, ""KAKAOPAY"": 0, ""HYUNDAI"": 0, ""MERITZ"": 0, ""KB"": 0, ""DB"": 0, ""SAMSUNG"": 0}"
everything,monte_carlo,all,0.0,71,SHINHAN|KAKAOPAY|HYUNDAI|MERITZ|KB|DB|SAMSUNG,True,True,True,0.0,0,1.0,1.0,"{""SHINHAN"": 0, ""KAKAOPAY"": 0, ""HYUNDAI"": 0, ""MERITZ"": 0, ""KB"": 0, ""DB"": 0, ""SAMSUNG"": 0}"
everything,monte_carlo,all,0.0,72,SHINHAN|KAKAOPAY|HYUNDAI|MERITZ|KB|DB|SAMSUNG,True,True,True,0.0,0,1.0,1.0,"{""SHINHAN"": 0, ""KAKAOPAY"": 0, ""HYUNDAI"": 0, ""MERITZ"": 0, ""KB"": 0, ""DB"": 0, ""SAMSUNG"": 0}"
everything,monte_carlo,all,0.0,73,SHINHAN|KAKAOPAY|HYUNDAI|MERITZ|KB|DB|SAMSUNG,True,True,True,0.0,0,1.0,1.0,"{""SHINHAN"": 0, ""KAKAOPAY"": 0, ""HYUNDAI"": 0, ""MERITZ"": 0, ""KB"": 0, ""DB"": 0, ""SAMSUNG"": 0}"
everything,monte_carlo,all,0.0,74,SHINHAN|KAKAOPAY|HYUNDAI|MERITZ|KB|DB|SAMSUNG,True,True,True,0.0,0,1.0,1.0,"{""SHINHAN"": 0, ""KAKAOPAY"": 0, ""HYUNDAI"": 0, ""MERITZ"": 0, ""KB"": 0, ""DB"": 0, ""SAMSUNG"": 0}"
everything,monte_carlo,all,0.0,75,SHINHAN|KAKAOPAY|HYUNDAI|MERITZ|KB|DB|SAMSUNG,True,True,True,0.0,0,1.0,1.0,"{""SHINHAN"": 0, ""KAKAOPAY"": 0, ""HYUNDAI"": 0, ""MERITZ"": 0, ""KB"": 0, ""DB"": 0, ""SAMSUNG"": 0}"
everything,monte_carlo,all,0.0,76,SHINHAN|KAKAOPAY|HYUNDAI|MERITZ|KB|DB|SAMSUNG,True,True,True,0.0,0,1.0,1.0,"{""SHINHAN"": 0, ""KAKAOPAY"": 0, ""HYUNDAI"": 0, ""MERITZ"": 0, ""KB"": 0, ""DB"": 0, ""SAMSUNG"": 0}"
everything,monte_carlo,all,0.0,77,SHINHAN|KAKAOPAY|HYUNDAI|MERITZ|KB|DB|SAMSUNG,True,True,True,0.0,0,1.0,1.0,"{""SHINHAN"": 0, ""KAKAOPAY"": 0, ""HYUNDAI"": 0, ""MERITZ"": 0, ""KB"": 0, ""DB"": 0, ""SAMSUNG"": 0}"
everything,monte_carlo,all,0.0,78,SHINHAN|KAKAOPAY|HYUNDAI|MERITZ|KB|DB|SAMSUNG,True,True,True,0.0,0,1.0,1.0,"{""SHINHAN"": 0, ""KAKAOPAY"": 0, ""HYUNDAI"": 0, ""MERITZ"": 0, ""KB"": 0, ""DB"": 0, ""SAMSUNG"": 0}"
everything,monte_carlo,all,0.0,79,SHINHAN|KAKAOPAY|HYUNDAI|MERITZ|KB|DB|SAMSUNG,True,True,True,0.0,0,1.0,1.0,"{""SHINHAN"": 0, ""KAKAOPAY"": 0, ""HYUNDAI"": 0, ""MERITZ"": 0, ""KB"": 0, ""DB"": 0, ""SAMSUNG"": 0}"
everything,monte_carlo,all,0.0,80,SHINHAN|KAKAOPAY|HYUNDAI|MERITZ|KB|DB|SAMSUNG,True,True,True,0.0,0,1.0,1.0,"{""SHINHAN"": 0, ""KAKAOPAY"": 0, ""HYUNDAI"": 0, ""MERITZ"": 0, ""KB"": 0, ""DB"": 0, ""SAMSUNG"": 0}"
everything,monte_carlo,all,0.0,81,SHINHAN|KAKAOPAY|HYUNDAI|MERITZ|KB|DB|SAMSUNG,True,True,True,0.0,0,1.0,1.0,"{""SHINHAN"": 0, ""KAKAOPAY"": 0, ""HYUNDAI"": 0, ""MERITZ"": 0, ""KB"": 0, ""DB"": 0, ""SAMSUNG"": 0}"
everything,monte_carlo,all,0.0,82,SHINHAN|KAKAOPAY|HYUNDAI|MERITZ|KB|DB|SAMSUNG,True,True,True,0.0,0,1.0,1.0,"{""SHINHAN"": 0, ""KAKAOPAY"": 0, ""HYUNDAI"": 0, ""MERITZ"": 0, ""KB"": 0, ""DB"": 0, ""SAMSUNG"": 0}"
everything,monte_carlo,all,0.0,83,SHINHAN|KAKAOPAY|HYUNDAI|MERITZ|KB|DB|SAMSUNG,True,True,True,0.0,0,1.0,1.0,"{""SHINHAN"": 0, ""KAKAOPAY"": 0, ""HYUNDAI"": 0, ""MERITZ"": 0, ""KB"": 0, ""DB"": 0, ""SAMSUNG"": 0}"
everything,monte_carlo,all,0.0,84,SHINHAN|KAKAOPAY|HYUNDAI|MERITZ|KB|DB|SAMSUNG,True,True,True,0.0,0,1.0,1.0,"{""SHINHAN"": 0, ""KAKAOPAY"": 0, ""HYUNDAI"": 0, ""MERITZ"": 0, ""KB"": 0, ""DB"": 0, ""SAMSUNG"": 0}"
everything,monte_carlo,all,0.0,85,SHINHAN|KAKAOPAY|HYUNDAI|MERITZ|KB|DB|SAMSUNG,True,True,True,0.0,0,1.0,1.0,"{""SHINHAN"": 0, ""KAKAOPAY"": 0, ""HYUNDAI"": 0, ""MERITZ"": 0, ""KB"": 0, ""DB"": 0, ""SAMSUNG"": 0}"
everything,monte_carlo,all,0.0,86,SHINHAN|KAKAOPAY|HYUNDAI|MERITZ|KB|DB|SAMSUNG,True,True,True,0.0,0,1.0,1.0,"{""SHINHAN"": 0, ""KAKAOPAY"": 0, ""HYUNDAI"": 0, ""MERITZ"": 0, ""KB"": 0, ""DB"": 0, ""SAMSUNG"": 0}"
everything,monte_carlo,all,0.0,87,SHINHAN|KAKAOPAY|HYUNDAI|MERITZ|KB|DB|SAMSUNG,True,True,True,0.0,0,1.0,1.0,"{""SHINHAN"": 0, ""KAKAOPAY"": 0, ""HYUNDAI"": 0, ""MERITZ"": 0, ""KB"": 0, ""DB"": 0, ""SAMSUNG"": 0}"
everything,monte_carlo,all,0.0,88,SHINHAN|KAKAOPAY|HYUNDAI|MERITZ|KB|DB|SAMSUNG,True,True,True,0.0,0,1.0,1.0,"{""SHINHAN"": 0, ""KAKAOPAY"": 0, ""HYUNDAI"": 0, ""MERITZ"": 0, ""KB"": 0, ""DB"": 0, ""SAMSUNG"": 0}"
everything,monte_carlo,all,0.0,89,SHINHAN|KAKAOPAY|HYUNDAI|MERITZ|KB|DB|SAMSUNG,True,True,True,0.0,0,1.0,1.0,"{""SHINHAN"": 0, ""KAKAOPAY"": 0, ""HYUNDAI"": 0, ""MERITZ"": 0, ""KB"": 0, ""DB"": 0, ""SAMSUNG"": 0}"
everything,monte_carlo,all,0.0,90,SHINHAN|KAKAOPAY|HYUNDAI|MERITZ|KB|DB|SAMSUNG,True,True,True,0.0,0,1.0,1.0,"{""SHINHAN"": 0, ""KAKAOPAY"": 0, ""HYUNDAI"": 0, ""MERITZ"": 0, ""KB"": 0, ""DB"": 0, ""SAMSUNG"": 0}"
everything,monte_carlo,all,0.0,91,SHINHAN|KAKAOPAY|HYUNDAI|MERITZ|KB|DB|SAMSUNG,True,True,True,0.0,0,1.0,1.0,"{""SHINHAN"": 0, ""KAKAOPAY"": 0, ""HYUNDAI"": 0, ""MERITZ"": 0, ""KB"": 0, ""DB"": 0, ""SAMSUNG"": 0}"
everything,monte_carlo,all,0.0,92,SHINHAN|KAKAOPAY|HYUNDAI|MERITZ|KB|DB|SAMSUNG,True,True,True,0.0,0,1.0,1.0,"{""SHINHAN"": 0, ""KAKAOPAY"": 0, ""HYUNDAI"": 0, ""MERITZ"": 0, ""KB"": 0, ""DB"": 0, ""SAMSUNG"": 0}"
everything,monte_carlo,all,0.0,93,SHINHAN|KAKAOPAY|HYUNDAI|MERITZ|KB|DB|SAMSUNG,True,True,True,0.0,0,1.0,1.0,"{""SHINHAN"": 0, ""KAKAOPAY"": 0, ""HYUNDAI"": 0, ""MERITZ"": 0, ""KB"": 0, ""DB"": 0, ""SAMSUNG"": 0}"
everything,monte_carlo,all,0.0,94,SHINHAN|KAKAOPAY|HYUNDAI|MERITZ|KB|DB|SAMSUNG,True,True,True,0.0,0,1.0,1.0,"{""SHINHAN"": 0, ""KAKAOPAY"": 0, ""HYUNDAI"": 0, ""MERITZ"": 0, ""KB"": 0, ""DB"": 0, ""SAMSUNG"": 0}"
everything,monte_carlo,all,0.0,95,SHINHAN|KAKAOPAY|HYUNDAI|MERITZ|KB|DB|SAMSUNG,True,True,True,0.0,0,1.0,1.0,"{""SHINHAN"": 0, ""KAKAOPAY"": 0, ""HYUNDAI"": 0, ""MERITZ"": 0, ""KB"": 0, ""DB"": 0, ""SAMSUNG"": 0}"
everything,monte_carlo,all,0.0,96,SHINHAN|KAKAOPAY|HYUNDAI|MERITZ|KB|DB|SAMSUNG,True,True,True,0.0,0,1.0,1.0,"{""SHINHAN"": 0, ""KAKAOPAY"": 0, ""HYUNDAI"": 0, ""MERITZ"": 0, ""KB"": 0, ""DB"": 0, ""SAMSUNG"": 0}"
everything,monte_carlo,all,0.0,97,SHINHAN|KAKAOPAY|HYUNDAI|MERITZ|KB|DB|SAMSUNG,True,True,True,0.0,0,1.0,1.0,"{""SHINHAN"": 0, ""KAKAOPAY"": 0, ""HYUNDAI"": 0, ""MERITZ"": 0, ""KB"": 0, ""DB"": 0, ""SAMSUNG"": 0}"
everything,monte_carlo,all,0.0,98,SHINHAN|KAKAOPAY|HYUNDAI|MERITZ|KB|DB|SAMSUNG,True,True,True,0.0,0,1.0,1.0,"{""SHINHAN"": 0, ""KAKAOPAY"": 0, ""HYUNDAI"": 0, ""MERITZ"": 0, ""KB"": 0, ""DB"": 0, ""SAMSUNG"": 0}"
everything,monte_carlo,all,0.0,99,SHINHAN|KAKAOPAY|HYUNDAI|MERITZ|KB|DB|SAMSUNG,True,True,True,0.0,0,1.0,1.0,"{""SHINHAN"": 0, ""KAKAOPAY"": 0, ""HYUNDAI"": 0, ""MERITZ"": 0, ""KB"": 0, ""DB"": 0, ""SAMSUNG"": 0}"
everything,monte_carlo,all,0.0,100,SHINHAN|KAKAOPAY|HYUNDAI|MERITZ|KB|DB|SAMSUNG,True,True,True,0.0,0,1.0,1.0,"{""SHINHAN"": 0, ""KAKAOPAY"": 0, ""HYUNDAI"": 0, ""MERITZ"": 0, ""KB"": 0, ""DB"": 0, ""SAMSUNG"": 0}"
everything,monte_carlo,all,0.0,101,SHINHAN|KAKAOPAY|HYUNDAI|MERITZ|KB|DB|SAMSUNG,True,True,True,0.0,0,1.0,1.0,"{""SHINHAN"": 0, ""KAKAOPAY"": 0, ""HYUNDAI"": 0, ""MERITZ"": 0, ""KB"": 0, ""DB"": 0, ""SAMSUNG"": 0}"
everything,monte_carlo,all,0.0,102,SHINHAN|KAKAOPAY|HYUNDAI|MERITZ|KB|DB|SAMSUNG,True,True,True,0.0,0,1.0,1.0,"{""SHINHAN"": 0, ""KAKAOPAY"": 0, ""HYUNDAI"": 0, ""MERITZ"": 0, ""KB"": 0, ""DB"": 0, ""SAMSUNG"": 0}"
everything,monte_carlo,all,0.0,103,SHINHAN|KAKAOPAY|HYUNDAI|MERITZ|KB|DB|SAMSUNG,True,True,True,0.0,0,1.0,1.0,"{""SHINHAN"": 0, ""KAKAOPAY"": 0, ""HYUNDAI"": 0, ""MERITZ"": 0, ""KB"": 0, ""DB"": 0, ""SAMSUNG"": 0}"
everything,monte_carlo,all,0.0,104,SHINHAN|KAKAOPAY|HYUNDAI|MERITZ|KB|DB|SAMSUNG,True,True,True,0.0,0,1.0,1.0,"{""SHINHAN"": 0, ""KAKAOPAY"": 0, ""HYUNDAI"": 0, ""MERITZ"": 0, ""KB"": 0, ""DB"": 0, ""SAMSUNG"": 0}"
everything,monte_carlo,all,0.0,105,SHINHAN|KAKAOPAY|HYUNDAI|MERITZ|KB|DB|SAMSUNG,True,True,True,0.0,0,1.0,1.0,"{""SHINHAN"": 0, ""KAKAOPAY"": 0, ""HYUNDAI"": 0, ""MERITZ"": 0, ""KB"": 0, ""DB"": 0, ""SAMSUNG"": 0}"
everything,monte_carlo,all,0.0,106,SHINHAN|KAKAOPAY|HYUNDAI|MERITZ|KB|DB|SAMSUNG,True,True,True,0.0,0,1.0,1.0,"{""SHINHAN"": 0, ""KAKAOPAY"": 0, ""HYUNDAI"": 0, ""MERITZ"": 0, ""KB"": 0, ""DB"": 0, ""SAMSUNG"": 0}"
everything,monte_carlo,all,0.0,107,SHINHAN|KAKAOPAY|HYUNDAI|MERITZ|KB|DB|SAMSUNG,True,True,True,0.0,0,1.0,1.0,"{""SHINHAN"": 0, ""KAKAOPAY"": 0, ""HYUNDAI"": 0, ""MERITZ"": 0, ""KB"": 0, ""DB"": 0, ""SAMSUNG"": 0}"
everything,monte_carlo,all,0.0,108,SHINHAN|KAKAOPAY|HYUNDAI|MERITZ|KB|DB|SAMSUNG,True,True,True,0.0,0,1.0,1.0,"{""SHINHAN"": 0, ""KAKAOPAY"": 0, ""HYUNDAI"": 0, ""MERITZ"": 0, ""KB"": 0, ""DB"": 0, ""SAMSUNG"": 0}"
everything,monte_carlo,all,0.0,109,SHINHAN|KAKAOPAY|HYUNDAI|MERITZ|KB|DB|SAMSUNG,True,True,True,0.0,0,1.0,1.0,"{""SHINHAN"": 0, ""KAKAOPAY"": 0, ""HYUNDAI"": 0, ""MERITZ"": 0, ""KB"": 0, ""DB"": 0, ""SAMSUNG"": 0}"
everything,monte_carlo,all,0.0,110,SHINHAN|KAKAOPAY|HYUNDAI|MERITZ|KB|DB|SAMSUNG,True,True,True,0.0,0,1.0,1.0,"{""SHINHAN"": 0, ""KAKAOPAY"": 0, ""HYUNDAI"": 0, ""MERITZ"": 0, ""KB"": 0, ""DB"": 0, ""SAMSUNG"": 0}"
everything,monte_carlo,all,0.0,111,SHINHAN|KAKAOPAY|HYUNDAI|MERITZ|KB|DB|SAMSUNG,True,True,True,0.0,0,1.0,1.0,"{""SHINHAN"": 0, ""KAKAOPAY"": 0, ""HYUNDAI"": 0, ""MERITZ"": 0, ""KB"": 0, ""DB"": 0, ""SAMSUNG"": 0}"
everything,monte_carlo,all,0.0,112,SHINHAN|KAKAOPAY|HYUNDAI|MERITZ|KB|DB|SAMSUNG,True,True,True,0.0,0,1.0,1.0,"{""SHINHAN"": 0, ""KAKAOPAY"": 0, ""HYUNDAI"": 0, ""MERITZ"": 0, ""KB"": 0, ""DB"": 0, ""SAMSUNG"": 0}"
everything,monte_carlo,all,0.0,113,SHINHAN|KAKAOPAY|HYUNDAI|MERITZ|KB|DB|SAMSUNG,True,True,True,0.0,0,1.0,1.0,"{""SHINHAN"": 0, ""KAKAOPAY"": 0, ""HYUNDAI"": 0, ""MERITZ"": 0, ""KB"": 0, ""DB"": 0, ""SAMSUNG"": 0}"
everything,monte_carlo,all,0.0,114,SHINHAN|KAKAOPAY|HYUNDAI|MERITZ|KB|DB|SAMSUNG,True,True,True,0.0,0,1.0,1.0,"{""SHINHAN"": 0, ""KAKAOPAY"": 0, ""HYUNDAI"": 0, ""MERITZ"": 0, ""KB"": 0, ""DB"": 0, ""SAMSUNG"": 0}"
everything,monte_carlo,all,0.0,115,SHINHAN|KAKAOPAY|HYUNDAI|MERITZ|KB|DB|SAMSUNG,True,True,True,0.0,0,1.0,1.0,"{""SHINHAN"": 0, ""KAKAOPAY"": 0, ""HYUNDAI"": 0, ""MERITZ"": 0, ""KB"": 0, ""DB"": 0, ""SAMSUNG"": 0}"
everything,monte_carlo,all,0.0,116,SHINHAN|KAKAOPAY|HYUNDAI|MERITZ|KB|DB|SAMSUNG,True,True,True,0.0,0,1.0,1.0,"{""SHINHAN"": 0, ""KAKAOPAY"": 0, ""HYUNDAI"": 0, ""MERITZ"": 0, ""KB"": 0, ""DB"": 0, ""SAMSUNG"": 0}"
everything,monte_carlo,all,0.0,117,SHINHAN|KAKAOPAY|HYUNDAI|MERITZ|KB|DB|SAMSUNG,True,True,True,0.0,0,1.0,1.0,"{""SHINHAN"": 0, ""KAKAOPAY"": 0, ""HYUNDAI"": 0, ""MERITZ"": 0, ""KB"": 0, ""DB"": 0, ""SAMSUNG"": 0}"
everything,monte_carlo,all,0.0,118,SHINHAN|KAKAOPAY|HYUNDAI|MERITZ|KB|DB|SAMSUNG,True,True,True,0.0,0,1.0,1.0,"{""SHINHAN"": 0, ""KAKAOPAY"": 0, ""HYUNDAI"": 0, ""MERITZ"": 0, ""KB"": 0, ""DB"": 0, ""SAMSUNG"": 0}"
everything,monte_carlo,all,0.0,119,SHINHAN|KAKAOPAY|HYUNDAI|MERITZ|KB|DB|SAMSUNG,True,True,True,0.0,0,1.0,1.0,"{""SHINHAN"": 0, ""KAKAOPAY"": 0, ""HYUNDAI"": 0, ""MERITZ"": 0, ""KB"": 0, ""DB"": 0, ""SAMSUNG"": 0}"
everything,monte_carlo,all,0.0,120,SHINHAN|KAKAOPAY|HYUNDAI|MERITZ|KB|DB|SAMSUNG,True,True,True,0.0,0,1.0,1.0,"{""SHINHAN"": 0, ""KAKAOPAY"": 0, ""HYUNDAI"": 0, ""MERITZ"": 0, ""KB"": 0, ""DB"": 0, ""SAMSUNG"": 0}"
everything,monte_carlo,all,0.0,121,SHINHAN|KAKAOPAY|HYUNDAI|MERITZ|KB|DB|SAMSUNG,True,True,True,0.0,0,1.0,1.0,"{""SHINHAN"": 0, ""KAKAOPAY"": 0, ""HYUNDAI"": 0, ""MERITZ"": 0, ""KB"": 0, ""DB"": 0, ""SAMSUNG"": 0}"
everything,monte_carlo,all,0.0,122,SHINHAN|KAKAOPAY|HYUNDAI|MERITZ|KB|DB|SAMSUNG,True,True,True,0.0,0,1.0,1.0,"{""SHINHAN"": 0, ""KAKAOPAY"": 0, ""HYUNDAI"": 0, ""MERITZ"": 0, ""KB"": 0, ""DB"": 0, ""SAMSUNG"": 0}"
everything,monte_carlo,all,0.0,123,SHINHAN|KAKAOPAY|HYUNDAI|MERITZ|KB|DB|SAMSUNG,True,True,True,0.0,0,1.0,1.0,"{""SHINHAN"": 0, ""KAKAOPAY"": 0, ""HYUNDAI"": 0, ""MERITZ"": 0, ""KB"": 0, ""DB"": 0, ""SAMSUNG"": 0}"
everything,monte_carlo,all,0.0,124,SHINHAN|KAKAOPAY|HYUNDAI|MERITZ|KB|DB|SAMSUNG,True,True,True,0.0,0,1.0,1.0,"{""SHINHAN"": 0, ""KAKAOPAY"": 0, ""HYUNDAI"": 0, ""MERITZ"": 0, ""KB"": 0, ""DB"": 0, ""SAMSUNG"": 0}"
everything,monte_carlo,all,0.0,125,SHINHAN|KAKAOPAY|HYUNDAI|MERITZ|KB|DB|SAMSUNG,True,True,True,0.0,0,1.0,1.0,"{""SHINHAN"": 0, ""KAKAOPAY"": 0, ""HYUNDAI"": 0, ""MERITZ"": 0, ""KB"": 0, ""DB"": 0, ""SAMSUNG"": 0}"
everything,monte_carlo,all,0.0,126,SHINHAN|KAKAOPAY|HYUNDAI|MERITZ|KB|DB|SAMSUNG,True,True,True,0.0,0,1.0,1.0,"{""SHINHAN"": 0, ""KAKAOPAY"": 0, ""HYUNDAI"": 0, ""MERITZ"": 0, ""KB"": 0, ""DB"": 0, ""SAMSUNG"": 0}"
everything,monte_carlo,all,0.0,127,SHINHAN|KAKAOPAY|HYUNDAI|MERITZ|KB|DB|SAMSUNG,True,True,True,0.0,0,1.0,1.0,"{""SHINHAN"": 0, ""KAKAOPAY"": 0, ""HYUNDAI"": 0, ""MERITZ"": 0, ""KB"": 0, ""DB"": 0, ""SAMSUNG"": 0}"
everything,monte_carlo,all,0.0,128,SHINHAN|KAKAOPAY|HYUNDAI|MERITZ|KB|DB|SAMSUNG,True,True,True,0.0,0,1.0,1.0,"{""SHINHAN"": 0, ""KAKAOPAY"": 0, ""HYUNDAI"": 0, ""MERITZ"": 0, ""KB"": 0, ""DB"": 0, ""SAMSUNG"": 0}"
everything,monte_carlo,all,0.0,129,SHINHAN|KAKAOPAY|HYUNDAI|MERITZ|KB|DB|SAMSUNG,True,True,True,0.0,0,1.0,1.0,"{""SHINHAN"": 0, ""KAKAOPAY"": 0, ""HYUNDAI"": 0, ""MERITZ"": 0, ""KB"": 0, ""DB"": 0, ""SAMSUNG"": 0}"
everything,monte_carlo,all,0.0,130,SHINHAN|KAKAOPAY|HYUNDAI|MERITZ|KB|DB|SAMSUNG,True,True,True,0.0,0,1.0,1.0,"{""SHINHAN"": 0, ""KAKAOPAY"": 0, ""HYUNDAI"": 0, ""MERITZ"": 0, ""KB"": 0, ""DB"": 0, ""SAMSUNG"": 0}"
everything,monte_carlo,all,0.0,131,SHINHAN|KAKAOPAY|HYUNDAI|MERITZ|KB|DB|SAMSUNG,True,True,True,0.0,0,1.0,1.0,"{""SHINHAN"": 0, ""KAKAOPAY"": 0, ""HYUNDAI"": 0, ""MERITZ"": 0, ""KB"": 0, ""DB"": 0, ""SAMSUNG"": 0}"
everything,monte_carlo,all,0.0,132,SHINHAN|KAKAOPAY|HYUNDAI|MERITZ|KB|DB|SAMSUNG,True,True,True,0.0,0,1.0,1.0,"{""SHINHAN"": 0, ""KAKAOPAY"": 0, ""HYUNDAI"": 0, ""MERITZ"": 0, ""KB"": 0, ""DB"": 0, ""SAMSUNG"": 0}"
everything,monte_carlo,all,0.0,133,SHINHAN|KAKAOPAY|HYUNDAI|MERITZ|KB|DB|SAMSUNG,True,True,True,0.0,0,1.0,1.0,"{""SHINHAN"": 0, ""KAKAOPAY"": 0, ""HYUNDAI"": 0, ""MERITZ"": 0, ""KB"": 0, ""DB"": 0, ""SAMSUNG"": 0}"
everything,monte_carlo,all,0.0,134,SHINHAN|KAKAOPAY|HYUNDAI|MERITZ|KB|DB|SAMSUNG,True,True,True,0.0,0,1.0,1.0,"{""SHINHAN"": 0, ""KAKAOPAY"": 0, ""HYUNDAI"": 0, ""MERITZ"": 0, ""KB"": 0, ""DB"": 0, ""SAMSUNG"": 0}"
everything,monte_carlo,all,0.0,135,SHINHAN|KAKAOPAY|HYUNDAI|MERITZ|KB|DB|SAMSUNG,True,True,True,0.0,0,1.0,1.0,"{""SHINHAN"": 0, ""KAKAOPAY"": 0, ""HYUNDAI"": 0, ""MERITZ"": 0, ""KB"": 0, ""DB"": 0, ""SAMSUNG"": 0}"
everything,monte_carlo,all,0.0,136,SHINHAN|KAKAOPAY|HYUNDAI|MERITZ|KB|DB|SAMSUNG,True,True,True,0.0,0,1.0,1.0,"{""SHINHAN"": 0, ""KAKAOPAY"": 0, ""HYUNDAI"": 0, ""MERITZ"": 0, ""KB"": 0, ""DB"": 0, ""SAMSUNG"": 0}"
everything,monte_carlo,all,0.0,137,SHINHAN|KAKAOPAY|HYUNDAI|MERITZ|KB|DB|SAMSUNG,True,True,True,0.0,0,1.0,1.0,"{""SHINHAN"": 0, ""KAKAOPAY"": 0, ""HYUNDAI"": 0, ""MERITZ"": 0, ""KB"": 0, ""DB"": 0, ""SAMSUNG"": 0}"
everything,monte_carlo,all,0.0,138,SHINHAN|KAKAOPAY|HYUNDAI|MERITZ|KB|DB|SAMSUNG,True,True,True,0.0,0,1.0,1.0,"{""SHINHAN"": 0, ""KAKAOPAY"": 0, ""HYUNDAI"": 0, ""MERITZ"": 0, ""KB"": 0, ""DB"": 0, ""SAMSUNG"": 0}"
everything,monte_carlo,all,0.0,139,SHINHAN|KAKAOPAY|HYUNDAI|MERITZ|KB|DB|SAMSUNG,True,True,True,0.0,0,1.0,1.0,"{""SHINHAN"": 0, ""KAKAOPAY"": 0, ""HYUNDAI"": 0, ""MERITZ"": 0, ""KB"": 0, ""DB"": 0, ""SAMSUNG"": 0}"
everything,monte_carlo,all,0.0,140,SHINHAN|KAKAOPAY|HYUNDAI|MERITZ|KB|DB|SAMSUNG,True,True,True,0.0,0,1.0,1.0,"{""SHINHAN"": 0, ""KAKAOPAY"": 0, ""HYUNDAI"": 0, ""MERITZ"": 0, ""KB"": 0, ""DB"": 0, ""SAMSUNG"": 0}"
everything,monte_carlo,all,0.0,141,SHINHAN|KAKAOPAY|HYUNDAI|MERITZ|KB|DB|SAMSUNG,True,True,True,0.0,0,1.0,1.0,"{""SHINHAN"": 0, ""KAKAOPAY"": 0, ""HYUNDAI"": 0, ""MERITZ"": 0, ""KB"": 0, ""DB"": 0, ""SAMSUNG"": 0}"
everything,monte_carlo,all,0.0,142,SHINHAN|KAKAOPAY|HYUNDAI|MERITZ|KB|DB|SAMSUNG,True,True,True,0.0,0,1.0,1.0,"{""SHINHAN"": 0, ""KAKAOPAY"": 0, ""HYUNDAI"": 0, ""MERITZ"": 0, ""KB"": 0, ""DB"": 0, ""SAMSUNG"": 0}"
everything,monte_carlo,all,0.0,143,SHINHAN|KAKAOPAY|HYUNDAI|MERITZ|KB|DB|SAMSUNG,True,True,True,0.0,0,1.0,1.0,"{""SHINHAN"": 0, ""KAKAOPAY"": 0, ""HYUNDAI"": 0, ""MERITZ"": 0, ""KB"": 0, ""DB"": 0, ""SAMSUNG"": 0}"
everything,monte_carlo,all,0.0,144,SHINHAN|KAKAOPAY|HYUNDAI|MERITZ|KB|DB|SAMSUNG,True,True,True,0.0,0,1.0,1.0,"{""SHINHAN"": 0, ""KAKAOPAY"": 0, ""HYUNDAI"": 0, ""MERITZ"": 0, ""KB"": 0, ""DB"": 0, ""SAMSUNG"": 0}"
everything,monte_carlo,all,0.0,145,SHINHAN|KAKAOPAY|HYUNDAI|MERITZ|KB|DB|SAMSUNG,True,True,True,0.0,0,1.0,1.0,"{""SHINHAN"": 0, ""KAKAOPAY"": 0, ""HYUNDAI"": 0, ""MERITZ"": 0, ""KB"": 0, ""DB"": 0, ""SAMSUNG"": 0}"
everything,monte_carlo,all,0.0,146,SHINHAN|KAKAOPAY|HYUNDAI|MERITZ|KB|DB|SAMSUNG,True,True,True,0.0,0,1.0,1.0,"{""SHINHAN"": 0, ""KAKAOPAY"": 0, ""HYUNDAI"": 0, ""MERITZ"": 0, ""KB"": 0, ""DB"": 0, ""SAMSUNG"": 0}"
everything,monte_carlo,all,0.0,147,SHINHAN|KAKAOPAY|HYUNDAI|MERITZ|KB|DB|SAMSUNG,True,True,True,0.0,0,1.0,1.0,"{""SHINHAN"": 0, ""KAKAOPAY"": 0, ""HYUNDAI"": 0, ""MERITZ"": 0, ""KB"": 0, ""DB"": 0, ""SAMSUNG"": 0}"
everything,monte_carlo,all,0.0,148,SHINHAN|KAKAOPAY|HYUNDAI|MERITZ|KB|DB|SAMSUNG,True,True,True,0.0,0,1.0,1.0,"{""SHINHAN"": 0, ""KAKAOPAY"": 0, ""HYUNDAI"": 0, ""MERITZ"": 0, ""KB"": 0, ""DB"": 0, ""SAMSUNG"": 0}"
everything,monte_carlo,all,0.0,149,SHINHAN|KAKAOPAY|HYUNDAI|MERITZ|KB|DB|SAMSUNG,True,True,True,0.0,0,1.0,1.0,"{""SHINHAN"": 0, ""KAKAOPAY"": 0, ""HYUNDAI"": 0, ""MERITZ"": 0, ""KB"": 0, ""DB"": 0, ""SAMSUNG"": 0}"
everything,monte_carlo,all,0.0,150,SHINHAN|KAKAOPAY|HYUNDAI|MERITZ|KB|DB|SAMSUNG,True,True,True,0.0,0,1.0,1.0,"{""SHINHAN"": 0, ""KAKAOPAY"": 0, ""HYUNDAI"": 0, ""MERITZ"": 0, ""KB"": 0, ""DB"": 0, ""SAMSUNG"": 0}"
everything,monte_carlo,all,0.0,151,SHINHAN|KAKAOPAY|HYUNDAI|MERITZ|KB|DB|SAMSUNG,True,True,True,0.0,0,1.0,1.0,"{""SHINHAN"": 0, ""KAKAOPAY"": 0, ""HYUNDAI"": 0, ""MERITZ"": 0, ""KB"": 0, ""DB"": 0, ""SAMSUNG"": 0}"
everything,monte_carlo,all,0.0,152,SHINHAN|KAKAOPAY|HYUNDAI|MERITZ|KB|DB|SAMSUNG,True,True,True,0.0,0,1.0,1.0,"{""SHINHAN"": 0, ""KAKAOPAY"": 0, ""HYUNDAI"": 0, ""MERITZ"": 0, ""KB"": 0, ""DB"": 0, ""SAMSUNG"": 0}"
everything,monte_carlo,all,0.0,153,SHINHAN|KAKAOPAY|HYUNDAI|MERITZ|KB|DB|SAMSUNG,True,True,True,0.0,0,1.0,1.0,"{""SHINHAN"": 0, ""KAKAOPAY"": 0, ""HYUNDAI"": 0, ""MERITZ"": 0, ""KB"": 0, ""DB"": 0, ""SAMSUNG"": 0}"
everything,monte_carlo,all,0.0,154,SHINHAN|KAKAOPAY|HYUNDAI|MERITZ|KB|DB|SAMSUNG,True,True,True,0.0,0,1.0,1.0,"{""SHINHAN"": 0, ""KAKAOPAY"": 0, ""HYUNDAI"": 0, ""MERITZ"": 0, ""KB"": 0, ""DB"": 0, ""SAMSUNG"": 0}"
everything,monte_carlo,all,0.0,155,SHINHAN|KAKAOPAY|HYUNDAI|MERITZ|KB|DB|SAMSUNG,True,True,True,0.0,0,1.0,1.0,"{""SHINHAN"": 0, ""KAKAOPAY"": 0, ""HYUNDAI"": 0, ""MERITZ"": 0, ""KB"": 0, ""DB"": 0, ""SAMSUNG"": 0}"
everything,monte_carlo,all,0.0,156,SHINHAN|KAKAOPAY|HYUNDAI|MERITZ|KB|DB|SAMSUNG,True,True,True,0.0,0,1.0,1.0,"{""SHINHAN"": 0, ""KAKAOPAY"": 0, ""HYUNDAI"": 0, ""MERITZ"": 0, ""KB"": 0, ""DB"": 0, ""SAMSUNG"": 0}"
everything,monte_carlo,all,0.0,157,SHINHAN|KAKAOPAY|HYUNDAI|MERITZ|KB|DB|SAMSUNG,True,True,True,0.0,0,1.0,1.0,"{""SHINHAN"": 0, ""KAKAOPAY"": 0, ""HYUNDAI"": 0, ""MERITZ"": 0, ""KB"": 0, ""DB"": 0, ""SAMSUNG"": 0}"
everything,monte_carlo,all,0.0,158,SHINHAN|KAKAOPAY|HYUNDAI|MERITZ|KB|DB|SAMSUNG,True,True,True,0.0,0,1.0,1.0,"{""SHINHAN"": 0, ""KAKAOPAY"": 0, ""HYUNDAI"": 0, ""MERITZ"": 0, ""KB"": 0, ""DB"": 0, ""SAMSUNG"": 0}"
everything,monte_carlo,all,0.0,159,SHINHAN|KAKAOPAY|HYUNDAI|MERITZ|KB|DB|SAMSUNG,True,True,True,0.0,0,1.0,1.0,"{""SHINHAN"": 0, ""KAKAOPAY"": 0, ""HYUNDAI"": 0, ""MERITZ"": 0, ""KB"": 0, ""DB"": 0, ""SAMSUNG"": 0}"
everything,monte_carlo,all,0.0,160,SHINHAN|KAKAOPAY|HYUNDAI|MERITZ|KB|DB|SAMSUNG,True,True,True,0.0,0,1.0,1.0,"{""SHINHAN"": 0, ""KAKAOPAY"": 0, ""HYUNDAI"": 0, ""MERITZ"": 0, ""KB"": 0, ""DB"": 0, ""SAMSUNG"": 0}"
everything,monte_carlo,all,0.0,161,SHINHAN|KAKAOPAY|HYUNDAI|MERITZ|KB|DB|SAMSUNG,True,True,True,0.0,0,1.0,1.0,"{""SHINHAN"": 0, ""KAKAOPAY"": 0, ""HYUNDAI"": 0, ""MERITZ"": 0, ""KB"": 0, ""DB"": 0, ""SAMSUNG"": 0}"
everything,monte_carlo,all,0.0,162,SHINHAN|KAKAOPAY|HYUNDAI|MERITZ|KB|DB|SAMSUNG,True,True,True,0.0,0,1.0,1.0,"{""SHINHAN"": 0, ""KAKAOPAY"": 0, ""HYUNDAI"": 0, ""MERITZ"": 0, ""KB"": 0, ""DB"": 0, ""SAMSUNG"": 0}"
everything,monte_carlo,all,0.0,163,SHINHAN|KAKAOPAY|HYUNDAI|MERITZ|KB|DB|SAMSUNG,True,True,True,0.0,0,1.0,1.0,"{""SHINHAN"": 0, ""KAKAOPAY"": 0, ""HYUNDAI"": 0, ""MERITZ"": 0, ""KB"": 0, ""DB"": 0, ""SAMSUNG"": 0}"
everything,monte_carlo,all,0.0,164,SHINHAN|KAKAOPAY|HYUNDAI|MERITZ|KB|DB|SAMSUNG,True,True,True,0.0,0,1.0,1.0,"{""SHINHAN"": 0, ""KAKAOPAY"": 0, ""HYUNDAI"": 0, ""MERITZ"": 0, ""KB"": 0, ""DB"": 0, ""SAMSUNG"": 0}"
everything,monte_carlo,all,0.0,165,SHINHAN|KAKAOPAY|HYUNDAI|MERITZ|KB|DB|SAMSUNG,True,True,True,0.0,0,1.0,1.0,"{""SHINHAN"": 0, ""KAKAOPAY"": 0, ""HYUNDAI"": 0, ""MERITZ"": 0, ""KB"": 0, ""DB"": 0, ""SAMSUNG"": 0}"
everything,monte_carlo,all,0.0,166,SHINHAN|KAKAOPAY|HYUNDAI|MERITZ|KB|DB|SAMSUNG,True,True,True,0.0,0,1.0,1.0,"{""SHINHAN"": 0, ""KAKAOPAY"": 0, ""HYUNDAI"": 0, ""MERITZ"": 0, ""KB"": 0, ""DB"": 0, ""SAMSUNG"": 0}"
everything,monte_carlo,all,0.0,167,SHINHAN|KAKAOPAY|HYUNDAI|MERITZ|KB|DB|SAMSUNG,True,True,True,0.0,0,1.0,1.0,"{""SHINHAN"": 0, ""KAKAOPAY"": 0, ""HYUNDAI"": 0, ""MERITZ"": 0, ""KB"": 0, ""DB"": 0, ""SAMSUNG"": 0}"
everything,monte_carlo,all,0.0,168,SHINHAN|KAKAOPAY|HYUNDAI|MERITZ|KB|DB|SAMSUNG,True,True,True,0.0,0,1.0,1.0,"{""SHINHAN"": 0, ""KAKAOPAY"": 0, ""HYUNDAI"": 0, ""MERITZ"": 0, ""KB"": 0, ""DB"": 0, ""SAMSUNG"": 0}"
everything,monte_carlo,all,0.0,169,SHINHAN|KAKAOPAY|HYUNDAI|MERITZ|KB|DB|SAMSUNG,True,True,True,0.0,0,1.0,1.0,"{""SHINHAN"": 0, ""KAKAOPAY"": 0, ""HYUNDAI"": 0, ""MERITZ"": 0, ""KB"": 0, ""DB"": 0, ""SAMSUNG"": 0}"
everything,monte_carlo,all,0.0,170,SHINHAN|KAKAOPAY|HYUNDAI|MERITZ|KB|DB|SAMSUNG,True,True,True,0.0,0,1.0,1.0,"{""SHINHAN"": 0, ""KAKAOPAY"": 0, ""HYUNDAI"": 0, ""MERITZ"": 0, ""KB"": 0, ""DB"": 0, ""SAMSUNG"": 0}"
everything,monte_carlo,all,0.0,171,SHINHAN|KAKAOPAY|HYUNDAI|MERITZ|KB|DB|SAMSUNG,True,True,True,0.0,0,1.0,1.0,"{""SHINHAN"": 0, ""KAKAOPAY"": 0, ""HYUNDAI"": 0, ""MERITZ"": 0, ""KB"": 0, ""DB"": 0, ""SAMSUNG"": 0}"
everything,monte_carlo,all,0.0,172,SHINHAN|KAKAOPAY|HYUNDAI|MERITZ|KB|DB|SAMSUNG,True,True,True,0.0,0,1.0,1.0,"{""SHINHAN"": 0, ""KAKAOPAY"": 0, ""HYUNDAI"": 0, ""MERITZ"": 0, ""KB"": 0, ""DB"": 0, ""SAMSUNG"": 0}"
everything,monte_carlo,all,0.0,173,SHINHAN|KAKAOPAY|HYUNDAI|MERITZ|KB|DB|SAMSUNG,True,True,True,0.0,0,1.0,1.0,"{""SHINHAN"": 0, ""KAKAOPAY"": 0, ""HYUNDAI"": 0, ""MERITZ"": 0, ""KB"": 0, ""DB"": 0, ""SAMSUNG"": 0}"
everything,monte_carlo,all,0.0,174,SHINHAN|KAKAOPAY|HYUNDAI|MERITZ|KB|DB|SAMSUNG,True,True,True,0.0,0,1.0,1.0,"{""SHINHAN"": 0, ""KAKAOPAY"": 0, ""HYUNDAI"": 0, ""MERITZ"": 0, ""KB"": 0, ""DB"": 0, ""SAMSUNG"": 0}"
everything,monte_carlo,all,0.0,175,SHINHAN|KAKAOPAY|HYUNDAI|MERITZ|KB|DB|SAMSUNG,True,True,True,0.0,0,1.0,1.0,"{""SHINHAN"": 0, ""KAKAOPAY"": 0, ""HYUNDAI"": 0, ""MERITZ"": 0, ""KB"": 0, ""DB"": 0, ""SAMSUNG"": 0}"
everything,monte_carlo,all,0.0,176,SHINHAN|KAKAOPAY|HYUNDAI|MERITZ|KB|DB|SAMSUNG,True,True,True,0.0,0,1.0,1.0,"{""SHINHAN"": 0, ""KAKAOPAY"": 0, ""HYUNDAI"": 0, ""MERITZ"": 0, ""KB"": 0, ""DB"": 0, ""SAMSUNG"": 0}"
everything,monte_carlo,all,0.0,177,SHINHAN|KAKAOPAY|HYUNDAI|MERITZ|KB|DB|SAMSUNG,True,True,True,0.0,0,1.0,1.0,"{""SHINHAN"": 0, ""KAKAOPAY"": 0, ""HYUNDAI"": 0, ""MERITZ"": 0, ""KB"": 0, ""DB"": 0, ""SAMSUNG"": 0}"
everything,monte_carlo,all,0.0,178,SHINHAN|KAKAOPAY|HYUNDAI|MERITZ|KB|DB|SAMSUNG,True,True,True,0.0,0,1.0,1.0,"{""SHINHAN"": 0, ""KAKAOPAY"": 0, ""HYUNDAI"": 0, ""MERITZ"": 0, ""KB"": 0, ""DB"": 0, ""SAMSUNG"": 0}"
everything,monte_carlo,all,0.0,179,SHINHAN|KAKAOPAY|HYUNDAI|MERITZ|KB|DB|SAMSUNG,True,True,True,0.0,0,1.0,1.0,"{""SHINHAN"": 0, ""KAKAOPAY"": 0, ""HYUNDAI"": 0, ""MERITZ"": 0, ""KB"": 0, ""DB"": 0, ""SAMSUNG"": 0}"
everything,monte_carlo,all,0.0,180,SHINHAN|KAKAOPAY|HYUNDAI|MERITZ|KB|DB|SAMSUNG,True,True,True,0.0,0,1.0,1.0,"{""SHINHAN"": 0, ""KAKAOPAY"": 0, ""HYUNDAI"": 0, ""MERITZ"": 0, ""KB"": 0, ""DB"": 0, ""SAMSUNG"": 0}"
everything,monte_carlo,all,0.0,181,SHINHAN|KAKAOPAY|HYUNDAI|MERITZ|KB|DB|SAMSUNG,True,True,True,0.0,0,1.0,1.0,"{""SHINHAN"": 0, ""KAKAOPAY"": 0, ""HYUNDAI"": 0, ""MERITZ"": 0, ""KB"": 0, ""DB"": 0, ""SAMSUNG"": 0}"
everything,monte_carlo,all,0.0,182,SHINHAN|KAKAOPAY|HYUNDAI|MERITZ|KB|DB|SAMSUNG,True,True,True,0.0,0,1.0,1.0,"{""SHINHAN"": 0, ""KAKAOPAY"": 0, ""HYUNDAI"": 0, ""MERITZ"": 0, ""KB"": 0, ""DB"": 0, ""SAMSUNG"": 0}"
everything,monte_carlo,all,0.0,183,SHINHAN|KAKAOPAY|HYUNDAI|MERITZ|KB|DB|SAMSUNG,True,True,True,0.0,0,1.0,1.0,"{""SHINHAN"": 0, ""KAKAOPAY"": 0, ""HYUNDAI"": 0, ""MERITZ"": 0, ""KB"": 0, ""DB"": 0, ""SAMSUNG"": 0}"
everything,monte_carlo,all,0.0,184,SHINHAN|KAKAOPAY|HYUNDAI|MERITZ|KB|DB|SAMSUNG,True,True,True,0.0,0,1.0,1.0,"{""SHINHAN"": 0, ""KAKAOPAY"": 0, ""HYUNDAI"": 0, ""MERITZ"": 0, ""KB"": 0, ""DB"": 0, ""SAMSUNG"": 0}"
everything,monte_carlo,all,0.0,185,SHINHAN|KAKAOPAY|HYUNDAI|MERITZ|KB|DB|SAMSUNG,True,True,True,0.0,0,1.0,1.0,"{""SHINHAN"": 0, ""KAKAOPAY"": 0, ""HYUNDAI"": 0, ""MERITZ"": 0, ""KB"": 0, ""DB"": 0, ""SAMSUNG"": 0}"
everything,monte_carlo,all,0.0,186,SHINHAN|KAKAOPAY|HYUNDAI|MERITZ|KB|DB|SAMSUNG,True,True,True,0.0,0,1.0,1.0,"{""SHINHAN"": 0, ""KAKAOPAY"": 0, ""HYUNDAI"": 0, ""MERITZ"": 0, ""KB"": 0, ""DB"": 0, ""SAMSUNG"": 0}"
everything,monte_carlo,all,0.0,187,SHINHAN|KAKAOPAY|HYUNDAI|MERITZ|KB|DB|SAMSUNG,True,True,True,0.0,0,1.0,1.0,"{""SHINHAN"": 0, ""KAKAOPAY"": 0, ""HYUNDAI"": 0, ""MERITZ"": 0, ""KB"": 0, ""DB"": 0, ""SAMSUNG"": 0}"
everything,monte_carlo,all,0.0,188,SHINHAN|KAKAOPAY|HYUNDAI|MERITZ|KB|DB|SAMSUNG,True,True,True,0.0,0,1.0,1.0,"{""SHINHAN"": 0, ""KAKAOPAY"": 0, ""HYUNDAI"": 0, ""MERITZ"": 0, ""KB"": 0, ""DB"": 0, ""SAMSUNG"": 0}"
everything,monte_carlo,all,0.0,189,SHINHAN|KAKAOPAY|HYUNDAI|MERITZ|KB|DB|SAMSUNG,True,True,True,0.0,0,1.0,1.0,"{""SHINHAN"": 0, ""KAKAOPAY"": 0, ""HYUNDAI"": 0, ""MERITZ"": 0, ""KB"": 0, ""DB"": 0, ""SAMSUNG"": 0}"
everything,monte_carlo,all,0.0,190,SHINHAN|KAKAOPAY|HYUNDAI|MERITZ|KB|DB|SAMSUNG,True,True,True,0.0,0,1.0,1.0,"{""SHINHAN"": 0, ""KAKAOPAY"": 0, ""HYUNDAI"": 0, ""MERITZ"": 0, ""KB"": 0, ""DB"": 0, ""SAMSUNG"": 0}"
everything,monte_carlo,all,0.0,191,SHINHAN|KAKAOPAY|HYUNDAI|MERITZ|KB|DB|SAMSUNG,True,True,True,0.0,0,1.0,1.0,"{""SHINHAN"": 0, ""KAKAOPAY"": 0, ""HYUNDAI"": 0, ""MERITZ"": 0, ""KB"": 0, ""DB"": 0, ""SAMSUNG"": 0}"
everything,monte_carlo,all,0.0,192,SHINHAN|KAKAOPAY|HYUNDAI|MERITZ|KB|DB|SAMSUNG,True,True,True,0.0,0,1.0,1.0,"{""SHINHAN"": 0, ""KAKAOPAY"": 0, ""HYUNDAI"": 0, ""MERITZ"": 0, ""KB"": 0, ""DB"": 0, ""SAMSUNG"": 0}"
everything,monte_carlo,all,0.0,193,SHINHAN|KAKAOPAY|HYUNDAI|MERITZ|KB|DB|SAMSUNG,True,True,True,0.0,0,1.0,1.0,"{""SHINHAN"": 0, ""KAKAOPAY"": 0, ""HYUNDAI"": 0, ""MERITZ"": 0, ""KB"": 0, ""DB"": 0, ""SAMSUNG"": 0}"
everything,monte_carlo,all,0.0,194,SHINHAN|KAKAOPAY|HYUNDAI|MERITZ|KB|DB|SAMSUNG,True,True,True,0.0,0,1.0,1.0,"{""SHINHAN"": 0, ""KAKAOPAY"": 0, ""HYUNDAI"": 0, ""MERITZ"": 0, ""KB"": 0, ""DB"": 0, ""SAMSUNG"": 0}"
everything,monte_carlo,all,0.0,195,SHINHAN|KAKAOPAY|HYUNDAI|MERITZ|KB|DB|SAMSUNG,True,True,True,0.0,0,1.0,1.0,"{""SHINHAN"": 0, ""KAKAOPAY"": 0, ""HYUNDAI"": 0, ""MERITZ"": 0, ""KB"": 0, ""DB"": 0, ""SAMSUNG"": 0}"
everything,monte_carlo,all,0.0,196,SHINHAN|KAKAOPAY|HYUNDAI|MERITZ|KB|DB|SAMSUNG,True,True,True,0.0,0,1.0,1.0,"{""SHINHAN"": 0, ""KAKAOPAY"": 0, ""HYUNDAI"": 0, ""MERITZ"": 0, ""KB"": 0, ""DB"": 0, ""SAMSUNG"": 0}"
everything,monte_carlo,all,0.0,197,SHINHAN|KAKAOPAY|HYUNDAI|MERITZ|KB|DB|SAMSUNG,True,True,True,0.0,0,1.0,1.0,"{""SHINHAN"": 0, ""KAKAOPAY"": 0, ""HYUNDAI"": 0, ""MERITZ"": 0, ""KB"": 0, ""DB"": 0, ""SAMSUNG"": 0}"
everything,monte_carlo,all,0.0,198,SHINHAN|KAKAOPAY|HYUNDAI|MERITZ|KB|DB|SAMSUNG,True,True,True,0.0,0,1.0,1.0,"{""SHINHAN"": 0, ""KAKAOPAY"": 0, ""HYUNDAI"": 0, ""MERITZ"": 0, ""KB"": 0, ""DB"": 0, ""SAMSUNG"": 0}"
everything,monte_carlo,all,0.0,199,SHINHAN|KAKAOPAY|HYUNDAI|MERITZ|KB|DB|SAMSUNG,True,True,True,0.0,0,1.0,1.0,"{""SHINHAN"": 0, ""KAKAOPAY"": 0, ""HYUNDAI"": 0, ""MERITZ"": 0, ""KB"": 0, ""DB"": 0, ""SAMSUNG"": 0}"
